2G Site ID,Region,Latitude,Longitude,Final DG,Guarded/Unguarded
S-7614,South III,29.90445,66.96164,DG,Guarded
N-4299,North II,33.93735,71.47526,DG,Guarded
N-5947,Central II,32.229,69.6723,Non DG,Un Guarded
N-5315,Central II,32.512132,69.818216,Non DG,Un Guarded
7774,Central I,32.52985,74.543,DG,Guarded
N-5187,Central II,32.31246,69.54207,Non DG,Un Guarded
N-5312,North II,33.14088,70.36513,Non DG,Un Guarded
4220,Central II,31.27262,72.31908,DG,Un Guarded
2660,North I,32.85749,72.56949,Non DG,Un Guarded
N-5198,North II,32.97657,69.95501,Non DG,Un Guarded
4930,Central II,31.67338,73.29007,DG,Guarded
3452,Central I,32.48028,74.35949,Non DG,Un Guarded
3420,Central I,32.50701,74.55106,DG,Guarded
6523,South I,25.04725,66.88934,DG,Guarded
N-5570,North II,34.15664,71.2537,Non DG,Un Guarded
8751,North I,34.45217,73.49479,DG,Guarded
3752,Central I,32.38327,74.42286,DG,Guarded
1001,South I,24.848027778,67.0055,DG,Un Guarded
2684,North I,33.67472,72.6962,Non DG,Un Guarded
5785,Central III,30.44204,70.72951,Non DG,Un Guarded
4558,Central II,30.74527,73.81767,DG,Guarded
CI-1557,Central I,31.552,74.3132,Non DG,Un Guarded
N-4008,North II,32.88069,70.68264,DG,Guarded
6512,South III,30.16893,66.98367,DG,Guarded
8083,North I,33.56207,73.06808,Non DG,Un Guarded
S-7207,South III,25.2906,61.86172,Non DG,Un Guarded
9812,South II,25.37598,68.39459,DG,Guarded
3459,Central I,32.48091,74.36475,DG,Guarded
7945,Central I,32.53468,73.63232,Non DG,Guarded
6266,South I,24.8295,67.1296,Non DG,Un Guarded
1738,South II,24.48408,68.98548,Non DG,Un Guarded
S-7206,South III,25.261838,62.029534,Non DG,Un Guarded
2616,North I,32.76062,72.72647,Non DG,Un Guarded
5064,Central III,30.18005,72.22042,Non DG,Guarded
1813,South III,29.35595,64.69918,DG,Un Guarded
S-3390,South III,30.17392,66.95291,Non DG,Guarded
5121,Central III,30.46273,72.35763,Non DG,Un Guarded
HKHIBSC01,South I,24.8652797269,67.0646306679,Non DG,Un Guarded
9524,South I,24.87325,67.36665,DG,Guarded
7709,Central I,32.28273,74.71744,Non DG,Guarded
5865,Central III,30.06548,70.63714,Non DG,Un Guarded
N-4448,North II,32.97026,70.62715,Non DG,Un Guarded
9960,South II,26.66033,67.37482,DG,Un Guarded
7706,Central I,32.22561,74.91907,DG,Guarded
7401,Central I,31.26154,74.1457,Non DG,Un Guarded
CI-1402,Central I,31.54366,74.29527,Non DG,Un Guarded
4474,Central III,29.68317,71.85943,DG,Guarded
6061,South I,24.96903,67.07324,Non DG,Un Guarded
9546,South I,24.830279,66.970546,Non DG,Un Guarded
S-7181,South III,25.6875,66.465,Non DG,Un Guarded
N-5580,North II,33.78001,71.38374,Non DG,Un Guarded
N-4951,North II,34.03081,71.54263,DG,Guarded
9279,South I,24.84141,67.13151,Non DG,Guarded
4978,Central III,30.0348,70.6299,Non DG,Un Guarded
N-5573,North II,33.89889,71.16982,Non DG,Un Guarded
2944,North II,33.84213,71.87138,DG,Guarded
N-5586,North II,33.902,71.25023,Non DG,Un Guarded
3390,Central I,32.59631,74.0743,DG,Guarded
S-7220,South III,25.71765,66.60598,Non DG,Un Guarded
S-7201,South III,25.315112,63.021419,Non DG,Un Guarded
CII-2698,Central III,30.01222,70.71071,DG,Guarded
3302,Central I,32.17674,74.18344,Non DG,Guarded
S-7219,South III,25.46545,66.67754,Non DG,Un Guarded
S-7218,South III,25.33064,66.67937,Non DG,Un Guarded
N-5606,North II,33.8476,71.2361,Non DG,Un Guarded
CII-2796,Central III,29.99146,70.65134,Non DG,Un Guarded
N-5106,North II,34.5035,71.2823,Non DG,Un Guarded
N-5589,North II,33.59035,71.10535,Non DG,Un Guarded
N-5612,North II,33.6228,71.6811,Non DG,Un Guarded
1888,South I,24.82561,67.07081,Non DG,Un Guarded
S-7188,South III,25.30756,64.51444,Non DG,Un Guarded
S-7187,South III,25.30115,64.65507,Non DG,Un Guarded
1089,South I,24.852194444,67.034722222,DG,Guarded
6557,South I,24.91344,67.06174,Non DG,Un Guarded
S-7127,South III,30.17021,66.99055,Non DG,Un Guarded
S-3808,South III,30.18109,69.97534,DG,Guarded
S-7216,South I,25.067631,66.836995,Non DG,Un Guarded
N-4952,North II,34.18616,71.58495,DG,Guarded
S-7210,South III,25.507918,66.08157,Non DG,Un Guarded
4512,Central II,30.82067,73.45094,Non DG,Un Guarded
S-7203,South III,25.587302,66.147831,Non DG,Un Guarded
N-5562,North II,33.98603,71.15767,Non DG,Un Guarded
9953,South II,26.46357,67.7781,DG,Guarded
N-5630,North II,33.99339,71.21419,Non DG,Un Guarded
S-7217,South I,25.13897,66.77288,Non DG,Un Guarded
9868,South I,24.84319,66.81337,Non DG,Un Guarded
N-5631,North II,34.20403,71.23179,Non DG,Un Guarded
1068,South I,24.913694444,66.972277778,DG,Guarded
N-5587,North II,33.88697,71.3007,Non DG,Un Guarded
N-5165,North II,34.22734,71.3357,Non DG,Un Guarded
4296,Central III,30.57016,70.93953,DG,Guarded
N-5609,North II,33.66323,71.51391,Non DG,Un Guarded
N-5190,Central II,32.37685,69.47873,Non DG,Un Guarded
3743,Central I,31.84235,74.26672,DG,Guarded
CI-1169,Central I,32.03884,74.14328,Non DG,Un Guarded
LHR_ZTE DWDM NE-309-310,Central I,31.51768904,74.34859344,Non DG,Un Guarded
LHR_HUAWEI OPTIX OSN-7500 NE-1007,Central I,31.51768904,74.34859344,Non DG,Un Guarded
LHR_ZTE DWDM NE-301-308,Central I,31.51768904,74.34859344,Non DG,Un Guarded
N-5184,Central II,32.25689,69.45528,Non DG,Un Guarded
LHR_NE-40 X3 A1/A2,Central I,31.51768904,74.34859344,Non DG,Un Guarded
N-5117,Central II,32.3222,69.48591,Non DG,Un Guarded
LHR_PE NE 40 X8 B1/B2,Central I,31.51768904,74.34859344,Non DG,Un Guarded
3114,Central I,31.65064,74.275,Non DG,Un Guarded
N-5178,North II,33.74496,70.8274,Non DG,Un Guarded
5376,Central II,31.2699,73.01395,DG,Guarded
CI-1647,Central I,31.38967,74.32446,Non DG,Guarded
N-5581,North II,33.6784,71.651,Non DG,Un Guarded
LHR_HUAWEI OPTIX  NE 8089,Central I,31.51768904,74.34859344,Non DG,Un Guarded
LHR_NE 40 X-16 B1/B2,Central I,31.51768904,74.34859344,Non DG,Un Guarded
CI-1693,Central I,32.13974,74.21008,Non DG,Un Guarded
N-5608,North II,33.64215,71.49864,Non DG,Un Guarded
LHR_HUAWEI OPTIX OSN-3500 NE 10-917,Central I,31.51768904,74.34859344,Non DG,Un Guarded
1207,South II,27.717780556,68.84361111,DG,Guarded
N-5112,North II,33.75046,70.9645,Non DG,Un Guarded
LHR S9312 B1/B2,Central I,31.51768904,74.34859344,Non DG,Un Guarded
N-5111,North II,33.73043,70.87027,Non DG,Un Guarded
7635,Central I,31.19605,74.32183,DG,Un Guarded
7530,Central I,31.58139,74.31368,Non DG,Un Guarded
LHR_S9303 B1/B2,Central I,31.51768904,74.34859344,Non DG,Un Guarded
N-5572,North II,33.89457,70.98199,Non DG,Un Guarded
N-5171,North II,33.67417,71.0199,Non DG,Un Guarded
LHR-IUB S9306 B3/B4,Central I,31.51768904,74.34859344,Non DG,Un Guarded
LHR_HUAWEI OPTIX OSN-3501 NE 2-3008,Central I,31.51768904,74.34859344,Non DG,Un Guarded
9141,South I,24.96505,67.05475,DG,Un Guarded
LHR_RNC S9303 B1/B2,Central I,31.51768904,74.34859344,Non DG,Un Guarded
LHR_NE 40 X8 B1/B2,Central I,31.51768904,74.34859344,Non DG,Un Guarded
3297,Central I,31.46243,74.34963,Non DG,Un Guarded
LHR_IUB S9303 B1/B2,Central I,31.51768904,74.34859344,Non DG,Un Guarded
6042,South I,24.87893,67.16061,Non DG,Un Guarded
LHR_HUAWEI OPTIX OSN-7500 NE-1025,Central I,31.51768904,74.34859344,Non DG,Un Guarded
6152,South I,24.92373,67.13675,Non DG,Un Guarded
2038,North I,33.61317,73.06617,DG,Guarded
1505,Central III,28.41335,70.30718,DG,Guarded
8669,North II,34.00226,71.56626,Non DG,Un Guarded
3723,Central I,32.45962,74.18166,Non DG,Un Guarded
2308,North II,33.59971,71.4413,DG,Guarded
1155,South I,24.74468,67.92568,DG,Guarded
3929,Central I,32.14976,74.20064,Non DG,Un Guarded
CII-2163,Central II,30.55867,72.52877,DG,Guarded
5407,Central II,31.98509,73.01976,DG,Guarded
4792,Central II,30.73189,72.64578,Non DG,Un Guarded
9034,South I,24.85903,67.01796,DG,Guarded
7082,Central I,31.54121,74.31399,Non DG,Guarded
KHIRNC01,South I,24.8652797269,67.0646306679,Non DG,Un Guarded
6626,North I,33.57849,73.97994,DG,Guarded
9233,South I,24.95583,67.072032,DG,Un Guarded
9951,South II,28.13802,69.08545,DG,Un Guarded
3014,Central I,31.46234,74.29225,DG,Guarded
8378,North I,33.66505,73.04173,Non DG,Un Guarded
CII-2187,Central II,31.25569,73.44616,DG,Guarded
7174,Central I,31.47225,74.23928,DG,Guarded
8968,North I,33.36879,73.65963,DG,Guarded
3009,Central I,31.58795,74.34211,DG,Un Guarded
1926,South I,25.04269,67.45457,Non DG,Un Guarded
N-4279,North II,34.48565,72.46666,Non DG,Un Guarded
5126,Central II,31.84678,70.8986,DG,Guarded
5144,Central III,29.448154,70.488622,DG,Guarded
2799,North I,34.61302,73.12202,DG,Guarded
S-3339,South I,24.82237,67.06099,Non DG,Un Guarded
N-4469,North II,34.01905,72.07986,Non DG,Un Guarded
7182,Central I,31.35306,74.12429,DG,Guarded
4100,Central III,30.19251,71.51833,DG,Guarded
4972,Central III,30.03445,70.62667,DG,Guarded
2362,North II,34.2009,71.53115,DG,Guarded
3621,Central I,32.80942,73.87359,DG,Guarded
4039,Central II,31.39655,73.09225,DG,Guarded
N-4764,North II,32.84845,70.61292,DG,Guarded
2305,North II,33.52374,71.55827,DG,Guarded
3240,Central I,31.58133,74.3122,Non DG,Un Guarded
5786,Central III,30.07339,71.19445,Non DG,Un Guarded
5415,Central II,32.35049,72.61694,Non DG,Un Guarded
9236,South I,24.85824,67.40137,DG,Guarded
9252,South I,24.95039,67.1065,Non DG,Un Guarded
3705,North I,32.90644,73.75294,DG,Guarded
9214,South I,24.90854,67.05047,DG,Un Guarded
3292,Central I,31.46214,74.30984,Non DG,Un Guarded
6140,South II,25.12927,68.54633,DG,Guarded
S-3792,South III,27.85603,63.67203,DG,Guarded
5179,Central II,32.67445,71.85202,DG,Guarded
6515,South III,30.16704,67.00662,Non DG,Un Guarded
2847,North II,34.31703,72.51244,Non DG,Un Guarded
6216,South I,24.7796,67.05466,Non DG,Un Guarded
3G-CII-3380,Central III,28.40616,70.27647,Non DG,Un Guarded
CII-2573,Central II,31.64652,71.0715,Non DG,Un Guarded
2392,North II,34.77318,72.35693,DG,Guarded
5616,Central II,32.09658,72.70489,Non DG,Un Guarded
N-4916,North I,33.23938,71.86393,Non DG,Un Guarded
S-7865,South III,25.73944,67.32983,DG,Guarded
S-3920,South III,25.611406,66.746884,DG,Guarded
N-5230,North I,33.55757,73.15183,Non DG,Un Guarded
N-5247,North I,33.64663,73.03653,Non DG,Un Guarded
CI-1931,Central I,32.56983,74.06029,Non DG,Un Guarded
N-5840,North I,33.66414,72.91329,Non DG,Un Guarded
9428,South I,24.88242,67.09185,Non DG,Un Guarded
2459,North II,34.12195,71.61282,DG,Guarded
2280,North I,32.93887,72.27027,DG,Guarded
4776,Central II,31.74829,72.93107,DG,Guarded
S-7316,South I,25.03809,67.14921,Non DG,Un Guarded
6367,South I,24.84245,67.11717,Non DG,Un Guarded
2054,North I,33.68029,73.03332,DG,Guarded
8232,North I,33.58019,73.01606,DG,Guarded
S-3543,South III,30.92959,67.99913,DG,Guarded
4338,Central II,32.42597,71.46734,DG,Guarded
CI-1125,Central I,31.29632,74.208,Non DG,Un Guarded
S-3442,South I,24.96712,67.14491,Non DG,Un Guarded
N-4016,North I,33.65411,73.09178,Non DG,Un Guarded
5314,Central II,30.49162,73.23678,DG,Guarded
CI-1937,Central I,31.40419,74.36321,Non DG,Un Guarded
CI-1105,Central I,31.44856,74.38763,Non DG,Un Guarded
1343,South II,25.12697,68.54005,Non DG,Un Guarded
5480,Central III,30.009639,73.089417,Non DG,Un Guarded
6294,South II,25.4432,68.29342,Non DG,Un Guarded
3935,Central I,32.155289,74.191528,Non DG,Un Guarded
8767,North I,33.88228,73.76427,DG,Guarded
8668,North II,33.99462,71.45157,DG,Guarded
CI-1346,Central I,32.63765,74.51359,Non DG,Un Guarded
9809,South II,25.38809,68.37627,DG,Guarded
6502,South I,24.73951,67.89358,Non DG,Un Guarded
7539,Central I,31.58439,74.3229,Non DG,Un Guarded
6598,South II,27.56177,68.22012,Non DG,Un Guarded
N-4768,North II,32.85415,70.68353,DG,Guarded
3G-CI-4127,Central I,31.4621,74.2683,Non DG,Un Guarded
2723,North I,33.90656,73.39353,DG,Guarded
4836,Central III,29.04458,70.33521,Non DG,Un Guarded
8787,North I,33.82755,73.6645,DG,Guarded
9580,South I,24.82741,67.0505,Non DG,Un Guarded
4368,Central II,32.32849,71.91074,Non DG,Un Guarded
CII-2226,Central III,29.227028,72.420611,Non DG,Un Guarded
9424,South I,24.86769,67.04752,DG,Guarded
N-4885,North II,33.97523,71.58236,Non DG,Un Guarded
CII-2849,Central II,32.07788,70.49081,Non DG,Un Guarded
4820,Central II,30.61787,72.89463,Non DG,Un Guarded
3024,Central I,31.51878,74.29128,DG,Un Guarded
4090,Central II,31.44429,73.14325,DG,Guarded
2132,North II,33.9901,71.46744,DG,Guarded
2560,North I,33.64722,73.51919,DG,Guarded
1355,South III,30.68778,66.71213,DG,Guarded
3G-CI-1550,Central I,31.260562,74.148326,Non DG,Un Guarded
5625,Central II,31.90359,72.87193,Non DG,Un Guarded
6100,South II,27.69291,68.8649,Non DG,Un Guarded
2049,North I,33.60313,73.00545,DG,Guarded
4608,Central III,29.38566,71.68815,DG,Guarded
N-4021,North II,33.01067,70.53875,DG,Guarded
CII-2702,Central III,30.18246,71.42648,DG,Un Guarded
5318,Central III,29.3943,71.727,Non DG,Un Guarded
3318,Central I,32.17985,74.19262,DG,Guarded
9128,South I,24.90685,67.11981,Non DG,Guarded
9589,South I,24.86467,67.02359,Non DG,Un Guarded
8472,North II,34.14301,72.07819,DG,Guarded
2247,North I,33.02735,73.60563,Non DG,Un Guarded
1044,South I,24.915388889,67.027083333,Non DG,Un Guarded
N-4814,North II,35.23019,71.86151,Non DG,Un Guarded
8653,North II,34.11328,72.69072,DG,Guarded
3430,Central I,32.5067,74.50449,DG,Guarded
8511,North II,34.167664,72.031446,Non DG,Un Guarded
CI-1095,Central I,31.97364,74.21763,DG,Un Guarded
8349,North II,33.99664,71.53684,Non DG,Un Guarded
2769,North I,35.11246,73.00522,DG,Guarded
1182,South II,24.66857,68.83253,DG,Guarded
1523,Central III,28.31038,70.12904,Non DG,Un Guarded
5152,Central II,31.85718,70.913,DG,Guarded
1576,South II,27.58933,67.99787,Non DG,Un Guarded
4509,Central II,30.82659,73.74066,Non DG,Un Guarded
7459,Central I,31.55197,74.33865,Non DG,Un Guarded
7091,Central I,31.51297,74.29501,Non DG,Guarded
6386,South I,24.82612,67.21962,DG,Guarded
9173,South I,24.89681,67.17154,Non DG,Guarded
4709,Central II,32.09201,72.66356,DG,Un Guarded
S-3560,South III,30.68817,68.10876,DG,Guarded
2662,Central II,32.12159,70.15367,DG,Un Guarded
1209,South II,27.73511,68.81904,DG,Guarded
6613,North II,33.1266,71.27148,DG,Guarded
S-4126,South I,24.915615,67.07287,Non DG,Un Guarded
9483,South I,24.8444,67.21776,Non DG,Un Guarded
1178,South II,28.242976,68.772092,DG,Guarded
1776,South II,25.116721,70.246258,DG,Guarded
8897,North I,33.48502,73.89057,DG,Guarded
CII-2040,Central II,32.10528,72.66641,Non DG,Un Guarded
1836,South III,28.91547,64.4163,DG,Guarded
4455,Central III,29.23933,71.06002,DG,Un Guarded
7177,Central I,31.51991,74.25907,DG,Guarded
2569,North I,32.98498,73.83846,DG,Guarded
7930,Central I,32.70418,73.88214,DG,Guarded
CII-2023,Central III,30.21277,71.51076,Non DG,Guarded
9412,South I,24.95273,67.07757,DG,Guarded
1392,South III,30.17337,67.00403,DG,Guarded
S-3150,South I,24.8632,67.28227,DG,Guarded
6288,South II,25.3911,68.3336,Non DG,Un Guarded
7449,Central I,31.563949,74.318013,Non DG,Un Guarded
5226,Central III,29.67521,73.18116,DG,Guarded
2058,North I,33.60379,73.07173,DG,Un Guarded
1553,South II,26.03916,68.95744,DG,Guarded
3267,Central I,32.07766,74.20152,Non DG,Un Guarded
1527,South II,26.57287,67.971,DG,Guarded
2217,North I,33.01206,73.74809,DG,Guarded
1128,South II,25.43258,68.28054,DG,Guarded
2287,North I,32.60635,73.14938,DG,Un Guarded
8096,North I,33.74772,73.18315,Non DG,Guarded
6695,North II,34.00557,71.79166,Non DG,Un Guarded
9258,South I,24.87903,67.0878,Non DG,Un Guarded
3477,Central I,32.34264,74.35367,DG,Guarded
2766,North I,33.14748,73.74875,Non DG,Un Guarded
8005,North I,33.58232,73.06971,DG,Guarded
9813,South II,25.3794,68.3665,Non DG,Un Guarded
S-3389,South III,30.18251,67.00846,Non DG,Un Guarded
8606,North I,33.94459,72.42306,Non DG,Un Guarded
N-5408,North II,33.9722,71.4162,Non DG,Un Guarded
5287,Central III,30.29416,72.86458,DG,Guarded
1968,South II,27.28828,67.94704,DG,Guarded
N-4113,North I,33.79009,72.71965,Non DG,Un Guarded
3182,Central I,31.59994,74.37306,Non DG,Un Guarded
CII-2657,Central III,30.12701,72.68676,Non DG,Un Guarded
9011,South I,24.89472,67.07162,DG,Guarded
9935,South II,25.93681,68.72501,Non DG,Guarded
S-3630,South III,29.13024,66.46358,DG,Guarded
7346,Central I,31.4248,74.35347,Non DG,Un Guarded
2813,North I,33.93424,72.85755,DG,Guarded
2103,North II,33.97944,71.44583,Non DG,Un Guarded
8686,North II,33.86485,71.7689,Non DG,Un Guarded
5320,Central III,29.41325,71.67444,Non DG,Un Guarded
S-3249,South III,30.57786,67.01837,Non DG,Guarded
9380,South I,24.94938,67.04117,DG,Guarded
6667,North I,32.94082,73.73167,DG,Guarded
UKTR34,South III,28.06248,66.18616,DG,Guarded
2129,North II,33.91729,71.45924,DG,Guarded
N-4139,North II,34.24391,71.5014,Non DG,Un Guarded
9434,South I,24.92947,67.03767,Non DG,Un Guarded
4791,Central II,30.85415,72.55389,DG,Un Guarded
6262,South I,24.9705,67.05552,Non DG,Un Guarded
N-5526,North II,33.8926,71.48955,Non DG,Un Guarded
N-5087,North II,33.88192,71.645,Non DG,Un Guarded
7044,Central I,31.44574,74.27722,DG,Guarded
S-3136,South III,26.01369,63.0129,Non DG,Un Guarded
N-5486,North II,34.0387079,71.612107,Non DG,Un Guarded
N-5088,North II,33.94289,71.55078,Non DG,Un Guarded
N-4003,North II,32.90366,70.53491,DG,Guarded
6389,South I,24.91342,67.06981,Non DG,Un Guarded
6082,South I,24.9055,67.12136,Non DG,Un Guarded
9407,South I,24.82148,67.1347,Non DG,Guarded
3G-S-4468,South I,24.83642,67.105672,Non DG,Un Guarded
2265,North I,33.62307,73.04316,Non DG,Un Guarded
N-5328,North I,33.6406,73.09399,Non DG,Un Guarded
N-5246,North I,33.5475033,73.00286,Non DG,Un Guarded
S-7044,South II,27.85176,67.91915,DG,Guarded
N-4547,North I,33.74137,72.80511,Non DG,Un Guarded
CII-2143,Central III,28.51214,70.24514,DG,Un Guarded
3369,Central I,31.97363,74.22795,DG,Guarded
N-5367,North II,33.9499,71.53728,Non DG,Un Guarded
9096,South I,24.87329,66.97403,Non DG,Un Guarded
6398,South I,24.82933,67.15161,Non DG,Un Guarded
3G-CI-4866,Central I,32.51094,74.49979,Non DG,Un Guarded
4888,Central III,29.64508,70.59278,Non DG,Un Guarded
4741,Central II,31.06898,73.08101,DG,Guarded
7122,Central I,31.44619,74.31059,Non DG,Guarded
5749,Central III,30.04004,71.82565,DG,Guarded
3632,Central I,32.6068,73.96223,DG,Guarded
8864,North I,33.55576,73.11797,Non DG,Un Guarded
HKNWBSC02,Central III,30.303232,71.921766,DG,Un Guarded
1665,South II,27.60419,68.78764,DG,Guarded
5334,Central III,30.13145,73.60013,DG,Guarded
8655,North II,34.04647,71.89965,Non DG,Un Guarded
7830,Central I,32.53052,74.27431,DG,Guarded
6007,South I,24.88278,67.13128,Non DG,Un Guarded
N-4125,North I,33.57926,72.22252,DG,Guarded
4256,Central III,30.57571,72.03656,Non DG,Un Guarded
2825,North I,33.78465,72.73052,DG,Un Guarded
7886,Central I,32.87769,74.0429,Non DG,Un Guarded
1504,Central III,28.41311,70.29361,DG,Un Guarded
2565,North I,32.727779,72.88891,DG,Guarded
6719,North I,32.92421,72.39086,DG,Guarded
8917,North I,34.44926,73.55493,DG,Guarded
9315,South I,24.90969,66.98028,Non DG,Guarded
8256,North I,33.61038,72.9892,Non DG,Un Guarded
5549,Central II,30.61452,73.76328,DG,Guarded
5843,Central III,30.1994721,71.4792944,Non DG,Un Guarded
S-3176,South III,27.8185,66.62077,DG,Guarded
6603,North II,32.98032,70.60619,DG,Guarded
N-4898,North II,34.75763,72.38555,Non DG,Un Guarded
2740,North I,33.964017,73.463556,DG,Guarded
CI-1081,Central I,32.11881,74.19245,Non DG,Un Guarded
3388,Central I,31.52281,74.278,Non DG,Un Guarded
9303,South I,24.88558,67.06192,Non DG,Un Guarded
2965,North II,34.18658,71.91076,DG,Guarded
S-3199,South II,25.51935,69.00872,DG,Guarded
3310,Central I,32.09286,74.18513,DG,Un Guarded
5613,Central II,32.078,72.669,Non DG,Un Guarded
8388,North I,33.73227,73.08698,Non DG,Un Guarded
5565,Central I,30.9818,74.26949,DG,Un Guarded
2175,North II,33.98348,71.54786,Non DG,Guarded
4867,Central III,29.14463,71.2505,Non DG,Un Guarded
3604,Central I,32.59362,74.08002,Non DG,Un Guarded
CI-1187,Central I,32.23011,74.31037,Non DG,Un Guarded
8475,North I,33.77674,72.32611,DG,Guarded
CII-2653,Central III,29.81897,72.14925,Non DG,Guarded
7434,Central I,31.50972,74.34207,Non DG,Un Guarded
CI-1660,Central I,31.45691,74.3169,Non DG,Un Guarded
8426,North I,33.68165,72.98623,Non DG,Un Guarded
S-7539,South III,30.232,68.5994,DG,Guarded
7314,Central I,31.42831,74.30276,Non DG,Un Guarded
N-4372,North II,33.97013,71.62399,Non DG,Un Guarded
N-4111,North II,32.97607,70.63859,Non DG,Un Guarded
N-5761,North II,33.36536,70.55585,Non DG,Un Guarded
N-4325,North II,34.13439,72.02314,Non DG,Un Guarded
N-4582,North II,33.72778,71.55129,Non DG,Un Guarded
N-4367,North II,33.9608,71.576,Non DG,Un Guarded
S-7492,South III,30.501,69.0419,DG,Guarded
N-4786,North II,34.34389,71.6463,Non DG,Un Guarded
N-5549,North II,33.92241,71.05862,Non DG,Un Guarded
N-4834,North II,34.08973,71.38757,Non DG,Un Guarded
N-4297,North II,33.87345,71.4054,Non DG,Un Guarded
N-4573,North II,33.00969,70.87893,Non DG,Un Guarded
7296,Central I,31.4811,74.3871,Non DG,Un Guarded
9917,South II,25.35644,69.72958,Non DG,Un Guarded
3374,Central I,32.0142,74.21944,DG,Guarded
2603,North I,33.07487,72.5954,DG,Un Guarded
7680,Central I,31.4907,73.99286,DG,Guarded
2633,North I,34.5913,73.3529,Non DG,Guarded
N-4360,North II,34.06615,71.63398,Non DG,Un Guarded
N-4669,North II,34.17892,72.02652,Non DG,Un Guarded
N-4570,North II,32.96326,70.92959,Non DG,Un Guarded
N-4316,North II,33.90228,71.38093,Non DG,Un Guarded
N-4686,North II,34.04807,71.54506,Non DG,Un Guarded
N-4306,North II,33.9138,71.4128,Non DG,Un Guarded
5602,Central III,30.55207,72.12923,DG,Guarded
N-4341,North II,33.945847,72.220613,Non DG,Un Guarded
N-4332,North II,34.04372,71.72226,Non DG,Un Guarded
N-4259,North II,34.32278,71.7007,Non DG,Un Guarded
3187,Central I,31.54998,74.31821,Non DG,Un Guarded
3444,Central I,32.34329,74.9068,DG,Guarded
N-4749,North II,34.06215,71.52248,Non DG,Un Guarded
N-4392,North II,34.14962,72.44248,Non DG,Un Guarded
N-4886,North II,34.0383,71.58149,Non DG,Un Guarded
N-4581,North II,32.98262,71.05791,Non DG,Un Guarded
N-4319,North II,33.48437,71.44843,Non DG,Un Guarded
N-4261,North II,34.14992,71.72509,Non DG,Un Guarded
N-4241,North II,33.09421,70.77348,Non DG,Un Guarded
S-4046,South III,31.25524,69.94195,Non DG,Guarded
S-4006,South III,31.68923,69.76902,Non DG,Guarded
S-4020,South III,30.84037,69.75059,DG,Guarded
S-4054,South III,30.176481,67.851682,Non DG,Guarded
S-4018,South III,30.86565,70.13578,Non DG,Guarded
N-4389,North II,33.97113,71.68119,Non DG,Un Guarded
N-4692,North II,33.88105,71.56251,Non DG,Un Guarded
S-4870,South I,24.83707,67.033885,Non DG,Un Guarded
N-4688,North II,34.04922,71.56435,Non DG,Un Guarded
N-4262,North II,34.15657,71.77593,Non DG,Un Guarded
N-4387,North II,33.96666,71.65004,Non DG,Un Guarded
N-4772,North II,33.83549,71.53557,Non DG,Un Guarded
N-4685,North II,34.09004,71.52619,Non DG,Un Guarded
N-4803,North II,34.4467,71.57184,Non DG,Un Guarded
S-3936,South III,30.65435,67.98092,Non DG,Guarded
S-4021,South III,30.8781,69.9431,Non DG,Guarded
1237,South II,28.05731,67.98114,DG,Guarded
S-7428,South III,30.366,68.89401,Non DG,Guarded
N-4263,North II,34.3889,71.75289,Non DG,Un Guarded
N-4888,North II,34.04314,71.59079,Non DG,Un Guarded
N-3848,North I,33.70836,73.015292,Non DG,Un Guarded
N-4268,North II,34.35049,71.72249,Non DG,Un Guarded
3456,Central I,32.49976,74.55826,DG,Un Guarded
7712,Central I,32.2659,74.32339,DG,Guarded
N-4698,North II,34.23441,72.04375,Non DG,Un Guarded
BSC Bahawalnagar,Central III,29.9997127,73.2578294,DG,Un Guarded
N-3877,North I,33.709293,73.016005,Non DG,Un Guarded
S-3844,South II,25.35985,68.34315,Non DG,Un Guarded
N-4415,North I,34.41197,73.23275,Non DG,Un Guarded
3033,Central I,31.48992,74.26264,DG,Guarded
3618,Central I,32.5763,74.09439,DG,Un Guarded
7609,Central I,31.43517,74.36052,Non DG,Un Guarded
3010,Central I,31.57865,74.37079,DG,Un Guarded
7317,Central I,31.4257,74.2522,Non DG,Un Guarded
S-3887,South III,25.939038,66.691484,DG,Guarded
7899,Central I,32.79903,73.79882,DG,Guarded
CII-2665,Central II,32.08394,72.68756,DG,Un Guarded
S-3725,South III,27.54371,66.37907,DG,Guarded
CI-1099,Central I,31.11309,74.43992,Non DG,Un Guarded
9125,South I,24.88669,67.03323,DG,Guarded
7252,Central I,31.59632,74.3799,Non DG,Un Guarded
CI-1148,Central I,32.43106,73.57396,DG,Guarded
4571,Central III,30.16102,72.68909,DG,Un Guarded
9898,South II,24.58706,70.67753,DG,Guarded
CII-2267,Central III,29.64053,70.59903,Non DG,Un Guarded
2858,North I,34.41734,73.31482,Non DG,Un Guarded
9561,South I,24.84295,67.06422,Non DG,Un Guarded
7756,Central I,32.46199,74.51697,DG,Un Guarded
8453,North I,33.74939,73.16469,Non DG,Un Guarded
8874,North II,34.01258,71.61085,Non DG,Un Guarded
7360,Central I,31.58217,74.31848,Non DG,Un Guarded
3049,Central I,31.55413,74.29149,DG,Guarded
2210,North I,32.9119,73.68409,DG,Guarded
4491,Central III,30.96871,70.93474,DG,Guarded
N-4351,North I,33.63612,72.93853,Non DG,Guarded
5123,Central II,31.81136,70.90161,Non DG,Un Guarded
6937,Central III,31.22214,70.94687,Non DG,Un Guarded
4905,Central III,31.08329,71.20829,DG,Un Guarded
S-3433,South I,24.87311,67.12855,Non DG,Un Guarded
5513,Central II,30.6552,72.95431,Non DG,Un Guarded
N-4788,North I,32.70934,72.66327,DG,Guarded
6977,South II,25.52033,69.02061,Non DG,Un Guarded
2080,North I,33.64338,73.08435,DG,Guarded
2982,North II,34.50195,72.52207,DG,Un Guarded
UAZR02,South III,31.21952,68.05937,DG,Guarded
N-4770,North II,32.9541,70.68249,DG,Guarded
8573,North II,32.92567,70.64933,DG,Guarded
3532,Central I,32.19111,74.40491,DG,Guarded
7482,Central I,32.49627,74.53761,Non DG,Un Guarded
5618,Central II,32.06667,72.63966,Non DG,Un Guarded
4410,Central III,30.3263,72.94361,DG,Un Guarded
2656,North I,32.84281,72.87752,DG,Guarded
3008,Central I,31.59624,74.30723,DG,Un Guarded
4251,Central II,31.0038,71.9697,Non DG,Un Guarded
9897,South II,25.60107,69.99682,DG,Guarded
3592,Central I,31.64215,74.18841,DG,Un Guarded
8333,North I,33.67247,73.0525,Non DG,Un Guarded
9739,South II,27.84546,69.4148,Non DG,Un Guarded
S-3294,South I,24.848602,67.338994,Non DG,Un Guarded
6685,North II,34.00478,71.9279,DG,Guarded
6458,South I,24.87643,66.99355,Non DG,Un Guarded
4045,Central II,31.38922,73.07515,DG,Un Guarded
CII-2309,Central III,29.88467,71.29471,Non DG,Un Guarded
N-4373,North I,33.14859,73.76438,Non DG,Un Guarded
S-3122,South I,24.98233,66.99061,Non DG,Guarded
3628,Central I,32.70248,73.96358,Non DG,Un Guarded
2325,North II,32.9896,70.59885,DG,Guarded
1575,South II,27.71775,67.96533,DG,Guarded
5246,Central III,30.26343,71.77046,DG,Guarded
8507,North II,34.02384,71.48371,Non DG,Un Guarded
5233,Central III,29.71175,73.001278,Non DG,Un Guarded
3585,Central I,30.96803,73.97772,DG,Un Guarded
5923,Central III,30.17207,71.45869,Non DG,Un Guarded
4401,Central II,30.52941,72.68314,DG,Un Guarded
3069,Central I,31.51503,74.34409,DG,Un Guarded
6406,South I,24.90719,67.00797,Non DG,Un Guarded
2083,North I,33.72269,73.05914,Non DG,Un Guarded
2765,North I,33.15333,73.7591,DG,Guarded
2678,North II,34.84067,71.82871,Non DG,Un Guarded
CI-1515,Central I,32.43928,74.14929,DG,Guarded
UBKR34,South III,30.21574,69.89002,DG,Guarded
4277,Central III,30.71043,70.6521,DG,Un Guarded
3G-CI-1004,Central I,32.59555,74.04234,Non DG,Un Guarded
9003,South I,24.79871,67.05608,Non DG,Guarded
4656,Central III,29.2757,70.51645,DG,Guarded
6940,Central III,29.71375,71.48515,DG,Guarded
4243,Central II,30.82489,72.07251,DG,Guarded
9228,South I,24.96977,67.08414,DG,Guarded
1234,South II,28.29933,68.89533,DG,Guarded
S-3646,South III,28.77779,66.61777,DG,Guarded
1684,South II,27.56441,68.21447,Non DG,Un Guarded
1467,South III,29.55383,67.87781,DG,Guarded
9983,South II,27.01501,68.12681,Non DG,Un Guarded
S-3908,South III,26.4432,66.3017,DG,Guarded
1373,South II,27.1748,67.94875,Non DG,Un Guarded
1349,South II,24.7414,69.7988,Non DG,Un Guarded
S-3660,South III,28.09171,66.27437,DG,Guarded
CII-2591,Central II,30.44116,73.69733,DG,Un Guarded
9449,South I,24.90208,67.08428,Non DG,Un Guarded
1365,South III,30.09912,66.96156,DG,Guarded
5159,Central III,30.03441,70.64558,DG,Guarded
7108,Central I,31.48173,74.31122,DG,Un Guarded
7055,Central I,31.62013,74.29774,DG,Un Guarded
1501,Central III,28.41618,70.31896,DG,Guarded
3408,Central I,32.48496,74.5452,DG,Un Guarded
9190,South I,24.7726,67.09811,Non DG,Un Guarded
6028,South I,24.88558,67.0653,Non DG,Un Guarded
1679,South II,27.17402,68.295125,DG,Un Guarded
5792,Central III,30.04402,70.64682,DG,Guarded
9401,South I,24.8122,67.11232,DG,Guarded
9794,South II,27.71541,68.86746,DG,Guarded
8966,North I,33.33519,73.66478,DG,Guarded
7156,Central I,31.45489,74.4017,DG,Guarded
7262,Central I,31.56355,74.23963,DG,Guarded
5659,Central III,29.7917,71.00602,Non DG,Un Guarded
N-5104,North II,34.68001,71.58497,DG,Guarded
6213,South I,24.80728,67.06098,Non DG,Un Guarded
S-3541,South III,31.08376,68.28971,DG,Guarded
2981,North II,34.47809,72.4834,DG,Guarded
3758,Central I,32.20226,74.30182,DG,Un Guarded
S-7324,South III,27.8145,66.6018,Non DG,Un Guarded
BSC DGK,Central III,30.04882,70.630909,DG,Un Guarded
6969,Central III,29.60058,70.87897,DG,Guarded
N-5460,Central II,32.39529,69.68789,Non DG,Un Guarded
8862,North I,33.55806,73.14418,Non DG,Un Guarded
S-7321,South III,27.77998,66.63123,Non DG,Un Guarded
3146,Central I,31.51362,74.35457,Non DG,Un Guarded
N-5574,North II,33.95142,71.06403,Non DG,Un Guarded
N-5394,North II,33.6152,71.5872,Non DG,Un Guarded
7170,Central I,31.31828,74.09476,DG,Guarded
S-7311,South III,29.79754,66.82965,Non DG,Un Guarded
S-7315,South III,29.79496,66.84131,Non DG,Un Guarded
9644,South I,24.80253,67.02888,Non DG,Un Guarded
N-5382,North II,34.105,71.6137,Non DG,Un Guarded
5930,Central II,30.45055,73.69732,Non DG,Un Guarded
S-7313,South III,29.82771,66.84667,Non DG,Un Guarded
2873,North II,34.08701,71.64502,DG,Guarded
N-5405,North I,33.64084,73.18761,Non DG,Un Guarded
6841,Central II,31.41969,73.08194,Non DG,Un Guarded
1729,South II,25.42504,68.52635,Non DG,Un Guarded
9791,South II,27.69954,68.88185,Non DG,Un Guarded
S-7502,South III,28.84209,69.18653,DG,Guarded
S-7332,South III,27.87604,66.60155,Non DG,Un Guarded
N-5673,North II,33.49071,71.4763,Non DG,Un Guarded
N-5674,North II,33.55613,71.50062,Non DG,Un Guarded
S-3681,South III,28.75124,66.80564,DG,Guarded
N-5685,North II,33.59683,71.44654,Non DG,Un Guarded
N-5690,North II,33.53281,71.46547,Non DG,Un Guarded
1719,South II,24.98478,68.85238,Non DG,Un Guarded
N-5681,North II,33.58503,71.43159,Non DG,Un Guarded
3765,Central I,32.31495,74.98515,DG,Un Guarded
5521,Central III,28.76602,70.06624,DG,Guarded
S-7527,South III,29.6297,69.5611,DG,Guarded
3941,Central I,32.0647,74.1466,Non DG,Un Guarded
S-7500,South III,29.4791,69.5703,DG,Guarded
5922,Central III,30.2242,71.54832,Non DG,Un Guarded
6931,Central III,29.2578,71.37202,DG,Guarded
N-5692,North II,33.52399,71.03995,Non DG,Un Guarded
S-7520,South III,29.57092,68.60405,DG,Guarded
S-7312,South I,29.78154,66.83763,Non DG,Un Guarded
3130,Central I,31.52623,74.25981,Non DG,Un Guarded
4800,Central II,31.7087,73.24051,DG,Guarded
S-7314,South III,29.79888,66.84817,Non DG,Un Guarded
S-7545,South III,29.75696,68.63831,DG,Guarded
S-7511,South III,29.2554,69.3552,DG,Guarded
3065,Central I,31.46709,74.3071,Non DG,Un Guarded
N-5569,North II,33.41761,70.8214,Non DG,Un Guarded
8946,North I,34.1719,73.7384,DG,Guarded
9854,South II,25.45959,68.72294,Non DG,Guarded
2810,North I,34.02673,73.13461,Non DG,Un Guarded
2652,North I,32.63546,72.45818,Non DG,Un Guarded
4307,Central II,32.58847,71.58006,DG,Un Guarded
N-5694,North II,33.51588,71.06052,Non DG,Un Guarded
N-5107,North II,34.59132,71.44149,DG,Guarded
S-7196,South III,25.40295,63.68813,Non DG,Un Guarded
4614,Central III,29.39498,71.70971,DG,Guarded
1191,South II,25.75911,68.66338,Non DG,Guarded
N-5271,North I,33.73237,72.84141,Non DG,Un Guarded
LHRRNC02,Central I,31.51768904,74.34859344,Non DG,Un Guarded
N-5109,North II,34.39015,71.60905,DG,Guarded
N-5395,North I,33.64087,72.8983,Non DG,Un Guarded
9118,South I,24.941814,67.059222,Non DG,Un Guarded
N-5342,North II,32.99681593,70.56250299,Non DG,Un Guarded
N-5343,North II,32.97918685,70.56546199,Non DG,Un Guarded
N-5357,North II,33.0027426,70.63490521,Non DG,Un Guarded
CII-2790,Central III,29.8559,70.51974,Non DG,Un Guarded
N-5346,North II,32.96651394,70.59077124,Non DG,Un Guarded
CII-2792,Central III,29.84077,70.47807,Non DG,Un Guarded
N-5356,North II,33.01841874,70.64586559,Non DG,Un Guarded
6035,South I,24.87029,67.35535,Non DG,Un Guarded
2731,North I,33.88897,73.27596,DG,Guarded
N-5365,North II,32.98657215,70.62321161,Non DG,Un Guarded
CII-2793,Central III,29.81937,70.48294,Non DG,Un Guarded
N-5361,North II,32.9548,70.66,Non DG,Un Guarded
N-5344,North II,33.0003,70.5823,Non DG,Un Guarded
9457,South I,24.81006,67.03638,Non DG,Un Guarded
4386,Central I,32.39547,72.96634,DG,Guarded
N-5347,North II,32.9756,70.6063,Non DG,Un Guarded
9414,South I,24.91097,67.02874,Non DG,Un Guarded
N-5348,North II,32.9869,70.5953,Non DG,Un Guarded
N-5366,North II,32.9608,70.6111,Non DG,Un Guarded
N-5355,North II,33.025,70.6513,Non DG,Un Guarded
7975,Central I,31.50447,74.31582,Non DG,Un Guarded
N-5352,North II,32.9859,70.6123,Non DG,Un Guarded
N-5360,North II,32.9929,70.66,Non DG,Un Guarded
N-5359,North II,33.0017,70.6521,Non DG,Un Guarded
1868,South III,28.58889,65.41758,DG,Guarded
4390,Central III,30.07306,71.49379,DG,Guarded
N-5364,North II,32.9644,70.6342,Non DG,Un Guarded
1432,South III,30.15636,66.98243,DG,Guarded
N-5345,North II,32.9435,70.6064,Non DG,Un Guarded
N-5349,North II,32.9873,70.6012,Non DG,Un Guarded
9245,South I,24.94626,67.05554,Non DG,Un Guarded
6308,South I,24.93312,67.13653,Non DG,Un Guarded
N-5350,North II,32.9879,70.6047,Non DG,Un Guarded
N-5351,North II,32.9861,70.6072,Non DG,Un Guarded
3G-N-2044,North I,34.334,73.2011,Non DG,Un Guarded
N-5363,North II,32.9604,70.6437,Non DG,Un Guarded
8916,North I,34.36445,73.46365,DG,Guarded
2187,North II,34.01704,71.55273,DG,Guarded
S-7308,South II,28.17362,68.03818,Non DG,Un Guarded
N-5362,North II,32.972,70.6504,Non DG,Un Guarded
3G-CI-1003,Central I,32.07783,74.20935,Non DG,Un Guarded
N-5358,North II,33.0147,70.6566,Non DG,Un Guarded
6637,North II,33.98439,71.4472,Non DG,Guarded
CII-2743,Central III,30.02128,70.62143,Non DG,Un Guarded
S-7333,South III,27.80362,66.61536,Non DG,Un Guarded
CII-2747,Central III,30.025632,70.6404,Non DG,Un Guarded
CII-2750,Central III,29.28589,70.45879,Non DG,Un Guarded
7938,Central I,32.62274,73.78436,Non DG,Guarded
N-4370,North I,32.95057,73.72239,Non DG,Un Guarded
CII-2753,Central III,29.09564,70.33993,Non DG,Un Guarded
2890,North II,35.55776,71.79534,DG,Un Guarded
N-4115,North I,33.7488,72.7696,Non DG,Un Guarded
S-3772,South III,29.19783,63.59324,DG,Guarded
3007,Central I,31.62632,74.28656,DG,Guarded
2402,North I,33.82067,72.54047,DG,Guarded
3366,Central I,32.1349,74.01882,DG,Guarded
2526,North I,33.56642,72.64972,Non DG,Guarded
9328,South I,24.94535,66.99039,Non DG,Un Guarded
9970,South II,27.04065,67.84809,DG,Guarded
3119,Central I,31.50721,74.2789,DG,Un Guarded
6417,South I,24.998722,66.896499,Non DG,Un Guarded
8998,North I,33.34083,73.70171,DG,Guarded
3548,Central I,31.58896,73.68124,DG,Guarded
N-4958,North II,34.75959,71.55908,Non DG,Un Guarded
1502,Central III,28.43025,70.29743,DG,Un Guarded
6725,North I,33.25436,73.36551,DG,Guarded
S-3722,South III,27.4872,66.5295,DG,Guarded
4152,Central III,28.93478,70.95841,DG,Guarded
4488,Central III,30.46109,70.72719,DG,Guarded
2974,North I,33.35341,72.48881,Non DG,Un Guarded
CII-2126,Central III,29.86266,71.69655,Non DG,Un Guarded
2320,North II,33.53028,71.06298,DG,Guarded
9700,South II,27.38472,68.38381,Non DG,Un Guarded
9174,South I,24.89621,67.11537,Non DG,Un Guarded
N-5148,North II,33.522786,71.07353,DG,Guarded
3588,Central I,30.92749,74.0078,DG,Guarded
3658,Central I,31.58408,74.34233,Non DG,Un Guarded
7264,Central I,31.45663,74.44319,DG,Un Guarded
3G-S-3440,South III,30.17806944,66.98021944,Non DG,Un Guarded
2298,North I,33.41334,73.37627,DG,Guarded
S-3781,South III,28.74206,63.1551,DG,Guarded
5366,Central II,31.46029,72.72324,DG,Guarded
S-3816,South I,24.92374,67.09772,Non DG,Un Guarded
3629,Central I,32.70922,73.96218,DG,Guarded
3915,Central I,32.16067,74.19643,Non DG,Un Guarded
5154,Central II,31.83556,70.89293,DG,Guarded
8303,North I,33.661,73.0492,Non DG,Un Guarded
3960,Central I,31.567,74.3874,Non DG,Un Guarded
2872,North I,33.92085,72.53905,DG,Guarded
5250,Central III,29.90335,73.04451,DG,Un Guarded
3174,Central I,31.47346,74.32864,Non DG,Un Guarded
4816,Central II,30.54623,72.92561,Non DG,Un Guarded
4835,Central III,29.10217,70.32049,DG,Guarded
4058,Central II,31.43329,73.03843,DG,Guarded
S-3790,South III,28.005075,63.303603,DG,Guarded
N-4598,North II,33.91966,71.39307,Non DG,Un Guarded
1642,Central III,28.63779,70.65529,DG,Guarded
PTCL Usterzai,North II,33.60356,71.258771,Non DG,Un Guarded
1435,South III,30.23514,66.99173,Non DG,Guarded
1198,South II,25.12304,68.53445,Non DG,Guarded
1638,South II,28.42723,69.69657,Non DG,Un Guarded
8140,North I,33.63635,73.10327,DG,Guarded
7618,Central I,31.25552,74.21757,Non DG,Un Guarded
N-4208,North II,33.79936,71.56184,DG,Guarded
S-3718,South III,27.41529,66.15559,DG,Guarded
3679,Central I,32.69599,73.77271,DG,Guarded
1212,South II,27.95632,68.6403,Non DG,Un Guarded
CII-2317,Central III,31.14405,70.51115,DG,Un Guarded
6510,South II,27.51913,68.74252,Non DG,Un Guarded
4971,Central III,30.05399,70.64379,DG,Guarded
4336,Central II,32.19351,72.54142,Non DG,Un Guarded
1559,South II,27.84826,67.9074,DG,Guarded
3686,Central I,32.69552,73.96338,DG,Guarded
2570,North II,33.00496,70.72932,Non DG,Un Guarded
5141,Central II,31.7334,71.0987,DG,Un Guarded
1029,South I,24.912583333,67.007222222,Non DG,Guarded
4530,Central II,30.65893,73.08459,Non DG,Guarded
1998,South III,29.04289,67.82462,DG,Guarded
5299,Central III,30.21957,73.47925,DG,Guarded
S-3642,South III,28.64693,66.65604,DG,Guarded
8036,North I,33.63995,73.1108,DG,Guarded
UKSR15,South III,31.06459,67.85201,DG,Guarded
1140,South II,25.53132,69.01638,DG,Guarded
4194,Central III,29.65448,70.87981,DG,Guarded
2222,North I,32.91346,72.85937,DG,Guarded
6713,North I,33.98665,73.02813,DG,Un Guarded
6773,South III,30.10861,66.96469,DG,Guarded
3171,Central I,31.48241,74.23706,Non DG,Un Guarded
8016,North I,33.58755,73.04379,DG,Guarded
9155,South I,24.99376,67.16269,DG,Guarded
N-4185,North I,34.34867,73.22995,Non DG,Un Guarded
9050,South I,24.91104,67.07625,Non DG,Un Guarded
8704,North I,33.17743,73.95901,Non DG,Un Guarded
1450,South III,30.5867,67.0051,Non DG,Un Guarded
1793,South II,25.36197,67.83492,Non DG,Un Guarded
9453,South I,24.9088,66.9646,DG,Guarded
3538,Central I,31.79975,74.23712,DG,Guarded
1254,South II,28.54827,68.2134,DG,Guarded
8964,North I,33.55561,73.98206,DG,Guarded
N-3033,North II,32.9936,70.5699,Non DG,Un Guarded
9497,South I,24.87738,67.19249,Non DG,Guarded
9565,South I,24.8169,67.064,Non DG,Un Guarded
1413,South III,30.17848,66.995725,Non DG,Guarded
1131,South II,25.3663,68.31485,DG,Guarded
2823,North I,33.74712,72.78073,Non DG,Un Guarded
3112,Central I,31.51134,74.3142,Non DG,Un Guarded
2534,North I,33.10102,73.29122,Non DG,Un Guarded
9525,South I,24.92261,66.97952,DG,Un Guarded
9370,South I,24.92209,67.02513,Non DG,Un Guarded
6002,South I,24.85054,67.05647,Non DG,Un Guarded
9297,South I,24.87696,67.08585,Non DG,Un Guarded
9330,South I,24.95384,66.99803,DG,Guarded
Faisalabad MSC-B,Central II,31.40995,73.10939,DG,Un Guarded
2348,North II,34.63973,72.0704,DG,Guarded
2170,North II,34.00462,71.4913,Non DG,Un Guarded
4961,Central III,29.967789,70.3003,Non DG,Un Guarded
9491,South I,24.86097,66.99142,Non DG,Un Guarded
2791,North I,34.55754,73.25201,Non DG,Un Guarded
1537,South III,30.1602,66.99374,DG,Guarded
9115,South I,24.84478,67.06832,DG,Guarded
4764,Central II,30.89947,72.63214,DG,Un Guarded
8557,North II,33.47389,71.40326,DG,Guarded
7650,Central I,31.1489,74.16074,Non DG,Guarded
S-3565,South III,30.61484,68.83511,DG,Guarded
S-3225,South II,27.57671,68.21975,Non DG,Un Guarded
CII-2092,Central II,31.56782,71.22095,Non DG,Un Guarded
S-7380,South II,27.84151,67.90557,Non DG,Un Guarded
1688,South III,27.81143,66.62462,DG,Guarded
3821,Central I,32.56951,72.75011,Non DG,Un Guarded
6301,South I,24.908736,67.121805,Non DG,Un Guarded
S-7381,South II,27.83999,67.89823,Non DG,Un Guarded
3902,Central I,32.19503,74.21311,DG,Un Guarded
8154,North I,33.63819,73.01756,Non DG,Un Guarded
1238,South II,28.28357,68.43735,DG,Guarded
2319,North II,33.77411,71.54149,DG,Guarded
5771,Central II,32.59094,71.55244,Non DG,Un Guarded
7848,Central I,32.37212,73.21966,DG,Guarded
S-3554,South III,30.80242,67.59594,DG,Guarded
N-4286,North II,33.51351,71.04724,DG,Guarded
8564,North II,33.51302,71.5144,Non DG,Un Guarded
2664,North I,33.139,72.52176,Non DG,Un Guarded
4430,Central III,30.63543,72.36422,Non DG,Un Guarded
3647,Central I,32.17434,74.18967,Non DG,Un Guarded
CI-1608,Central I,31.55002,74.38248,Non DG,Un Guarded
3385,Central I,32.5491,74.59517,Non DG,Un Guarded
N-4734,North II,34.18191,71.88591,Non DG,Un Guarded
6519,South I,25.028,66.89111,Non DG,Un Guarded
1154,South II,25.39881,68.34496,Non DG,Guarded
7639,Central I,31.6065,74.30839,Non DG,Un Guarded
9375,South I,24.93698,67.07682,Non DG,Un Guarded
5824,Central II,30.81241,73.43853,Non DG,Un Guarded
S-3348,South I,24.80596,67.04489,Non DG,Un Guarded
9577,South I,24.86245,67.02558,Non DG,Un Guarded
4881,Central III,29.63328,70.60209,DG,Guarded
1404,South III,30.1338,66.97966,DG,Guarded
1364,South III,30.09851,66.93714,Non DG,Guarded
6866,Central III,30.19267,71.47193,Non DG,Un Guarded
2360,North II,34.22459,71.56311,DG,Guarded
4476,Central III,29.62434,71.9211,DG,Guarded
3742,Central I,31.5614,74.33396,Non DG,Un Guarded
1179,South I,24.60147,68.07804,Non DG,Un Guarded
CII-2294,Central III,28.42402,70.30232,Non DG,Un Guarded
CII-2290,Central II,30.81951,73.46191,Non DG,Guarded
1960,South II,26.1424,68.9602,DG,Guarded
9045,South I,24.8393,67.07302,DG,Guarded
6962,Central III,28.6875,69.9533,Non DG,Un Guarded
CI-1687,Central I,32.1673,74.2093,Non DG,Un Guarded
2728,North I,34.02856,73.4004,DG,Guarded
6967,Central III,29.54749,70.84094,DG,Guarded
8883,North I,33.98871,72.92879,DG,Un Guarded
1109,South II,25.389588,68.363713,DG,Guarded
5327,Central II,30.75616,72.8717,DG,Guarded
5305,Central II,30.49485,73.51943,Non DG,Un Guarded
2833,North I,34.42237,72.89139,DG,Guarded
9098,South I,24.93218,67.05186,Non DG,Un Guarded
7258,Central I,31.52431,74.28773,Non DG,Guarded
8057,North I,33.7054,73.06238,DG,Guarded
N-4169,North II,33.61749,71.29391,DG,Guarded
4040,Central II,31.41222,73.08938,DG,Guarded
2784,North I,34.32745,73.18812,DG,Guarded
N-4748,North I,32.94431,73.68202,Non DG,Un Guarded
2996,North I,33.92742,72.449,DG,Guarded
4400,Central II,30.52638,72.69167,DG,Guarded
N-4236,North II,34.8668,72.25487,DG,Guarded
5148,Central II,31.91273,70.92615,DG,Un Guarded
1564,South II,27.85097,67.91355,DG,Guarded
3643,Central I,32.5876,73.48022,DG,Guarded
9015,South I,24.92391,67.06809,DG,Guarded
9229,South I,25.0075,67.06621,DG,Guarded
5350,Central II,31.12847,72.39367,Non DG,Un Guarded
1586,South II,28.43536,69.68912,DG,Guarded
N-4741,North II,35.12837,71.94351,Non DG,Un Guarded
1445,South III,30.92251,66.45375,DG,Guarded
4749,Central II,31.56419,72.6413,DG,Guarded
8554,North II,33.22516,71.50809,DG,Guarded
7353,Central I,31.57993,74.31951,Non DG,Un Guarded
1691,South II,25.70126,68.56334,DG,Guarded
4306,Central II,32.64034,71.7454,DG,Un Guarded
S-3255,South III,29.55878,67.85479,DG,Un Guarded
3317,Central I,32.14891,74.20708,DG,Guarded
1660,South II,27.85417,68.700198,Non DG,Un Guarded
5439,Central III,28.58964,70.69518,Non DG,Guarded
9433,South I,24.85895,67.00037,Non DG,Guarded
7024,Central I,31.25945,74.15958,DG,Guarded
9867,South I,24.99423,67.09468,DG,Guarded
7269,Central I,31.5946,74.39622,Non DG,Un Guarded
N-4945,North I,33.74154,73.08498,Non DG,Un Guarded
1619,South II,26.5874,68.29966,Non DG,Un Guarded
CI-1466,Central I,31.4559,74.3674,DG,Guarded
1117,South II,25.36581,68.36436,DG,Guarded
3308,Central I,32.15842,74.2048,DG,Un Guarded
4176,Central III,29.46786,71.4448,DG,Guarded
2989,North I,33.851,72.41933,DG,Un Guarded
CI-1304,Central I,31.4752,74.33766,Non DG,Un Guarded
9358,South I,25.01345,67.1249,DG,Guarded
S-3537,South III,29.80376,69.46858,DG,Guarded
ISBRNC01,North I,33.6612451,73.0493425,Non DG,Un Guarded
4177,Central III,29.127933,71.7489,Non DG,Un Guarded
CII-2043,Central II,32.09244,72.6709,Non DG,Un Guarded
1315,South II,25.463,69.37212,DG,Guarded
2496,North II,33.49937,71.67789,DG,Guarded
1230,South II,28.279011,68.442019,DG,Un Guarded
CII-2293,Central III,30.29455,71.67538,Non DG,Un Guarded
8072,North I,33.59504,73.05585,DG,Un Guarded
6273,South I,24.82845,67.14352,Non DG,Un Guarded
N-4178,North II,34.88845,71.66216,Non DG,Un Guarded
6533,South III,29.54213,67.88095,Non DG,Guarded
1018,South I,24.948555556,67.065527778,Non DG,Un Guarded
5212,Central III,29.606084,73.034402,Non DG,Un Guarded
4298,Central III,28.87312,70.45981,DG,Guarded
8116,North I,33.65156,73.01646,DG,Un Guarded
6852,Central II,30.66391,73.11036,Non DG,Un Guarded
S-3692,South III,27.6171,66.3018,DG,Guarded
5357,Central II,31.14808,72.22096,DG,Guarded
9251,South I,24.95395,67.10247,Non DG,Guarded
9858,South II,25.52347,69.022558,DG,Guarded
S-3391,South II,26.14266,67.65279,Non DG,Un Guarded
9224,South I,24.92989,67.10145,Non DG,Guarded
8287,North I,33.63011,73.10188,DG,Guarded
S-3587,South III,30.43828,68.43489,DG,Guarded
HMNSBSC03,North I,34.334076,73.20152,DG,Un Guarded
9881,South II,25.4521,68.7182,Non DG,Un Guarded
CI-1620,Central I,31.53979,74.37189,Non DG,Un Guarded
9782,South II,28.43564,69.58044,DG,Un Guarded
6923,Central III,28.42805,70.26367,Non DG,Un Guarded
N-4146,North II,33.44431,70.97683,DG,Guarded
5996,Central III,29.39918,71.68071,Non DG,Un Guarded
6658,North I,33.71014,73.02962,Non DG,Un Guarded
5025,Central III,30.09463,71.36093,DG,Un Guarded
N-4290,North II,32.86824,70.92117,DG,Guarded
5643,Central III,29.90875,70.50118,Non DG,Un Guarded
1443,South III,30.91105,66.45179,Non DG,Guarded
5035,Central III,29.80467,71.74875,DG,Guarded
2820,North I,33.90231,72.86243,DG,Guarded
4342,Central II,31.62417,71.05938,DG,Guarded
2556,North I,33.42785,72.40512,Non DG,Un Guarded
8025,North I,33.63386,72.9369,DG,Guarded
2010,North I,33.62051,73.00105,DG,Un Guarded
N-5503,North I,32.787861,73.18284,DG,Guarded
8684,North II,33.96316,71.55243,DG,Guarded
6414,South I,24.8566,67.0574,Non DG,Un Guarded
7331,Central I,31.49129,74.30523,DG,Guarded
9220,South I,24.88035,67.18693,Non DG,Guarded
6430,South I,24.90839,67.02621,Non DG,Un Guarded
1200,South II,27.68775,68.897444444,Non DG,Guarded
5867,Central III,30.04269,70.65086,DG,Guarded
1802,South III,30.69404,68.50473,DG,Guarded
2431,North I,33.85022,73.40498,DG,Guarded
6249,South I,24.92297,67.12344,Non DG,Un Guarded
2425,North I,33.83577,73.28267,DG,Guarded
2137,North II,33.99742,71.46146,DG,Guarded
7898,Central I,32.76767,73.8302,DG,Guarded
7057,Central I,31.57905,74.45708,DG,Un Guarded
9488,South I,24.83679,67.16483,Non DG,Un Guarded
S-3999,South III,29.56188,66.02269,Non DG,Un Guarded
N-4358,North II,33.98955,72.01196,Non DG,Un Guarded
1709,South II,24.96777,69.29526,Non DG,Un Guarded
CII-2572,Central III,28.64696,70.64889,Non DG,Un Guarded
9129,South I,24.88992,67.06482,DG,Guarded
1366,South III,30.12815,66.97846,DG,Guarded
4037,Central II,31.40375,73.12094,DG,Guarded
2760,North I,34.05511,73.35733,DG,Guarded
S-3564,South III,30.6493,68.46872,DG,Guarded
3G-CI-4139,Central I,31.4291,74.2762,Non DG,Un Guarded
N-5124,North II,33.57972,71.44338,Non DG,Un Guarded
2516,North I,33.04152,73.52686,Non DG,Un Guarded
N-5802,North II,33.58518,71.43873,Non DG,Un Guarded
N-4715,Central II,32.33207,70.11589,Non DG,Un Guarded
6013,South I,24.81634002,67.10664996,Non DG,Un Guarded
MLTRNC02,Central III,30.2239579,71.477732,Non DG,Un Guarded
MLTRNC01,Central III,30.2239579,71.477732,Non DG,Un Guarded
N-5601,North II,32.89043,71.07291,DG,Guarded
2809,North I,33.90512,72.80549,DG,Guarded
4684,Central II,30.76325,72.43743,Non DG,Un Guarded
N-5592,North II,33.48067,71.79809,DG,Guarded
6776,South III,30.12269,67.00177,DG,Guarded
1879,South I,24.84269,67.23699,Non DG,Un Guarded
N-5620,North II,33.48373,71.13512,DG,Guarded
S-3860,South III,27.2168,65.7043,DG,Guarded
9779,South II,28.43922,69.59511,Non DG,Guarded
6281,South I,24.92367,67.08284,Non DG,Un Guarded
N-5622,North II,33.40269,71.18417,DG,Guarded
3042,Central I,31.4864,74.3401,DG,Guarded
S-7035,South III,30.2624,67.1579,DG,Guarded
2829,North I,33.82391,72.68782,DG,Guarded
S-3743,South III,27.76903,66.63403,Non DG,Guarded
N-5602,North II,33.21158,70.81307,DG,Guarded
CI-1285,Central I,31.60469,74.33512,Non DG,Un Guarded
S-3864,South III,27.4082,65.7636,DG,Guarded
9540,South I,24.93311,67.15447,Non DG,Un Guarded
6599,South III,30.19819,67.01457,Non DG,Un Guarded
9119,South I,24.96571,67.07647,DG,Guarded
9054,South I,24.86119,67.01431,Non DG,Guarded
2490,North I,33.43121,72.01689,DG,Un Guarded
5329,Central II,30.95896,72.73726,DG,Un Guarded
S-3776,South III,29.13169,64.67061,DG,Guarded
CII-2265,Central II,30.45479,73.70113,DG,Un Guarded
1115,South II,25.35816,68.38185,Non DG,Un Guarded
1096,South I,24.821222222,67.064694444,DG,Guarded
8132,North I,33.59162,73.02095,DG,Un Guarded
3524,Central I,31.5201,74.27136,Non DG,Guarded
9283,South I,24.88553,67.19643,Non DG,Un Guarded
2364,North II,34.8753655,71.8636372,Non DG,Un Guarded
9292,South I,24.90022,67.04665,DG,Un Guarded
2908,North II,34.19775,72.16431,DG,Guarded
7430,Central I,31.51559,74.3431,Non DG,Un Guarded
N-4961,Central II,31.695298,70.120141,Non DG,Un Guarded
1687,South II,27.5461,68.218,Non DG,Un Guarded
4154,Central III,29.27977,70.78158,DG,Un Guarded
2690,North I,33.59681,72.09058,DG,Un Guarded
QTABSC02,South III,30.19920995,67.00728372,Non DG,Un Guarded
8561,North II,33.51349,71.41326,DG,Guarded
4028,Central II,31.42748,73.12399,DG,Un Guarded
8362,North I,33.71592,73.10122,Non DG,Un Guarded
CI-1631,Central I,31.6223,74.2891,Non DG,Un Guarded
4581,Central III,29.61713,73.13312,DG,Guarded
PTCL Haripur Exchange,North I,33.97626,72.92168,Non DG,Un Guarded
3704,Central I,31.66729,74.14355,DG,Guarded
2997,North I,33.90997,72.39524,DG,Guarded
7543,Central I,31.5835,74.32192,Non DG,Un Guarded
S-7597,South III,30.09649,66.75086,DG,Un Guarded
2630,North I,34.27568,73.47318,Non DG,Un Guarded
QTABSC01,South III,30.19920995,67.00728372,Non DG,Un Guarded
8435,North I,33.68183,72.98538,Non DG,Un Guarded
5604,Central II,32.06878,72.67538,Non DG,Un Guarded
S-7683,South III,26.123,64.46801,DG,Guarded
4790,Central II,31.75655,72.91048,Non DG,Un Guarded
CI-1501,Central I,32.15709,74.18333,Non DG,Un Guarded
2445,North I,33.94587,72.9507,DG,Guarded
N-4009,North I,33.69703,72.97533,Non DG,Un Guarded
7662,Central I,31.57755,74.32125,Non DG,Un Guarded
8901,North I,34.34508,73.47206,DG,Guarded
2885,North II,34.01044,71.79875,DG,Guarded
3G-CII-3798,Central III,30.11391,71.48879,Non DG,Un Guarded
9319,South I,24.9109,67.0857,DG,Un Guarded
2120,North II,34.02122,71.49019,Non DG,Un Guarded
5574,Central III,29.57687,71.15643,Non DG,Un Guarded
8167,North I,33.59489,73.0661,Non DG,Un Guarded
5090,Central III,31.10687,70.70539,DG,Un Guarded
2443,North I,33.91904,72.9093,Non DG,Un Guarded
2321,North II,33.5009,71.03375,DG,Guarded
2359,North II,34.506238,72.469168,DG,Guarded
6710,North II,33.59087,71.37328,DG,Guarded
2111,North II,34.00816,71.57245,Non DG,Un Guarded
S-3832,South I,24.82193,67.03514,Non DG,Un Guarded
2822,North I,33.76618,72.74531,DG,Guarded
1963,South II,27.949,68.628,Non DG,Un Guarded
5132,Central II,31.838,70.91688,Non DG,Un Guarded
CI-1698,Central I,31.58478,74.33059,Non DG,Un Guarded
1818,South III,30.812972,68.046944,DG,Guarded
8949,North I,33.71403,73.68786,DG,Guarded
5167,Central II,32.58082,72.2694,DG,Guarded
9595,South I,24.80792,67.04469,Non DG,Un Guarded
1563,South II,27.84699,67.90037,DG,Guarded
N-4690,North II,34.03983,71.51687,Non DG,Un Guarded
S-4260,South I,24.84129,67.03143,Non DG,Un Guarded
S-4211,South III,30.13869,66.97356,Non DG,Un Guarded
N-3088,North I,33.73369,73.20354,Non DG,Un Guarded
S-7477,South I,24.98901,67.12612,Non DG,Un Guarded
S-7141,South I,25.0214,67.14485,Non DG,Un Guarded
S-4274,South I,24.92173,67.25007,Non DG,Un Guarded
S-4219,South III,30.05813,66.93988,Non DG,Un Guarded
S-4158,South I,24.86874,67.00372,Non DG,Un Guarded
S-4226,South III,30.09001,66.95198,Non DG,Un Guarded
S-4264,South I,24.82172,67.01002,Non DG,Un Guarded
CI-1639,Central I,31.43401,74.26662,Non DG,Un Guarded
N-5653,North II,33.38033,71.37654,Non DG,Un Guarded
S-4265,South I,24.83953,67.26718,Non DG,Un Guarded
2256,North I,33.00969,73.03995,Non DG,Un Guarded
S-3548,South III,30.90895,67.88287,DG,Guarded
9082,South I,24.88364,67.17599,DG,Guarded
8649,North II,34.31461,72.06734,Non DG,Un Guarded
KHI-GVMSC12,South I,0.0,0.0,Non DG,Un Guarded
3739,Central I,31.4098,74.48399,DG,Guarded
N-5822,North II,34.00064,71.59729,Non DG,Un Guarded
S-4185,South I,24.972377,67.10172,Non DG,Un Guarded
N-3080,North II,33.53251,71.07723,Non DG,Un Guarded
N-5852,North II,34.05254,72.64339,Non DG,Un Guarded
CII-2037,Central III,31.07313,70.72532,Non DG,Un Guarded
S-4144,South I,24.85319,67.12528,DG,Un Guarded
N-4606,North I,33.509165,73.152862,Non DG,Un Guarded
S-4170,South I,24.87312,67.16994,Non DG,Un Guarded
CI-1201,Central I,32.7181,73.9515,Non DG,Un Guarded
N-4755,North II,33.03006,70.60925,DG,Guarded
5593,Central II,30.41179,73.78297,Non DG,Un Guarded
HSKTBSC02,Central I,32.5194009,74.5404915,DG,Un Guarded
6139,South II,24.74946,69.79979,DG,Guarded
4110,Central III,30.21043,71.48959,DG,Un Guarded
9261,South I,24.83251,67.17223,DG,Guarded
FSBGVMGW5B,Central II,31.40995,73.10939,Non DG,Un Guarded
1557,South II,26.04199,68.95278,DG,Guarded
S-3146,South I,24.86908,67.18675,Non DG,Guarded
9529,South I,24.82199,66.99982,Non DG,Guarded
8466,North I,33.71734,73.10055,Non DG,Un Guarded
9256,South I,24.84492,67.43013,DG,Guarded
8427,North II,33.10565,71.0707,DG,Guarded
3G-N-1635,North I,33.77,72.82,Non DG,Un Guarded
FSB-CGP,Central II,31.40995,73.10939,Non DG,Un Guarded
FSBGVMSC5,Central II,31.40995,73.10939,Non DG,Un Guarded
4403,Central II,30.52649,72.7044,DG,Guarded
FSB-GVMGW5,Central II,31.40995,73.10939,Non DG,Un Guarded
7194,Central I,31.6046,74.34229,DG,Un Guarded
KHI-GVMSC7,South I,0.0,0.0,Non DG,Un Guarded
3398,Central I,32.11319,73.24326,Non DG,Un Guarded
3627,Central I,32.53325,73.98069,Non DG,Un Guarded
1689,South II,25.82531,69.36967,DG,Guarded
6053,South I,24.93499,67.17507,Non DG,Un Guarded
3776,Central I,32.2528,73.03176,Non DG,Un Guarded
9145,South I,24.94948,67.05066,Non DG,Un Guarded
7454,Central I,32.15789,74.18952,Non DG,Un Guarded
S-3897,South III,26.1495,67.2386,DG,Guarded
8910,North I,33.75325,73.76761,DG,Guarded
7151,Central I,31.44929,74.2864,DG,Guarded
3757,Central I,32.10548,73.77518,DG,Un Guarded
4021,Central II,31.38523,72.98475,DG,Guarded
9008,South I,24.8568,67.00379,DG,Guarded
KHI-DNS-M,South I,0.0,0.0,Non DG,Un Guarded
1646,Central III,28.6627,70.65749,DG,Guarded
KHI-DNS-S,South I,0.0,0.0,Non DG,Un Guarded
3745,Central I,31.9643,74.22469,Non DG,Un Guarded
2983,North II,34.508,72.36501,DG,Guarded
7065,Central I,31.58354,74.3096,DG,Guarded
S-3846,South II,25.35352,68.34426,Non DG,Un Guarded
FSBIGWB,Central II,31.40995,73.10939,Non DG,Un Guarded
8271,North I,33.74418,73.06877,Non DG,Un Guarded
5207,Central III,29.41189,71.84719,Non DG,Un Guarded
3928,Central I,32.15019,74.2163,Non DG,Un Guarded
KHI-USN,South I,0.0,0.0,Non DG,Un Guarded
7407,Central I,32.01832,74.21519,Non DG,Un Guarded
KHI-USN9810,South I,0.0,0.0,Non DG,Un Guarded
KHI-CG9812,South I,0.0,0.0,Non DG,Un Guarded
7081,Central I,31.53736,74.30463,Non DG,Un Guarded
KHI-MR-UGW,South I,0.0,0.0,Non DG,Un Guarded
7820,Central I,32.49891,73.90021,Non DG,Un Guarded
3732,Central I,31.92111,74.30975,DG,Un Guarded
2865,North I,34.31414,73.13321,DG,Un Guarded
9080,South I,24.89733,67.02651,DG,Guarded
N-4006,North II,33.14618,71.19201,DG,Guarded
8819,North I,33.64413,72.95925,Non DG,Un Guarded
KHI-CG9812-02,South I,0.0,0.0,Non DG,Un Guarded
2199,North II,33.9949,71.54253,Non DG,Guarded
CII-2541,Central II,31.86699,70.84856,Non DG,Un Guarded
4807,Central II,31.41631,73.12962,Non DG,Un Guarded
4080,Central II,31.46979,73.12927,DG,Un Guarded
7286,Central I,31.63982,74.44705,Non DG,Un Guarded
9347,South I,24.83445,67.15321,DG,Guarded
2589,North I,33.27902,71.99962,DG,Guarded
3945,Central I,31.98946,74.12681,Non DG,Un Guarded
9608,South I,24.831495,67.33514,Non DG,Un Guarded
6946,Central II,31.98313,71.471,DG,Un Guarded
FSB-HSS-M-USCDB,Central II,31.40995,73.10939,Non DG,Un Guarded
FSB-HSS-M-FE,Central II,31.40995,73.10939,Non DG,Un Guarded
CII-2805,Central III,29.6298,70.580866,Non DG,Un Guarded
CII-2806,Central III,30.0515,70.644287,Non DG,Un Guarded
CII-2809,Central III,30.0755,70.650415,Non DG,Un Guarded
KHI-M-HSS-CGP,South I,0.0,0.0,Non DG,Un Guarded
KHI-M-HSS-USCDB,South I,0.0,0.0,Non DG,Un Guarded
KHI-M-HSS-FE,South I,0.0,0.0,Non DG,Un Guarded
CII-2824,Central III,29.8447,70.612383,Non DG,Un Guarded
CII-2832,Central III,29.5798,70.4419,DG,Un Guarded
S-3903,South III,26.52335,67.16098,DG,Guarded
5085,Central III,30.90673,71.51494,DG,Un Guarded
FSB-HSS-S-USCDB,Central II,31.40995,73.10939,Non DG,Un Guarded
FSB-HSS-S-FE,Central II,31.40995,73.10939,Non DG,Un Guarded
1028,South I,24.8995,66.986944444,DG,Guarded
KHI-S-HSS-CGP,South I,0.0,0.0,Non DG,Un Guarded
KHI-S-HSS-USCDB,South I,0.0,0.0,Non DG,Un Guarded
2576,North I,32.81712,73.57534,DG,Guarded
7678,Central I,31.51945,74.0875,DG,Guarded
KHI-S-HSS-FE,South I,0.0,0.0,Non DG,Un Guarded
5828,Central II,30.69225,73.10756,DG,Un Guarded
KHI-PCRF-S,South I,0.0,0.0,Non DG,Un Guarded
2023,North I,33.62672,72.97052,DG,Guarded
UBKR19,South III,29.75218,69.56423,DG,Guarded
KHI-PCRF-S-USCDB,South I,0.0,0.0,Non DG,Un Guarded
KHI-PCRF-S-UPCC,South I,0.0,0.0,Non DG,Un Guarded
KHI-GVMSC2,South I,0.0,0.0,Non DG,Un Guarded
KHI-GVMSC3,South I,0.0,0.0,Non DG,Un Guarded
N-4956,North II,34.86625,71.52645,Non DG,Un Guarded
KHI-VMSC4,South I,0.0,0.0,Non DG,Un Guarded
8665,North II,34.00121,71.57196,Non DG,Un Guarded
KHI-VMSC5,South I,0.0,0.0,Non DG,Un Guarded
2511,North I,33.13243,73.41726,Non DG,Un Guarded
KHI-GVMSC6,South I,0.0,0.0,Non DG,Un Guarded
KHI-VMSC1,South I,0.0,0.0,Non DG,Un Guarded
1622,South II,28.04206,69.68366,DG,Guarded
FSB-GMSC2,Central II,31.40995,73.10939,Non DG,Un Guarded
2357,North II,34.4725,72.58437,DG,Guarded
FSB-VMSC3,Central II,31.40995,73.10939,Non DG,Un Guarded
1175,South II,25.746989,68.450209,DG,Guarded
6696,North I,34.70471,73.11501,DG,Guarded
2403,North II,33.916611,72.229793,Non DG,Un Guarded
9547,South I,24.80135,67.06669,Non DG,Un Guarded
CII-2018,Central III,29.79477,72.17007,Non DG,Un Guarded
FSB-VMSC4,Central II,31.40995,73.10939,Non DG,Un Guarded
9302,South I,24.91202,67.14004,DG,Guarded
KHI-VMGW1,South I,0.0,0.0,Non DG,Un Guarded
KHI-GVMGW2,South I,0.0,0.0,Non DG,Un Guarded
KHI-VMGW4,South I,0.0,0.0,Non DG,Un Guarded
2114,North II,34.02322,71.55313,Non DG,Guarded
HYD-GVMGW6,South II,25.357661,68.380564,Non DG,Un Guarded
7090,Central I,31.5126,74.2843,DG,Guarded
1222,South II,27.95909,68.63012,DG,Guarded
FSB-VMGW3,Central II,31.40995,73.10939,Non DG,Un Guarded
4894,Central III,29.17008,71.73337,DG,Guarded
3269,Central I,31.1554,73.9283,Non DG,Un Guarded
FSB-VMGW4,Central II,31.40995,73.10939,Non DG,Un Guarded
8009,North I,33.73067,73.07044,DG,Guarded
KHI-GVMGW3,South I,0.0,0.0,Non DG,Un Guarded
CI-1542,Central I,31.463295,74.2224,Non DG,Un Guarded
KHI-VMGW5,South I,0.0,0.0,Non DG,Un Guarded
1306,South I,24.91066,67.12291,DG,Un Guarded
FSB-VMGW1,Central II,31.40995,73.10939,Non DG,Un Guarded
3G-CI-4125,Central I,31.4531,74.3003,Non DG,Un Guarded
N-4413,North I,32.93064,72.86927,Non DG,Un Guarded
FSB-GMGW2A,Central II,31.40995,73.10939,Non DG,Un Guarded
FSB-GMGW2B,Central II,31.40995,73.10939,Non DG,Un Guarded
FSB-VMSC1,Central II,31.40995,73.10939,Non DG,Un Guarded
3913,Central I,32.23498,74.168,DG,Guarded
FSBSTP-A,Central II,31.40995,73.10939,Non DG,Un Guarded
S-3980,South III,27.86322,65.26653,DG,Guarded
4389,Central I,32.35766,73.01599,DG,Guarded
FSBSTP-B,Central II,31.40995,73.10939,Non DG,Un Guarded
4223,Central II,31.26615,72.33742,DG,Un Guarded
S-3335,South III,26.31143,63.15572,Non DG,Un Guarded
CII-2521,Central II,32.06806,72.42587,Non DG,Un Guarded
6942,Central II,32.28672,71.5499,DG,Guarded
3919,Central I,32.14779,74.18452,Non DG,Guarded
5429,Central III,28.81419,70.52284,Non DG,Un Guarded
N-5097,North II,32.97318,70.59647,Non DG,Un Guarded
7981,Central I,31.55338,74.26488,Non DG,Un Guarded
N-4627,North I,33.08162,73.79456,Non DG,Un Guarded
N-4484,North II,34.46669,71.96515,Non DG,Un Guarded
CII-2660,Central III,30.13232,70.72583,DG,Guarded
7233,Central I,31.46794,74.28074,DG,Guarded
6415,South I,24.93874,67.33645,DG,Guarded
6265,South I,24.91295,67.12371,Non DG,Un Guarded
4291,Central III,28.8233,70.14486,DG,Guarded
3794,Central I,31.79075,73.82034,DG,Guarded
2294,North I,33.25604,73.30538,DG,Guarded
2999,North I,33.88232,72.3314,DG,Un Guarded
9959,South II,26.3422,67.72105,DG,Guarded
2006,North I,33.61217,73.05468,DG,Un Guarded
S-3750,South III,28.12782,66.67903,DG,Guarded
3G-S-4602,South I,24.849794,67.005087,Non DG,Un Guarded
3294,Central I,31.446,74.35562,Non DG,Un Guarded
5906,Central III,30.21553,71.46334,Non DG,Un Guarded
S-3598,South III,29.378012,67.954035,DG,Guarded
3030,Central I,31.57004,74.32846,DG,Guarded
1673,Central III,28.42041,70.08367,DG,Guarded
CII-2029,Central III,30.24973,71.51315,Non DG,Guarded
8281,North I,33.52623,73.04694,Non DG,Un Guarded
CI-1324,Central I,32.60383,73.48833,DG,Guarded
UMSR07,South III,27.61975,63.16933,DG,Guarded
CII-2112,Central III,30.30714,72.07528,DG,Guarded
3712,Central I,32.64093,74.00341,Non DG,Un Guarded
4150,Central III,28.93263,70.95608,DG,Guarded
9387,South I,24.8616,67.01103,Non DG,Guarded
N-4605,North II,32.83588,70.89018,Non DG,Un Guarded
4744,Central II,30.95161,72.83014,DG,Un Guarded
7716,Central I,32.09472,74.57259,DG,Un Guarded
5354,Central II,30.87443,72.85441,DG,Guarded
6478,South I,24.80674,67.05353,Non DG,Un Guarded
6419,South I,24.97529,67.09421,DG,Guarded
6935,Central II,31.25715,71.90855,DG,Guarded
5592,Central II,31.88542,73.18465,Non DG,Un Guarded
8975,North I,32.95173,74.05771,DG,Guarded
2295,North I,33.27074,73.29041,DG,Guarded
9188,South I,24.82321,66.98939,DG,Guarded
S-7748,South I,25.116159,67.347996,Non DG,Un Guarded
3717,Central I,31.75329,74.26099,Non DG,Un Guarded
6449,South I,24.85658,67.34082,DG,Un Guarded
3313,Central I,32.17098,74.20417,DG,Guarded
4082,Central II,31.31938,73.16885,DG,Guarded
7134,Central I,31.4755,74.31126,Non DG,Un Guarded
9312,South I,24.92715,67.1607,DG,Guarded
N-4412,North I,32.93549,72.84967,Non DG,Un Guarded
8790,North I,33.47067,73.9495,DG,Guarded
1108,South II,25.37761,68.38015,DG,Guarded
4721,Central II,31.76013,72.75503,DG,Guarded
CII-2894,Central III,30.2467,71.46857,Non DG,Un Guarded
8262,North I,33.59449,73.01505,Non DG,Un Guarded
8700,North I,33.14741,73.71972,Non DG,Un Guarded
6951,South II,24.69998,70.17801,Non DG,Un Guarded
CII-2668,Central III,30.11391,71.48879,Non DG,Un Guarded
3539,Central I,31.79869,74.2502,Non DG,Un Guarded
8618,North I,33.86959,72.914,Non DG,Un Guarded
9402,South I,24.8728,67.01315,DG,Guarded
4594,Central III,29.8005,72.8612,Non DG,Un Guarded
1159,South II,25.40468,68.33814,DG,Un Guarded
1882,South I,24.85967,67.02552,Non DG,Un Guarded
6235,South I,24.89677,67.03002,Non DG,Un Guarded
8436,North I,33.682089,72.991589,Non DG,Un Guarded
3352,Central I,32.32079,74.35228,DG,Guarded
6084,South I,24.91391,67.13592,Non DG,Un Guarded
9825,South II,25.36489,68.30036,DG,Guarded
9837,South I,24.8953,67.0383,Non DG,Un Guarded
CI-1571,Central I,31.46264,74.38519,Non DG,Un Guarded
5929,Central III,30.21233,71.51646,Non DG,Un Guarded
6624,North II,32.99236,70.66558,DG,Guarded
2600,North I,33.506666,72.87344,DG,Guarded
3064,Central I,31.58875,74.35353,Non DG,Un Guarded
7693,Central I,31.31975,73.7933,Non DG,Un Guarded
6575,South II,25.36344,68.38027,Non DG,Un Guarded
1775,South II,24.8597,69.40412,DG,Guarded
3878,Central I,31.79123,74.17337,DG,Guarded
S-7775,South II,27.66191,68.01906,Non DG,Un Guarded
S-7826,South I,25.0121,67.3161,Non DG,Un Guarded
8959,North I,35.43544,75.45051,DG,Guarded
PTCLSheringle,North II,0.0,0.0,Non DG,Un Guarded
N-5045,Central II,32.23747,70.32483,Non DG,Un Guarded
7791,Central I,32.456624,74.409194,Non DG,Un Guarded
3858,Central I,31.85961,73.86364,Non DG,Un Guarded
S-3224,South II,27.56722,68.22147,Non DG,Un Guarded
2709,North I,34.17892,73.17812,DG,Guarded
S-3109,South I,24.8924,67.1853,Non DG,Un Guarded
3527,Central I,31.20177,73.94468,Non DG,Un Guarded
8571,North II,33.01863,70.54853,DG,Guarded
CII-8027,Central III,30.021,73.3048,Non DG,Un Guarded
4621,Central III,29.9894,73.25639,DG,Guarded
5438,Central III,28.59479,70.55791,Non DG,Un Guarded
8687,North II,33.97018,71.43601,Non DG,Guarded
N-4283,North II,34.48263,72.60912,Non DG,Un Guarded
8832,North I,33.625101,73.029676,Non DG,Un Guarded
2558,North I,33.52803,73.47414,DG,Guarded
1402,South III,30.199572,67.007384,DG,Guarded
5482,Central III,29.96306,70.65695,DG,Guarded
UKSZ54,South III,30.93573,69.16814,DG,Guarded
5055,Central III,30.52691,71.95602,DG,Guarded
USLR21,South III,30.2808,68.612,DG,Guarded
S-3277,South I,24.95456,67.18313,Non DG,Un Guarded
1849,South III,29.35018,64.700416,DG,Guarded
5105,Central II,31.49936,71.24595,DG,Un Guarded
N-5082,North II,34.137,71.179,Non DG,Un Guarded
9052,South I,24.84811,67.05147,DG,Guarded
3G-CI-1557,Central I,32.45176,72.88792,Non DG,Un Guarded
2931,North I,33.21051,72.35845,DG,Guarded
PTCL B.D Shah,North II,,,DG,Un Guarded
4438,Central II,30.63139,72.5292,DG,Guarded
7140,Central I,31.55041,74.37103,Non DG,Un Guarded
1422,South III,30.21561,66.97459,DG,Guarded
9543,South I,24.90871,67.12413,DG,Un Guarded
N-4106,North II,33.47136,70.91259,Non DG,Un Guarded
3991,Central I,32.2775,73.71107,DG,Un Guarded
9698,South I,24.802108,67.030011,Non DG,Un Guarded
8192,North I,33.6707,73.10526,DG,Un Guarded
2453,North I,33.94757,72.55173,Non DG,Un Guarded
4201,Central II,30.97935,72.47853,DG,Guarded
8996,North I,35.3123,75.5402,DG,Un Guarded
CII-2011,Central II,32.26189,72.90121,Non DG,Un Guarded
6992,Central III,29.68168,71.62906,DG,Guarded
3901,Central I,32.19227,74.18197,DG,Un Guarded
4977,Central III,30.0473,70.6389,DG,Guarded
3416,Central I,32.5349,74.53189,DG,Guarded
6743,North I,32.92437,72.80951,DG,Un Guarded
1668,South III,27.80723,66.61324,DG,Guarded
3558,Central I,31.11805,74.45211,DG,Guarded
3034,Central I,31.5442,74.37939,DG,Guarded
7031,Central I,31.57939,74.34395,DG,Guarded
1255,South II,28.2088683,68.010455,DG,Guarded
1229,South II,27.69118,68.86168,Non DG,Un Guarded
CI-1567,Central I,31.50489,74.43787,Non DG,Un Guarded
CII-2306,Central II,32.05633,72.70309,DG,Un Guarded
3638,Central I,32.59022,73.50488,DG,Un Guarded
N-5046,North I,33.65417,72.97871,Non DG,Un Guarded
R019,North I,34.6758,73.56283,DG,Un Guarded
3914,Central I,32.1229,74.12578,Non DG,Guarded
N-4775,North II,35.27583,72.00279,DG,Un Guarded
S-3641,South III,28.68402,66.68662,DG,Guarded
3470,Central I,32.20181,74.35759,DG,Guarded
CI-1590,Central I,31.48219,74.39653,Non DG,Un Guarded
6574,South II,25.39514,68.37721,Non DG,Un Guarded
8908,North I,33.85534,73.77201,DG,Guarded
2665,North I,33.01392,73.35705,DG,Un Guarded
S-3421,South III,29.54119,67.87681,Non DG,Un Guarded
N-5873,North I,33.62388,73.1382,Non DG,Un Guarded
N-5871,North I,33.6162,73.1283,Non DG,Un Guarded
N-5875,North I,33.61901,72.93765,Non DG,Un Guarded
N-5853,North I,33.52697,73.14392,Non DG,Un Guarded
N-5860,North I,33.5973,73.0204,Non DG,Un Guarded
N-5884,North I,33.66621,72.98907,Non DG,Un Guarded
3G-CI-4128,Central I,31.4962,74.3748,Non DG,Un Guarded
8032,North I,33.56425,73.02025,Non DG,Guarded
2426,North I,33.73097,72.8018,DG,Guarded
N-4296,North II,33.50006,71.53867,Non DG,Un Guarded
7692,Central I,31.70278,73.97803,DG,Guarded
9820,South II,25.37165,68.36699,DG,Guarded
1006,South I,24.875388889,66.996777778,DG,Guarded
N-4783,North II,32.97314,70.21307,Non DG,Un Guarded
N-5825,North I,33.64737,72.9672,Non DG,Guarded
N-5816,North I,33.66476,73.04192,Non DG,Un Guarded
8397,North I,33.7152,73.063,,
N-4672,North II,32.94413,70.29858,Non DG,Un Guarded
7253,Central I,31.60071,74.30052,Non DG,Un Guarded
CII-2073,Central II,31.94751,72.65625,DG,Un Guarded
2309,North II,33.597987,71.39431,DG,Guarded
S-3745,South III,27.80822,66.83067,DG,Guarded
7926,Central I,32.74947,73.95261,DG,Guarded
N-4222,North I,33.39668,73.13654,Non DG,Un Guarded
CI-1156,Central I,31.69641,73.97026,Non DG,Un Guarded
4049,Central II,31.41936,73.07961,DG,Guarded
1118,South II,25.36802,68.34611,DG,Un Guarded
CII-2795,Central III,30.059333,70.6789183,Non DG,Un Guarded
7777,Central I,32.49626,74.58827,Non DG,Un Guarded
PSHRNC03,North II,34.012063,71.566812,DG,Guarded
4275,Central III,30.54898,72.13464,DG,Un Guarded
PTCL Bhalwal                   ,Central I,32.27291944,72.90068889,Non DG,Un Guarded
PTCL Malikwal,Central I,32.5586,73.221,Non DG,Un Guarded
PTCL Manawala,Central I,31.59095,73.68124,Non DG,Un Guarded
PTCL CHAWINDA,Central I,32.3464,74.7028,Non DG,Un Guarded
1258,South II,27.55812,68.20357,DG,Guarded
7063,Central I,31.5953,74.3159,Non DG,Un Guarded
S-3332,South III,30.18055,68.55803,Non DG,Un Guarded
3074,Central I,31.46516,74.27333,Non DG,Guarded
N-4799,North II,34.1372,71.78843,DG,Guarded
7276,Central I,31.52802,74.37005,Non DG,Un Guarded
CI-1803,Central I,32.39906,74.47767,Non DG,Un Guarded
5441,Central III,29.39229,70.4813,DG,Guarded
4247,Central II,30.79529,72.25506,Non DG,Un Guarded
ULRR72,South III,30.39728,69.35477,DG,Guarded
8582,North II,33.51284,71.01402,DG,Guarded
N-5084,Central II,32.31394,69.5856,Non DG,Un Guarded
8702,North I,34.23044792,73.61888124,Non DG,Guarded
7130,Central I,31.46059,74.41651,Non DG,Un Guarded
6202,South I,24.83541,67.03289,Non DG,Un Guarded
3855,Central I,31.81652,73.92015,Non DG,Un Guarded
9422,South I,24.8743,67.02147,DG,Guarded
N-5516,North II,32.6828,69.8362,DG,Guarded
6179,South I,24.91079,67.12129,Non DG,Un Guarded
N-4298,North II,34.01428,71.36935,DG,Guarded
1573,South II,27.59059,67.99268,DG,Guarded
4635,Central III,30.24756,73.69661,Non DG,Un Guarded
8722,North I,32.97732,74.0823717,Non DG,Un Guarded
9199,South I,24.85383,67.24195,DG,Guarded
3G-N-1660,North I,34.18513,73.24781,Non DG,Un Guarded
3147,Central I,31.54639,74.28669,Non DG,Un Guarded
CI-1341,Central I,32.55447,74.52523,Non DG,Un Guarded
7467,Central I,31.5853,74.3178,Non DG,Un Guarded
1079,South I,24.82825,67.055638889,Non DG,Un Guarded
1231,South II,28.2845,68.42939,DG,Guarded
8978,North I,33.10791,73.81689,DG,Guarded
1539,South III,30.18942,67.00359,Non DG,Un Guarded
7598,Central I,31.51005,74.34118,Non DG,Un Guarded
3026,Central I,31.58734,74.31833,DG,Guarded
9544,South I,24.888,67.07685,Non DG,Un Guarded
3086,Central I,31.54568,74.32432,DG,Guarded
4347,Central II,31.81157,71.26588,DG,Un Guarded
1004,South I,24.865194444,67.020083333,Non DG,Un Guarded
7053,Central I,31.50257,74.39042,Non DG,Un Guarded
6761,South I,24.9411,67.15237,Non DG,Un Guarded
6912,Central II,32.59817,72.09284,DG,Un Guarded
2528,North I,33.49381,72.71632,Non DG,Un Guarded
4917,Central III,30.78524,70.93187,Non DG,Un Guarded
7713,Central I,32.3168,74.40815,Non DG,Un Guarded
2131,North II,33.97851,71.49133,DG,Guarded
7180,Central I,31.29309,74.18706,DG,Guarded
2806,North I,34.00935,72.936,DG,Guarded
3G-S-2729,South III,27.80421,66.6116,Non DG,Un Guarded
4962,Central III,29.96309,70.24958,DG,Guarded
2479,North II,33.366,70.54819,DG,Guarded
CII-2581,Central III,30.69848,70.65321,Non DG,Un Guarded
1626,Central III,28.28812378,70.06240661,DG,Guarded
4371,Central II,32.27333,72.89499,Non DG,Un Guarded
2324,North II,32.89079,70.71709,DG,Guarded
7972,Central I,31.58606,74.35757,Non DG,Un Guarded
1905,South III,25.21627,64.63727,DG,Guarded
KHI-Wireless-TOR-3,South I,24.8652797269372,67.0646306679465,Non DG,Un Guarded
5765,Central II,31.30071,73.22813,Non DG,Un Guarded
4641,Central III,29.54038,71.63469,Non DG,Guarded
1253,South II,28.255133,68.144373,DG,Guarded
3001,Central I,31.57542,74.31825,DG,Un Guarded
9386,South I,24.93059,67.08577,Non DG,Un Guarded
6465,South I,24.86805,67.05311,Non DG,Un Guarded
2871,North I,33.88801,72.50323,DG,Guarded
N-4004,North II,33.47451,70.86074,DG,Guarded
6069,South I,24.98988,67.08411,Non DG,Un Guarded
CII-2231,Central III,29.38032,70.92422,Non DG,Un Guarded
2145,North II,34.01206,71.57638,DG,Guarded
4880,Central III,29.27568,70.88561,DG,Guarded
9963,South II,26.6998,67.61715,Non DG,Un Guarded
5795,Central III,30.02896,70.62905,Non DG,Guarded
9829,South II,25.34539,68.25875,Non DG,Guarded
8569,North II,34.11837,72.47386,Non DG,Un Guarded
4140,Central III,30.23341,71.51238,DG,Guarded
CI-1052,Central I,32.25869,75.30849,DG,Guarded
2236,North I,32.88149,72.83038,DG,Guarded
8844,North I,33.52697,73.09182,Non DG,Un Guarded
1542,South II,26.65732,67.99569,Non DG,Guarded
4998,Central III,30.89873,70.86497,DG,Guarded
CI-1469,Central I,31.46578,74.32435,DG,Guarded
4973,Central III,30.0455,70.6572,DG,Guarded
N-3751,North II,34.52897,71.898095,Non DG,Un Guarded
1038,South I,24.847694444,67.180305556,DG,Guarded
S-3622,South II,27.55407,68.19633,DG,Un Guarded
MSC-5,North I,33.7299,73.0887,DG,Un Guarded
7327,Central I,31.56023,74.31555,Non DG,Un Guarded
8637,North I,34.16304,73.20585,DG,Un Guarded
3G-CI-4133,Central I,31.4711,74.351,Non DG,Un Guarded
9985,South III,26.01815,63.88318,DG,Guarded
4597,Central III,29.39368,71.64336,DG,Guarded
S-4420,South II,24.75539,69.80457,Non DG,Un Guarded
S-4775,South II,24.9243,69.4606,Non DG,Un Guarded
S-4440,South II,25.370593,68.348402,Non DG,Un Guarded
N-4407,North II,34.00609,71.58586,Non DG,Un Guarded
1940,South II,28.23202,68.77713,Non DG,Guarded
CII-2669,Central II,31.35108,70.68808,Non DG,Un Guarded
3736,Central I,31.540141,74.160477,Non DG,Un Guarded
2414,North II,34.05079,72.36313,DG,Guarded
S-3739,South III,28.02882,67.09061,DG,Guarded
3476,Central I,32.36225,74.24129,DG,Guarded
6927,Central III,29.59084,71.61063,DG,Guarded
5011,Central III,30.16486,71.47875,DG,Guarded
2716,North I,34.14644,73.21003,Non DG,Un Guarded
1831,South III,29.02368,66.59236,DG,Guarded
1817,South III,26.45458,65.22981,DG,Guarded
5380,Central II,31.3412,73.31983,Non DG,Un Guarded
9430,South I,24.93593,67.05689,Non DG,Un Guarded
8659,North II,34.20533,72.04912,Non DG,Un Guarded
N-3828,North I,34.37397,73.47722,Non DG,Un Guarded
CII-2525,Central III,29.67963,70.570075,Non DG,Un Guarded
CII-2524,Central III,29.297851,70.433086,Non DG,Un Guarded
7046,Central I,31.60213,74.24881,Non DG,Un Guarded
N-3484,North II,33.52266,71.05183,Non DG,Un Guarded
CII-2531,Central III,29.622843,70.606035,Non DG,Un Guarded
R008,North I,33.8564699,73.7589205,DG,Guarded
CI-1010,Central I,32.48865,74.52316,Non DG,Un Guarded
2651,North I,32.70777,72.6582,DG,Guarded
3631,Central I,32.42938,74.122,DG,Un Guarded
7265,Central I,31.42943,74.37221,Non DG,Un Guarded
4587,Central III,29.702,72.5491,DG,Guarded
8847,North I,33.5072,73.0923,Non DG,Un Guarded
CII-2053,Central II,31.402,70.71291,Non DG,Un Guarded
9975,South II,26.7807,68.28822,DG,Un Guarded
CII-2321,Central II,31.35474,72.88863,Non DG,Un Guarded
2922,North I,33.77528,72.386,DG,Un Guarded
5647,Central III,29.91393,70.561,Non DG,Un Guarded
Sattal Repeater,North II,35.176327,72.527583,DG,Guarded
9425,South I,24.80853,67.06865,Non DG,Un Guarded
7683,Central I,31.38278,73.9124,Non DG,Un Guarded
2082,North I,33.60727,73.09923,DG,Guarded
8644,North II,34.18896,72.50133,Non DG,Guarded
2261,North I,33.23725,72.91364,DG,Guarded
2105,North II,34.0063333333333,71.4732222222222,DG,Guarded
7150,Central I,31.4877,74.39449,Non DG,Un Guarded
6331,South I,24.93316,67.14048,Non DG,Un Guarded
S-3954,South III,28.74691,65.61922,DG,Guarded
8970,North I,33.19548,73.83399,DG,Guarded
3537,Central I,31.79679,74.25704,DG,Guarded
5242,Central III,28.60774,70.31986,Non DG,Guarded
2986,North II,34.44629,72.48938,DG,Guarded
1114,South II,25.38481,68.36259,Non DG,Un Guarded
N-5754,North II,33.5488,71.1051,Non DG,Un Guarded
6259,South I,24.91809,67.09146,Non DG,Un Guarded
1956,South II,27.09319028,67.73558089,Non DG,Un Guarded
5281,Central III,30.15445,72.683,DG,Guarded
CI-1651,Central I,31.55479,74.31549,Non DG,Un Guarded
S-3148,South I,24.89392,67.02631,Non DG,Un Guarded
6080,South II,25.3536667,68.3963889,Non DG,Un Guarded
3485,Central I,32.24459,75.1524,DG,Guarded
3728,Central I,31.9263,74.3803,DG,Guarded
2017,North I,33.7079,73.08934,DG,Un Guarded
5120,Central III,30.49004,72.36825,DG,Un Guarded
N-4329,North I,33.63454,73.04375,Non DG,Un Guarded
6577,South II,27.94791,68.64026,DG,Guarded
1550,South II,26.043417,68.94775,DG,Guarded
4229,Central II,31.26847,72.3075,DG,Un Guarded
3264,Central I,31.4633,74.22239,Non DG,Un Guarded
1059,South I,24.927333333,67.029805556,Non DG,Un Guarded
4833,Central III,29.1642,70.43658,Non DG,Un Guarded
2203,North I,32.91643,73.70416,DG,Guarded
3303,Central I,32.25007,74.15971,DG,Guarded
9272,South I,24.90615,67.20947,DG,Guarded
CI-1511,Central I,32.38744,75.09263,DG,Guarded
4563,Central II,30.36311,73.40201,Non DG,Un Guarded
9221,South I,24.93865,67.15689,DG,Guarded
N-4431,North I,33.61329,73.071,Non DG,Un Guarded
4999,Central III,30.7725,71.09668,DG,Guarded
1157,South I,24.74815,67.91794,Non DG,Guarded
1022,South I,24.836388889,67.036083333,DG,Guarded
8324,North I,33.62557,73.06187,Non DG,Un Guarded
6263,South I,24.94788,67.06199,Non DG,Un Guarded
CI-1686,Central I,32.19117,74.16864,Non DG,Un Guarded
2601,North I,33.29403,72.76488,DG,Guarded
4942,Central III,30.14605,71.2263,DG,Guarded
S-7325,South II,27.8516,67.902,Non DG,Un Guarded
S-3075,South II,27.68401,68.9131,Non DG,Un Guarded
3949,Central I,32.2505,74.16776,Non DG,Un Guarded
CII-2204,Central II,31.61362,73.44619,Non DG,Un Guarded
CI-1041,Central I,32.05706,74.69235,Non DG,Un Guarded
9645,South I,24.844907,66.99699,Non DG,Un Guarded
9195,South I,24.88383,66.97722,DG,Guarded
7744,Central I,31.87265,74.17877,DG,Guarded
4576,Central III,29.80255,72.87454,DG,Guarded
2157,North II,33.99967,71.5772,DG,Guarded
S-3427,South I,24.94335,66.94139,Non DG,Un Guarded
CII-2578,Central III,29.65757,70.5942,DG,Un Guarded
2151,North II,33.93735,71.55256,DG,Guarded
7241,Central I,31.53282,74.26015,Non DG,Guarded
9805,South II,25.39989,68.36853,DG,Guarded
3693,Central I,32.44389,74.12109,DG,Guarded
5076,Central II,30.68303,71.76555,Non DG,Un Guarded
2538,North I,33.00407,73.22678,DG,Guarded
5873,Central III,28.30825,70.11816,DG,Un Guarded
N-4756,North II,32.90297,70.73424,DG,Guarded
CI-1351,Central I,32.44467,74.63124,DG,Guarded
CI-1053,Central II,31.72396,73.47262,Non DG,Un Guarded
6025,South I,24.91968,67.15329,DG,Guarded
4369,Central II,32.34015,71.88146,Non DG,Un Guarded
1000,South I,24.865555556,67.064444444,Non DG,Un Guarded
6136,South I,24.79303,67.37421,Non DG,Un Guarded
2924,North I,33.79605,72.35989,DG,Guarded
1814,South III,30.81511,67.28513,DG,Guarded
4612,Central III,29.37761,71.70354,DG,Guarded
7553,Central I,31.57912,74.3228,Non DG,Un Guarded
N-4305,North I,34.02449,72.91214,Non DG,Un Guarded
9777,South II,27.94791,69.66803,DG,Guarded
7061,Central I,31.6003,74.32026,Non DG,Un Guarded
8530,North II,33.11622,71.09887,DG,Guarded
4158,Central III,30.03626,71.81326,DG,Un Guarded
4557,Central III,30.29121,73.05132,Non DG,Un Guarded
4222,Central II,31.29534,72.32362,DG,Un Guarded
8206,North I,33.61116,73.00345,Non DG,Un Guarded
N-4175,North II,32.31991,70.73184,Non DG,Un Guarded
7778,Central I,32.56503,74.53345,DG,Un Guarded
4271,Central III,29.0336,70.82631,DG,Guarded
5118,Central II,31.86163,70.90643,Non DG,Un Guarded
5151,Central II,31.83817,70.9057,DG,Guarded
3077,Central I,31.55585,74.31982,DG,Guarded
CII-2613,Central II,31.48338,73.17412,DG,Guarded
6176,South I,24.914152,67.121915,Non DG,Un Guarded
CI-1712,Central I,31.43061,74.28393,Non DG,Un Guarded
6558,South I,25.00328,67.0608,DG,Guarded
CI-1134,Central I,31.60291,74.40757,Non DG,Un Guarded
5777,Central III,30.70043,70.65755,DG,Un Guarded
S-4329,South III,30.10326,66.95998,Non DG,Un Guarded
S-7483,South III,30.21247,67.01386,Non DG,Un Guarded
S-4595,South III,30.93579,66.43406,Non DG,Un Guarded
4475,Central III,29.62358,71.91244,DG,Guarded
4796,Central II,30.82159,72.92319,DG,Guarded
S-3083,South III,29.10848,64.50651,Non DG,Guarded
2363,North II,34.83327,71.83848,DG,Guarded
CII-2833,Central III,30.8717,70.6855,DG,Un Guarded
6647,North II,33.58531,71.42795,Non DG,Un Guarded
S-4117,South III,27.8985,67.30613,DG,Guarded
S-4122,South II,28.01146,67.39204,Non DG,Guarded
S-4120,South II,27.93606,67.38258,Non DG,Guarded
S-4118,South II,27.96207,67.32697,Non DG,Guarded
S-4119,South II,27.937,67.34209,Non DG,Guarded
S-4116,South III,27.8664,67.28049,DG,Guarded
3426,Central I,32.49141,74.55214,DG,Guarded
7049,Central I,31.51127,74.35795,DG,Un Guarded
S-7839,South III,27.66563,66.13699,Non DG,Guarded
N-3886,North I,33.692173,73.016028,Non DG,Un Guarded
N-3887,North I,33.692173,73.016028,Non DG,Un Guarded
S-7840,South III,28.75484,63.88601,Non DG,Guarded
S-7843,South I,25.94641,67.2998,Non DG,Guarded
N-3915,North I,33.891345,73.15701,Non DG,Un Guarded
S-7846,South III,29.00302,65.87253,Non DG,Guarded
7097,Central I,31.4796,74.25296,DG,Un Guarded
9373,South I,24.92865,67.06357,DG,Un Guarded
4415,Central II,30.42877,73.04228,DG,Guarded
9152,South I,24.96972,66.91599,DG,Guarded
S-7847,South III,27.60891,66.19926,Non DG,Guarded
S-7841,South III,28.42856,66.58621,Non DG,Guarded
S-4906,South III,30.85037,67.7296,Non DG,Un Guarded
S-7833,South III,26.94795,64.15843,Non DG,Guarded
CII-8071,South II,29.1696,72.36258,Non DG,Un Guarded
N-3910,North I,33.45676,72.873,Non DG,Un Guarded
S-7842,South III,28.58485,66.77885,Non DG,Guarded
S-4908,South II,27.8178,69.4816,Non DG,Un Guarded
8117,North I,33.6672,73.05761,DG,Un Guarded
2828,North I,33.79786,72.74702,DG,Guarded
1798,South III,28.8846,64.40048,DG,Guarded
3800,Central I,31.81455,73.78011,DG,Guarded
R003,North I,34.2313452,73.5018046,DG,Guarded
9340,South I,24.92042,67.09398,DG,Un Guarded
S-4005,South III,28.91372,63.57578,Non DG,Guarded
5580,Central III,30.98258,70.9388,DG,Guarded
CII-2045,Central III,30.04081,72.3709,Non DG,Un Guarded
CII-2250,Central III,30.04044,70.64512,Non DG,Un Guarded
8173,North I,33.58882,72.98043,Non DG,Un Guarded
8048,North I,33.60273,73.05114,DG,Guarded
9754,South II,27.66811,68.35812,Non DG,Un Guarded
7213,Central I,31.46932,74.26673,DG,Guarded
8235,North I,33.63236,73.03144,Non DG,Un Guarded
N-4218,North II,34.1877,71.47726,DG,Guarded
1112,South II,25.39971,68.38609,DG,Guarded
3783,Central I,32.1569,73.79059,Non DG,Guarded
4650,Central III,29.64074,70.59501,DG,Guarded
6653,North II,33.70606,71.49151,Non DG,Un Guarded
8651,North II,34.16639,72.30878,DG,Guarded
N-4501,North II,32.74122,70.71613,DG,Guarded
3020,Central I,31.27098,74.04698,DG,Guarded
7907,Central I,32.80395,73.89678,Non DG,Un Guarded
8549,North II,33.59609,71.33671,DG,Guarded
9724,South II,27.37326,68.09962,DG,Guarded
1544,South III,30.25699,66.97328,Non DG,Un Guarded
S-3085,South II,27.87848,67.67193,Non DG,Un Guarded
3502,Central I,31.69723,73.97717,DG,Guarded
7625,Central I,31.24681,74.21325,Non DG,Un Guarded
4692,Central II,30.67343,73.64614,Non DG,Un Guarded
6633,North II,32.92056,70.66962,DG,Guarded
4003,Central II,31.40467,73.06431,DG,Guarded
CII-2104,Central II,31.06584,72.49477,Non DG,Un Guarded
CII-2312,Central III,30.70033,70.64078,DG,Un Guarded
7260,Central I,31.39763,74.19222,DG,Guarded
8080,North I,33.5802,73.14365,DG,Un Guarded
7554,Central I,31.58038,74.3151,Non DG,Un Guarded
N-4376,North I,32.93851,72.86861,Non DG,Un Guarded
9133,South I,24.94653,67.09268,Non DG,Guarded
7753,Central I,32.4829,74.5374,DG,Guarded
7322,Central I,31.53789,74.41957,Non DG,Un Guarded
2849,North II,34.06481,72.61258,DG,Guarded
7858,Central I,31.37689,74.18196,Non DG,Un Guarded
S-3080,South III,27.91908,62.92471,DG,Guarded
1617,South II,26.35337,68.36254,Non DG,Guarded
N-4336,North II,33.99643,71.73499,Non DG,Un Guarded
N-4668,North II,34.19713,71.99592,Non DG,Un Guarded
N-4339,North II,34.09586,72.02995,Non DG,Un Guarded
N-4889,North II,34.05835,71.60206,Non DG,Un Guarded
3079,Central I,31.47561,74.40178,Non DG,Un Guarded
8924,North I,33.84995,73.63883,DG,Guarded
S-4310,South III,26.00926,63.04743,Non DG,Un Guarded
CI-1254,Central I,31.518,74.3443,Non DG,Un Guarded
6087,South I,24.94203,67.09177,Non DG,Un Guarded
S-4008,South III,31.4838,69.7116,DG,Guarded
S-4349,South III,26.01027,63.05438,Non DG,Un Guarded
CII-2494,Central II,30.14862,72.69755,Non DG,Un Guarded
S-7877,South I,25.0338,67.3302,Non DG,Un Guarded
N-4644,North II,33.82521,70.6772,Non DG,Un Guarded
2644,North I,34.3697,73.07461,DG,Guarded
N-3816,North II,34.03868,71.59386,Non DG,Un Guarded
N-3812,North I,33.94511,73.7879,Non DG,Un Guarded
N-3692,North II,33.89583,71.77583,Non DG,Un Guarded
N-3776,North I,33.51995,73.16417,Non DG,Un Guarded
S-4558,South I,24.88141198,66.94901584,Non DG,Un Guarded
3814,Central I,31.733408,74.096313,Non DG,Un Guarded
CI-1420,Central I,31.402768,74.286711,Non DG,Un Guarded
S-4585,South III,30.27168,68.32088,Non DG,Un Guarded
N-3515,North II,33.91752,71.46368,Non DG,Un Guarded
CI-1333,Central I,31.401114,74.171276,Non DG,Un Guarded
9675,South I,24.847379,67.025666,Non DG,Un Guarded
S-4807,South I,25.121514,67.3627907,Non DG,Un Guarded
3184,Central I,31.42419,74.36184,Non DG,Un Guarded
N-3813,North II,71.57184,34.33677,Non DG,Un Guarded
N-3811,North I,33.03812,73.17362,Non DG,Un Guarded
S-4454,South I,24.864156,67.078451,Non DG,Un Guarded
N-3817,North II,34.88434,71.48667,Non DG,Un Guarded
S-4030,South III,30.16862,69.83141,DG,Guarded
N-3814,North II,33.99405,72.12404,Non DG,Un Guarded
S-4839,South II,26.841338,68.10577,Non DG,Un Guarded
S-4289,South I,24.92635,67.13715,Non DG,Un Guarded
N-3815,North II,33.89899,71.26285,Non DG,Un Guarded
N-3500,North II,33.5889,71.4219,Non DG,Un Guarded
S-4844,South III,30.1082,66.994,Non DG,Un Guarded
N-3756,North II,33.97388,72.30831,DG,Un Guarded
S-4845,South III,30.1398,66.9952,Non DG,Un Guarded
S-4828,South III,28.892049,64.907741,DG,Un Guarded
N-3669,North II,34.06923,72.62142,Non DG,Un Guarded
S-4315,South III,25.19869363,62.33696571,Non DG,Un Guarded
S-4705,South III,30.22936,66.98413,Non DG,Un Guarded
S-4321,South I,24.8177,67.11964,Non DG,Un Guarded
S-4327,South III,30.192,66.9581,Non DG,Un Guarded
S-4529,South I,24.96011,67.088,Non DG,Un Guarded
N-3026,North I,33.58411,73.01215,Non DG,Un Guarded
N-5637,North I,33.5738,73.0063,Non DG,Un Guarded
6395,South I,24.85663,67.00146,Non DG,Un Guarded
N-5511,North II,34.02748,71.58368,Non DG,Un Guarded
5640,Central III,29.31817,70.71531,Non DG,Un Guarded
2190,North II,34.02744,71.56526,Non DG,Un Guarded
7342,Central I,32.06161,73.67533,DG,Un Guarded
8885,North I,32.9753,73.697,DG,Guarded
2950,North II,35.14501,72.53356,DG,Guarded
2779,North I,34.46732,73.2755,DG,Guarded
9479,South I,24.85969,67.21664,Non DG,Guarded
CII-2585,Central II,32.45571,71.48432,DG,Un Guarded
4173,Central III,29.57452,71.01737,DG,Guarded
2326,North II,32.97935,70.6174,Non DG,Un Guarded
3172,Central I,31.59059,74.3794,Non DG,Un Guarded
9826,South II,25.41317,68.28124,Non DG,Guarded
9539,South I,25.05234,67.10889,DG,Guarded
6620,North II,32.83764,70.64357,DG,Guarded
CII-2577,Central III,30.47097,70.7293,Non DG,Guarded
2152,North II,33.95564,71.5438,DG,Guarded
2410,North II,34.00468,72.12385,DG,Guarded
5081,Central III,30.56227,71.77729,Non DG,Guarded
6290,South II,25.3561,68.3483,Non DG,Un Guarded
2915,North II,34.15915,71.74983,DG,Guarded
7281,Central I,31.63203,74.27948,Non DG,Un Guarded
8019,North I,33.54358,72.99935,DG,Guarded
8082,North I,33.50267,73.19642,DG,Un Guarded
7308,Central I,31.60808,74.37097,Non DG,Un Guarded
CII-2047,Central III,30.5881,70.731567,Non DG,Un Guarded
1858,South III,27.344,66.37225,DG,Guarded
3135,Central I,31.39528,74.25605,Non DG,Un Guarded
4781,Central II,30.83458,72.78449,DG,Guarded
HKHIBSC08,South I,24.865232,67.064769,Non DG,Un Guarded
1671,South II,28.1683,69.73058,Non DG,Guarded
1681,South II,27.64899,68.83583,Non DG,Un Guarded
S-7405,South III,30.2066,66.9928,Non DG,Un Guarded
6921,Central II,31.06784,72.18009,DG,Guarded
7441,Central I,31.5796,74.3198,Non DG,Un Guarded
6553,South I,24.95327,67.05425,Non DG,Un Guarded
6961,Central II,30.7211,73.17448,Non DG,Un Guarded
5991,Central III,29.13496,70.32886,DG,Guarded
7600,Central I,31.7195,73.99869,DG,Guarded
9278,South I,24.84193,67.05017,Non DG,Un Guarded
8505,North II,34.02081,71.59486,Non DG,Un Guarded
CI-1309,Central I,31.97077,73.10805,Non DG,Un Guarded
3G-N-1661,North I,34.1853,73.2313,Non DG,Un Guarded
CI-1592,Central I,31.46909,74.42347,Non DG,Un Guarded
8717,North I,32.91298,74.11403,Non DG,Un Guarded
4314,Central II,32.28267,72.29545,DG,Un Guarded
1489,South III,29.549817,67.878717,Non DG,Un Guarded
3046,Central I,31.56532,74.34824,DG,Guarded
3094,Central I,31.57518,74.35035,DG,Un Guarded
4676,Central II,30.81786,72.17284,Non DG,Un Guarded
5767,Central II,31.35408,72.86074,Non DG,Un Guarded
8909,North I,33.865302,73.758868,DG,Guarded
8613,North I,33.98521,72.94104,DG,Guarded
UKSR03,South III,30.72721,69.0036,DG,Guarded
S-3408,South III,30.13876,66.983,Non DG,Un Guarded
HFSDBSC01,Central II,31.40995,73.10939,Non DG,Un Guarded
HFSDBSC02,Central II,31.40995,73.10939,Non DG,Un Guarded
CII-8017,Central III,28.768496,70.018717,Non DG,Un Guarded
4760,Central II,31.57105,73.18541,DG,Guarded
5620,Central II,32.15012,72.72296,DG,Guarded
5578,Central II,31.41044,71.15389,DG,Guarded
3987,Central I,32.49381,73.41568,DG,Guarded
1978,South III,30.69406,67.10822,DG,Guarded
5704,Central III,29.76587,72.41151,Non DG,Guarded
4241,Central II,30.78746,72.24805,DG,Guarded
7601,Central I,31.70408,73.96711,DG,Un Guarded
6909,Central II,32.48669,72.32434,DG,Un Guarded
N-4831,North I,33.76223,73.69279,Non DG,Un Guarded
2096,North I,33.68643,73.00561,DG,Un Guarded
3609,Central I,32.56768,74.0832,DG,Un Guarded
1129,South II,25.3899,68.34062,Non DG,Guarded
6757,South I,24.85575,67.19344,Non DG,Guarded
1372,South II,27.19991,67.92421,DG,Guarded
9365,South I,24.89718,67.0668,DG,Guarded
7071,Central I,31.54606,74.35491,Non DG,Un Guarded
1979,South III,30.32644,66.92124,Non DG,Guarded
2711,North I,34.15111,73.31401,DG,Un Guarded
5831,Central III,30.17635,72.69276,Non DG,Un Guarded
5789,Central III,30.12885,70.89552,DG,Guarded
4429,Central III,30.46774,72.45297,DG,Guarded
7215,Central I,31.38254,74.23077,Non DG,Un Guarded
4814,Central II,30.596,72.904,Non DG,Un Guarded
4263,Central III,29.9033947,71.760664,DG,Guarded
CI-1306,Central I,31.42594,74.18048,Non DG,Un Guarded
1386,South III,30.18773,67.01508,Non DG,Un Guarded
3541,Central I,31.80238,74.25374,Non DG,Un Guarded
2670,North I,32.91177,73.75987,DG,Guarded
9363,South I,24.86748,67.02349,Non DG,Un Guarded
8044,North I,33.63137,73.03848,DG,Guarded
4341,Central II,31.61673,71.06982,DG,Guarded
CI-1715,Central I,31.55019,74.27122,Non DG,Un Guarded
3G-S-4230,South I,25.02045,67.11032,Non DG,Un Guarded
S-7824,South I,25.05772,67.353,Non DG,Un Guarded
3G-S-4156,South I,24.863273,67.06958,Non DG,Un Guarded
BSC NWB,South II,26.2482769,68.4066796,DG,Guarded
8434,North I,33.68183,72.98538,Non DG,Un Guarded
1641,Central III,28.64859,70.65749,DG,Guarded
2100,North II,34.01211,71.56672,DG,Un Guarded
3962,Central I,31.46602,74.35607,Non DG,Un Guarded
S-3837,South III,30.66377,67.74405,DG,Guarded
8861,North I,33.54883,73.12993,Non DG,Un Guarded
9460,South I,24.82326,67.14042,Non DG,Un Guarded
3340,Central I,32.09252,74.87506,DG,Guarded
3393,Central I,32.0523,74.3416,DG,Guarded
4320,Central II,31.82086,70.91016,DG,Guarded
7378,Central I,32.13524,74.19409,Non DG,Un Guarded
S-3800,South III,30.10737,66.97675,Non DG,Un Guarded
5006,Central III,30.18667,71.44353,DG,Guarded
S-7742,South III,31.40105,67.82596,DG,Guarded
CII-2258,Central II,31.42014,73.12503,Non DG,Un Guarded
5400,Central II,31.83007,72.28324,Non DG,Un Guarded
8955,North I,33.29162,73.86731,DG,Guarded
3782,Central I,32.12259,73.81329,DG,Guarded
2061,North I,33.57365,73.03806,DG,Un Guarded
S-3881,South III,26.57022,65.69134,DG,Guarded
CI-1157,Central I,31.69735,74.00414,Non DG,Un Guarded
7550,Central I,31.58226,74.31641,Non DG,Un Guarded
9074,South I,24.83563,67.1,DG,Guarded
4041,Central II,31.41731,73.0433,Non DG,Un Guarded
R017,North I,33.6856483,73.5239905,DG,Guarded
9661,South I,24.875938,67.062158,Non DG,Un Guarded
1886,South I,24.86007,67.02506,Non DG,Un Guarded
4088,Central II,31.34365,73.42353,DG,Guarded
1778,South II,25.03963,69.51977,DG,Guarded
2947,North II,34.00757,71.93296,Non DG,Un Guarded
8579,North II,33.00366,70.64307,DG,Guarded
3720,Central I,32.15597,74.13692,Non DG,Un Guarded
S-3296,South III,30.16116,66.98117,Non DG,Guarded
2296,North I,33.26143,73.3025,Non DG,Un Guarded
2124,North II,34.02324,71.6112,DG,Guarded
2408,North II,34.00866,71.8932,DG,Guarded
CI-1278,Central I,32.19513,74.22454,Non DG,Un Guarded
7535,Central I,31.5816,74.31614,Non DG,Un Guarded
6370,South I,24.81999,67.11475,Non DG,Un Guarded
N-5504,North I,32.743598,73.225426,DG,Guarded
3G-CII-3244,Central II,32.0743,72.704,Non DG,Un Guarded
4579,Central III,29.78944,72.85383,DG,Guarded
R024,North I,34.31944,73.304788,DG,Guarded
6565,South I,24.91999,66.99525,Non DG,Guarded
S-3214,South III,30.20007,66.99189,Non DG,Guarded
7382,Central I,31.55968,74.33138,Non DG,Un Guarded
1005,South I,24.844083333,67.030388889,DG,Un Guarded
4124,Central III,30.20691,71.51237,DG,Guarded
N-5196,North II,32.70271,69.83492,Non DG,Un Guarded
3940,Central I,32.19126,74.19987,DG,Guarded
9191,South I,24.9225,66.9717,Non DG,Un Guarded
N-5894,North I,33.6016,72.9901,Non DG,Un Guarded
1519,South III,30.18549,67.01024,Non DG,Un Guarded
N-5176,North II,33.79002,71.00559,Non DG,Un Guarded
N-5177,North II,33.78875,71.0891,Non DG,Un Guarded
5436,Central III,28.49806,70.607783,Non DG,Un Guarded
8932,North I,34.17837,73.78467,DG,Guarded
9062,South I,24.9214,67.08708,DG,Guarded
S-3513,South III,31.587,68.1802,DG,Guarded
8003,North I,33.5952,73.07235,Non DG,Un Guarded
7123,Central I,31.46553,74.3144,DG,Guarded
9906,South II,24.98922,68.39054,DG,Guarded
1645,Central III,28.6519,70.64539,DG,Guarded
4517,Central II,30.79343,73.44218,Non DG,Un Guarded
6435,South I,24.82093,67.00667,Non DG,Un Guarded
CII-2608,Central II,31.51853,72.95182,Non DG,Un Guarded
5598,Central II,31.5891,73.5883,Non DG,Un Guarded
2331,North II,32.92715,70.94361,DG,Guarded
5586,Central I,32.224556,73.215417,DG,Guarded
PTCL Qasimabad HYD,South II,25.393546,68.335679,Non DG,Un Guarded
PTCL Kashmor,South II,28.435464,69.580586,Non DG,Un Guarded
PTCL Tando Adam,South II,25.757015,68.649353,Non DG,Un Guarded
7202,Central I,31.59385,74.33933,Non DG,Guarded
7864,Central I,32.63597,74.1619,Non DG,Un Guarded
9518,South I,24.88282,67.11295,DG,Guarded
HJHLBSC02,North I,32.923472,73.72004,DG,Un Guarded
1346,South II,26.12879,68.80251,Non DG,Guarded
9294,South I,24.83059,67.25322,DG,Guarded
3G-CII-3454,Central III,29.36938,71.69136,Non DG,Un Guarded
S9303 A1 and A2 (ISB),North I,33.6612451,73.0493425,Non DG,Un Guarded
7630,Central I,31.22269,74.25311,Non DG,Un Guarded
3124,Central I,31.51744,74.31637,Non DG,Un Guarded
7282,Central I,31.59499,74.34856,DG,Guarded
9769,South II,27.5185,69.04308,DG,Un Guarded
S-3274,South I,24.82028,67.06092,Non DG,Un Guarded
CII-2062,Central II,31.75087,70.80509,DG,Guarded
4133,Central III,30.17776,71.45072,DG,Guarded
N-5505,North I,33.71456,73.5452,DG,Guarded
7555,Central I,31.58092,74.31407,Non DG,Un Guarded
5046,Central III,30.03979,71.81758,Non DG,Un Guarded
S-3576,South III,30.36973,69.07446,DG,Guarded
6468,South I,24.87213,66.99757,Non DG,Guarded
N-5559,North II,33.53791,70.82429,DG,Guarded
4665,Central III,30.03755,72.35438,DG,Un Guarded
7385,Central I,31.46333,74.22235,Non DG,Un Guarded
8178,North I,33.62948,73.09091,DG,Un Guarded
9592,South I,24.847319,66.998931,Non DG,Un Guarded
2838,North I,34.14287,73.03484,DG,Guarded
2232,North I,32.92977,72.86041,Non DG,Un Guarded
S-3562,South III,30.88507,69.25882,DG,Guarded
7223,Central I,31.5321,74.32067,Non DG,Guarded
MSC Duct factory,South I,24.88792,67.168161,DG,Un Guarded
2376,North II,34.26412,71.69664,DG,Guarded
N-5891,North II,33.9895,71.4802,Non DG,Un Guarded
9275,South I,25.02457,67.13829,DG,Guarded
7640,Central I,31.06241,74.34904,DG,Un Guarded
8609,North I,33.89709,72.28388,Non DG,Un Guarded
1603,South II,26.25279,68.4167,DG,Guarded
4655,Central III,29.2913,70.45891,DG,Guarded
7913,Central I,32.69088,73.70453,Non DG,Un Guarded
N-4445,North I,34.30894,73.20672,Non DG,Un Guarded
S-3558,South III,31.16143,67.69479,DG,Guarded
N-4288,North II,33.5313,71.08528,Non DG,Un Guarded
7023,Central I,31.4589,74.38939,Non DG,Un Guarded
5404,Central II,32.07934,72.3652,Non DG,Un Guarded
9726,South II,27.952266,68.632135,Non DG,Un Guarded
9802,South II,25.35385,68.35209,DG,Un Guarded
N-4665,North I,33.6865,73.04239,Non DG,Un Guarded
7181,Central I,31.25055,74.18925,DG,Guarded
6418,South I,24.892913,66.898084,Non DG,Un Guarded
PTCL Gujrat,Central I,32.57116667,74.0691944,Non DG,Un Guarded
6729,North I,33.65013,73.0327,Non DG,Un Guarded
9875,South I,24.75087,67.89184,DG,Guarded
CII-2026,Central III,30.20295,71.49407,Non DG,Un Guarded
2407,North II,33.96249,72.20537,DG,Guarded
N-4721,North II,33.50584,71.72757,Non DG,Un Guarded
6199,South I,24.90697,67.12888,Non DG,Un Guarded
1003,South I,24.8605,66.996472222,Non DG,Un Guarded
2452,North II,34.06488,72.10018,Non DG,Un Guarded
7701,Central I,32.09728,74.74642,Non DG,Un Guarded
1780,South II,24.97461,69.48363,DG,Guarded
1125,South II,25.37321,68.32477,DG,Guarded
2850,North II,34.06893,72.58008,DG,Guarded
3097,Central I,31.5001,74.34953,Non DG,Un Guarded
1853,South III,28.32952,66.11281,DG,Guarded
5336,Central II,30.97307,72.93729,Non DG,Guarded
5405,Central II,32.05167,72.91746,DG,Un Guarded
1624,South II,28.05011,69.69077,DG,Guarded
3205,Central I,31.52077,74.31923,Non DG,Un Guarded
1430,South III,30.19512,67.02073,Non DG,Guarded
2586,North I,33.21428,72.17622,DG,Guarded
4766,Central II,31.57854,73.47432,DG,Guarded
1021,South I,25.020027778,67.065027778,Non DG,Un Guarded
CII-2082,Central II,32.74195,71.26879,DG,Guarded
S-3360,South I,24.77613,67.06124,Non DG,Un Guarded
9503,South I,24.98106,67.06239,DG,Guarded
4349,Central II,31.6235,71.07125,DG,Un Guarded
PTCL Bhai Pheru,Central I,31.21151,73.940929,Non DG,Un Guarded
5650,Central III,29.8219,70.631,DG,Guarded
4200,Central II,30.97018,72.47708,Non DG,Guarded
PTCL Thokar,Central I,31.459019,74.218397,Non DG,Un Guarded
DTE Mandi,Central I,32.583721,73.494073,Non DG,Un Guarded
8514,North II,34.22093,72.24142,DG,Guarded
PTCL Exchange Phalia,Central I,32.4336,73.5807194,Non DG,Un Guarded
7189,Central I,31.49728,74.25664,Non DG,Guarded
PTCL Ghaghar,Central I,32.30361111,74.1542222,Non DG,Un Guarded
PTCL Deska,Central I,32.34264,74.35368,Non DG,Un Guarded
4844,Central III,29.60002,70.49146,DG,Guarded
7644,Central I,31.01793,73.9933,DG,Un Guarded
8555,North II,33.540486,71.463266,Non DG,Un Guarded
N-4479,North II,34.39749,72.47778,Non DG,Un Guarded
PTCL Exchange Patoki,Central I,31.01883333,73.8519167,Non DG,Un Guarded
PTCL Emainabad,Central I,32.04277778,74.25475,Non DG,Un Guarded
DTE Narowal,Central I,32.103674,74.867123,Non DG,Un Guarded
DTE Kharian,Central I,32.809,73.874,Non DG,Un Guarded
CI-1685,Central I,32.1285,74.20176,Non DG,Un Guarded
5356,Central II,31.04299,72.4437,DG,Guarded
PTCL Lala Mosa,Central I,32.705302,73.95524,Non DG,Un Guarded
S-3736,South III,28.0765,66.8279,DG,Guarded
PTCL Jalal pur jatan,Central I,32.639662,74.209242,Non DG,Un Guarded
4292,Central III,28.94968,70.36254,DG,Guarded
PTCL SEHNA,Central I,32.56328,73.31398,Non DG,Un Guarded
PTCL SHARAQ PUR,Central I,31.466127,74.093547,Non DG,Un Guarded
PTCL DINGA,Central I,32.647517,73.724667,Non DG,Un Guarded
6537,South III,31.34321,69.46122,Non DG,Un Guarded
5728,Central II,31.72967,72.98887,Non DG,Un Guarded
PTCL Khudian,Central I,31.1259,74.44558,Non DG,Un Guarded
CI-1633,Central I,31.60643,74.32048,Non DG,Un Guarded
4087,Central II,31.4449,73.06001,DG,Guarded
PTCL Pasroor,Central I,32.26446,74.64935,Non DG,Un Guarded
PTCL Pindi Bhattian,Central I,31.903633,73.271099,Non DG,Un Guarded
8328,North I,33.70342,73.05548,Non DG,Un Guarded
2056,North I,33.65221,73.0718,DG,Un Guarded
2095,North I,33.59918,73.08941,DG,Guarded
PTCL Chak Jhumra,Central II,31.569523,73.184745,Non DG,Un Guarded
PTCL Ram Duwali,Central II,31.557,73.05036,Non DG,Un Guarded
6692,North I,33.58873,73.40067,Non DG,Un Guarded
PTCL Khurrianwala,Central II,31.499449,73.27231,Non DG,Un Guarded
35-KHI-914-1000,South I,24.865232,67.064769,Non DG,Un Guarded
PTCL Chiniot,Central II,31.7208,72.98693,Non DG,Un Guarded
PTCL Jaranwala,Central II,31.338306,73.421321,Non DG,Un Guarded
4020,Central II,31.49456,73.27138,DG,Un Guarded
6741,North I,33.61234,73.06005,Non DG,Un Guarded
PTCL Exchange Deepal Pur,Central II,30.673058,73.6472,Non DG,Un Guarded
S-3566,South III,30.67043,69.0083,DG,Guarded
PTCL  Okara cant,Central II,30.754632,73.346339,Non DG,Un Guarded
6744,North I,34.19998,73.22732,Non DG,Guarded
PTCL Gojra,Central II,31.151011,72.681487,Non DG,Un Guarded
PTCL Rabwa,Central II,31.757464,72.916317,Non DG,Un Guarded
PTCL Shahkot,Central II,31.57501,73.48315,Non DG,Un Guarded
PTCL Bhawana,Central II,31.573479,72.65328,Non DG,Un Guarded
5587,Central II,32.15648,72.92094,Non DG,Un Guarded
PTCL Chicha Watni,Central II,30.529615,72.68325,Non DG,Un Guarded
6191,South I,24.90689,67.11304,Non DG,Un Guarded
8812,North I,33.52667,73.10549,Non DG,Un Guarded
PTCL Bhalwal,Central II,32.27121,72.90405,Non DG,Un Guarded
4846,Central III,29.56082,70.36893,DG,Guarded
7889,Central I,32.76922,74.21402,Non DG,Un Guarded
8663,North II,33.98895,72.1603,Non DG,Guarded
3315,Central I,32.21629,74.17579,DG,Guarded
7698,Central II,31.21951,73.66325,DG,Guarded
7188,Central I,31.5046,74.25535,Non DG,Un Guarded
4480,Central III,30.47017,70.96482,DG,Un Guarded
4963,Central III,30.00431,70.53199,DG,Guarded
1800,South III,30.69707,68.35511,DG,Guarded
8647,North II,34.19746,72.06164,Non DG,Un Guarded
8982,North I,35.92,74.38,DG,Un Guarded
1016,South I,24.905527778,67.116194444,DG,Guarded
2581,North I,33.05328,71.90605,Non DG,Un Guarded
6635,North I,32.91445,73.69428,DG,Un Guarded
9241,South I,24.94364,67.04567,Non DG,Un Guarded
1269,South II,27.559358,68.220499,DG,Guarded
9323,South I,24.92136,67.128,Non DG,Un Guarded
S-3571,South III,30.31411,69.22394,DG,Guarded
3848,Central I,31.8122,73.53131,Non DG,Guarded
5116,Central II,31.84744,70.86661,DG,Un Guarded
S-4088,South III,27.7145,66.2773,Non DG,Guarded
8685,North II,33.87556,71.71498,DG,Guarded
N-4304,North II,34.45557,71.91004,Non DG,Un Guarded
1722,South II,25.42895,68.88179,Non DG,Un Guarded
MGW Hyderabad,South II,25.357661,68.380564,DG,Un Guarded
S-3714,South III,27.16913,66.23068,DG,Guarded
N-4215,North II,34.12201,71.65217,Non DG,Un Guarded
3667,Central I,32.5737,74.5471,DG,Guarded
4539,Central II,30.68434,73.06879,DG,Guarded
5807,Central II,31.46602,73.13437,Non DG,Un Guarded
N-5542,North I,33.64585,73.04185,Non DG,Un Guarded
2692,North I,33.74595,72.29299,DG,Un Guarded
S-7756,South I,24.802222,67.443611,Non DG,Un Guarded
8164,North I,33.71604,73.05838,DG,Un Guarded
8135,North I,33.62532,73.06927,DG,Guarded
CI-1613,Central I,31.54488,74.40934,Non DG,Un Guarded
N-4743,North II,34.03724,71.60871,DG,Un Guarded
1375,South II,27.50852,68.86044,DG,Guarded
3085,Central I,31.46361,74.37519,Non DG,Un Guarded
9131,South I,24.90349,67.07991,Non DG,Un Guarded
4819,Central II,31.87435,72.77747,DG,Un Guarded
8022,North I,33.63542,73.06248,DG,Guarded
2914,North II,34.16596,72.45978,DG,Guarded
CII-2505,Central II,32.06394,70.36929,Non DG,Un Guarded
3G-CI-4142,Central I,31.6061,74.3492,Non DG,Un Guarded
S-4910,South I,24.80245,67.10041,Non DG,Un Guarded
7959,Central I,32.43047,74.359279,Non DG,Un Guarded
1699,South III,25.80968,66.62588,DG,Guarded
3708,Central I,32.22392,74.87847,Non DG,Un Guarded
2432,North I,33.94614,73.04474,Non DG,Un Guarded
5122,Central II,31.83201,70.90201,Non DG,Un Guarded
CII-2275,Central II,30.719,72.65283,Non DG,Un Guarded
4029,Central II,31.42473,73.11151,DG,Un Guarded
S-3515,South II,25.77495,67.55908,DG,Un Guarded
6106,South I,24.80143,67.02933,Non DG,Un Guarded
8330,North I,33.70436,73.05486,Non DG,Un Guarded
4463,Central III,30.29812,71.92896,DG,Guarded
4383,Central II,32.2657,72.67659,DG,Guarded
1225,South II,27.94818,68.63433,DG,Guarded
6241,South I,24.92517,67.10104,Non DG,Un Guarded
S-3986,South III,28.10207,64.466772379,DG,Guarded
CII-2199,Central II,31.55699,73.05035,Non DG,Un Guarded
2227,North I,32.9444,72.85505,DG,Guarded
7564,Central I,31.1187,74.4509,Non DG,Un Guarded
S-3687,South III,27.384,66.4948,DG,Guarded
2130,North II,33.97863,71.52369,DG,Guarded
2802,North I,33.9859,72.98278,DG,Guarded
9492,South I,24.86867,66.99308,Non DG,Un Guarded
1235,South II,28.29142,68.43298,DG,Guarded
5280,Central III,30.16236,72.68129,DG,Guarded
6998,Central III,30.32275,71.64235,Non DG,Guarded
3616,Central I,32.58823,74.05271,DG,Guarded
4391,Central II,32.26621,72.8991,Non DG,Un Guarded
8986,North I,36.31521,74.65215,DG,Un Guarded
8995,North I,35.30002,75.63069,DG,Guarded
1252,South III,28.61345,67.47926,DG,Guarded
6270,South I,24.84649,67.13729,DG,Guarded
1820,South III,26.2269,66.31053,DG,Guarded
4920,Central III,29.79932,70.65613,DG,Guarded
8538,North II,33.61481,71.45608,DG,Guarded
1111,South II,25.39813,68.33705,DG,Un Guarded
7101,Central I,31.49911,74.2733,Non DG,Un Guarded
4317,Central II,32.29567,72.28328,DG,Un Guarded
6514,South III,30.16101,67.0227,Non DG,Un Guarded
1384,South III,30.19591,66.98955,DG,Guarded
3G-N-2126,North II,33.9251,72.2245,Non DG,Un Guarded
2605,North I,32.6788,72.7148,DG,Guarded
9058,South I,24.87443,67.09144,Non DG,Guarded
6497,South I,24.8931,67.05545,Non DG,Un Guarded
5468,Central II,31.26371,72.99469,Non DG,Un Guarded
6914,Central II,32.15102,71.0207,DG,Guarded
CI-1624,Central I,31.59385,74.36413,Non DG,Un Guarded
3339,Central I,32.24842,74.1287,DG,Un Guarded
9924,South II,28.23921,68.92907,DG,Guarded
N-3023,North I,33.605373,73.00842,Non DG,Un Guarded
N-3022,North I,33.60398,73.00075,Non DG,Un Guarded
4623,Central III,29.99424,73.26398,DG,Guarded
S-3392,South I,24.971265,67.177242,Non DG,Un Guarded
7037,Central I,31.53984,74.32992,DG,Guarded
4523,Central II,30.67311,73.11539,Non DG,Un Guarded
4989,Central III,30.15656,71.07397,Non DG,Un Guarded
1731,South II,25.35688,68.50132,DG,Guarded
5256,Central III,29.71494,72.03573,Non DG,Un Guarded
S-4207,South III,30.1947,66.9792,Non DG,Un Guarded
CII-2695,Central II,31.87603,71.90418,Non DG,Un Guarded
CII-2756,Central II,31.8246,70.9085,DG,Guarded
N-4462,North II,34.74968,71.4623,Non DG,Un Guarded
3312,Central I,32.30369,74.15407,DG,Guarded
2374,North II,34.31969,71.5926,DG,Guarded
3389,Central I,31.20328,73.9409,Non DG,Un Guarded
9411,South I,24.86959,67.01332,DG,Guarded
3G-CI-4136,Central I,31.4892,74.4182,Non DG,Un Guarded
S-3194,South II,27.59237,67.99963,Non DG,Un Guarded
8599,North I,33.98176,72.9863,Non DG,Un Guarded
1197,South II,24.97697,69.91831,DG,Guarded
2433,North I,33.91461,72.99984,DG,Un Guarded
9338,South I,24.87755,67.17314,DG,Un Guarded
7008,Central I,31.51025,74.3264,Non DG,Un Guarded
S-3638,South III,28.8173,66.5432,DG,Guarded
8988,North I,33.10336,73.6495,DG,Guarded
CII-2556,Central III,29.11037,70.33505,DG,Un Guarded
N-5467,North I,33.49754,73.07913,Non DG,Un Guarded
1473,South III,27.80891,66.60812,DG,Guarded
4595,Central III,29.3858,71.75081,DG,Guarded
3606,Central I,32.71132,73.93738,DG,Guarded
1297,South II,26.4303806880592,67.8531673959959,DG,Guarded
6623,North II,33.01274,70.64169,DG,Guarded
1081,South I,24.811833333,67.050083333,DG,Guarded
S-3124,South I,24.94848,66.94946,Non DG,Un Guarded
Margalla Exchange PTCL,North I,33.6802408,73.1158406,Non DG,Un Guarded
2960,North II,34.34036,72.28018,DG,Guarded
9593,South I,24.80834,67.04809,Non DG,Un Guarded
2509,North I,32.99193,73.67261,DG,Guarded
5082,Central II,30.82912,72.01824,DG,Guarded
6008,South I,24.91287,66.96001,Non DG,Un Guarded
CI-1231,Central I,31.43845,74.289393,Non DG,Un Guarded
CII-2375,Central III,30.563048,72.14867,Non DG,Un Guarded
S-4041,South III,29.98075,69.92065,DG,Guarded
S-4080,South III,26.35257,64.97875,Non DG,Guarded
S-3518,South III,30.14714,68.59949,DG,Guarded
9053,South I,24.86182,67.00314,Non DG,Guarded
1169,South II,25.12162,68.5376,DG,Un Guarded
N-3445,North II,33.47079,70.88768,Non DG,Un Guarded
8012,North I,33.6534,73.08068,DG,Guarded
S-4032,South III,29.9852,69.7861,DG,Guarded
S-4695,South III,25.210787,62.310722,DG,Guarded
S-4043,South III,29.7679,69.6861,DG,Guarded
CII-2444,Central III,29.13944,71.24716,Non DG,Un Guarded
CII-2422,Central III,30.00177,70.66828,DG,Guarded
8177,North I,33.63135,73.07749,Non DG,Guarded
N-4116,North I,33.54776,72.7978,Non DG,Un Guarded
CII-2346,Central II,31.61658,71.098647,Non DG,Un Guarded
S-3764,South III,26.7981,67.0951,DG,Guarded
N-3295,North II,32.9412,70.92596,Non DG,Un Guarded
S-4078,South III,26.24434,64.69946,Non DG,Guarded
CI-1428,Central I,31.455,74.409639,Non DG,Un Guarded
S-4033,South III,29.9146,69.7987,DG,Guarded
S-4079,South III,26.30091,64.84707,Non DG,Guarded
N-3257,North I,33.6816,73.15664,Non DG,Un Guarded
S-7716,South III,25.246493,63.247853,DG,Guarded
S-4100,South III,26.11065,64.32019,Non DG,Guarded
N-3187,North II,32.98872,70.63229,Non DG,Un Guarded
N-4642,North II,33.21351,71.04368,Non DG,Un Guarded
N-4645,North II,34.110345,71.150312,Non DG,Un Guarded
N-4753,North II,33.44332,71.52263,Non DG,Un Guarded
S-3817,South III,31.08568,68.07532,Non DG,Guarded
S-4040,South III,30.13923,69.94578,Non DG,Guarded
S-4617,South II,28.05315,69.69564,Non DG,Un Guarded
S-4049,South III,30.04475,68.10716,Non DG,Guarded
CII-2393,Central II,31.50053,71.09626,Non DG,Un Guarded
S-7715,South III,28.495792,65.483675,Non DG,Guarded
S-4409,South III,28.58422,65.4058,Non DG,Un Guarded
S-4550,South I,25.05969,66.84512,Non DG,Un Guarded
N-3551,North II,32.985987,70.609672,Non DG,Un Guarded
N-3331,North II,32.99396,70.64867,Non DG,Un Guarded
HCHKBSC01,North I,32.9311,72.8324,DG,Un Guarded
6944,Central II,32.11637,71.50042,DG,Guarded
6955,South II,28.27014,68.43903,DG,Guarded
CI-1418,Central I,31.393123,74.28649,Non DG,Un Guarded
CII-2455,Central III,30.17158,72.66411,Non DG,Un Guarded
CII-2452,Central III,29.80978,72.87163,Non DG,Un Guarded
N-3132,North II,32.92093,70.72147,Non DG,Un Guarded
N-3337,North II,32.90479,70.94039,Non DG,Un Guarded
S-4711,South III,28.57791,65.43714,Non DG,Un Guarded
S-4042,South III,29.8135,69.8379,Non DG,Guarded
CII-2174,Central II,31.634715,71.042287,Non DG,Un Guarded
N-3116,North I,33.49695,73.08756,Non DG,Guarded
N-3186,North II,33.94,71.355,Non DG,Un Guarded
N-3315,North II,33.03358,70.57588,Non DG,Un Guarded
N-3151,North II,33.01029,70.77182,Non DG,Un Guarded
N-3655,North I,33.85031,73.76308,Non DG,Un Guarded
5294,Central III,30.142,72.94576,DG,Guarded
N-3718,North I,34.04969,73.13492,Non DG,Un Guarded
9068,South I,24.84771,67.19193,DG,Un Guarded
N-3622,North I,33.58084,73.11004,Non DG,Un Guarded
N-3765,North I,32.92212,72.40931,Non DG,Un Guarded
CI-1298,Central I,31.58627,74.45092,Non DG,Un Guarded
CI-1284,Central I,31.462213,74.441125,Non DG,Un Guarded
N-3324,North II,33.03472,70.6604,Non DG,Un Guarded
CI-1229,Central I,31.400076,74.268013,Non DG,Un Guarded
N-3695,North II,34.51246,71.93188,Non DG,Un Guarded
CII-2437,Central II,31.15656,72.6633,Non DG,Un Guarded
CII-2392,Central III,30.451037,70.966108,Non DG,Un Guarded
CII-2440,Central III,29.62474,73.13861,Non DG,Un Guarded
S-4555,South I,24.868,66.9356,Non DG,Un Guarded
N-4808,North II,33.22291,71.10117,Non DG,Un Guarded
N-3312,North II,33.49916,70.82804,Non DG,Un Guarded
N-3182,North II,33.54211,71.07115,Non DG,Un Guarded
CII-2446,Central III,29.5139,70.85406,Non DG,Un Guarded
CII-2436,Central II,30.7126,72.66115,Non DG,Un Guarded
N-3310,North II,33.31459,70.74474,Non DG,Un Guarded
N-3334,North II,33.44495,71.09112,Non DG,Un Guarded
CII-2383,Central III,29.5471,71.6284,Non DG,Un Guarded
2366,North II,34.74076,71.8775,Non DG,Un Guarded
CI-1299,Central I,31.58864,74.46742,Non DG,Un Guarded
N-3411,North II,33.92964,71.75248,Non DG,Un Guarded
N-3414,North II,33.8808,71.74091,Non DG,Un Guarded
CII-2367,Central III,30.44509,72.34128,Non DG,Un Guarded
N-3759,North I,33.16984,73.49087,Non DG,Un Guarded
CI-1252,Central I,32.519881,74.512332,Non DG,Un Guarded
CI-1287,Central I,31.476185,74.42229,Non DG,Un Guarded
N-3301,North II,33.00794,71.05361,Non DG,Un Guarded
N-3476,North II,32.950239,70.64183,Non DG,Un Guarded
CII-2347,Central II,32.59636,71.56344,Non DG,Un Guarded
S-4809,South I,24.97349,67.11013,Non DG,Un Guarded
S-7874,South I,24.8743,67.36308,Non DG,Un Guarded
CII-2410,Central II,32.92608,71.483,Non DG,Un Guarded
N-3311,North II,33.1332,71.21086,Non DG,Un Guarded
N-3325,North II,33.1504,71.271072,Non DG,Un Guarded
S-4121,South III,27.69879,65.95462,Non DG,Guarded
N-3454,North II,33.2836,70.79128,Non DG,Un Guarded
CI-1276,Central I,32.491567,74.558509,Non DG,Un Guarded
N-3453,North II,33.35239,70.77907,Non DG,Un Guarded
S-4797,South II,27.5612,68.1686,Non DG,Un Guarded
CII-2356,Central II,32.68611,71.79006,Non DG,Un Guarded
CI-1273,Central I,32.541506,74.564714,Non DG,Un Guarded
N-3316,North II,33.02004,71.00308,Non DG,Un Guarded
S-4641,South III,27.810924,66.639213,Non DG,Un Guarded
CI-1307,Central I,31.38006,74.35537,Non DG,Un Guarded
CII-2405,Central III,29.50527,71.63703,Non DG,Un Guarded
N-3320,North II,33.17335,71.35588,Non DG,Un Guarded
CII-2345,Central II,30.824878000000002,72.083773,Non DG,Un Guarded
S-4090,South III,27.78233,66.56628,Non DG,Guarded
S-7521,South III,30.30508,68.46179,DG,Guarded
S-4643,South III,27.79386,66.59654,Non DG,Un Guarded
S-4115,South III,27.84245,67.22131,DG,Guarded
2415,North II,34.06635,72.23592,DG,Guarded
S-7533,South III,30.64123,67.90479,DG,Guarded
S-4093,South II,27.85963,67.7909,DG,Guarded
S-7424,South III,30.643537,69.16963,Non DG,Guarded
S-4066,South III,25.40839,62.73168,Non DG,Un Guarded
S-4050,South III,29.94276,68.08301,Non DG,Guarded
S-4094,South II,27.82202,68.22271,DG,Guarded
S-4031,South III,30.079229,69.805563,DG,Guarded
S-4694,South III,30.064513,66.977958,Non DG,Un Guarded
S-4025,South III,30.4445,69.8154,DG,Guarded
N-5388,North II,33.9281,71.45731,Non DG,Un Guarded
4211,Central II,31.14096,72.68376,DG,Guarded
S-4655,South III,30.103952,66.964102,Non DG,Un Guarded
S-4656,South III,30.10171,66.97927,Non DG,Un Guarded
S-4545,South I,24.917014,66.988697,Non DG,Un Guarded
2574,North I,32.8063,73.39869,DG,Guarded
N-3778,North I,33.49578,73.24889,Non DG,Un Guarded
S-4067,South III,25.448,62.72815,Non DG,Guarded
S-4733,South III,30.13772,66.98757,Non DG,Un Guarded
N-3146,North II,33.44682,70.85206,Non DG,Un Guarded
S-4099,South III,26.08577,64.25756,DG,Guarded
S-4559,South I,24.92865,67.05039,Non DG,Un Guarded
N-3586,North II,34.79228,71.78489,Non DG,Un Guarded
CI-1240,Central I,31.358783,74.243186,Non DG,Un Guarded
N-3665,North I,34.38004,73.45567,Non DG,Un Guarded
CII-2466,Central III,30.22942,71.50152,Non DG,Un Guarded
6694,North II,34.28407,71.56969,Non DG,Un Guarded
S-4553,South I,24.968956,66.947712,Non DG,Un Guarded
CII-2448,Central III,30.12959,71.38177,Non DG,Un Guarded
S-4753,South II,27.990917,69.311146,Non DG,Un Guarded
CII-2385,Central III,30.24141,71.51418,Non DG,Un Guarded
5110,Central II,31.69938,71.09139,DG,Un Guarded
N-3160,North II,33.60138,71.46871,Non DG,Un Guarded
N-3131,North II,33.61049,71.45713,Non DG,Un Guarded
3G-CII-3376,Central III,28.4041,70.3136,Non DG,Un Guarded
N-3200,North II,33.5834,71.45753,Non DG,Un Guarded
S-3820,South III,31.00257,67.86187,DG,Guarded
S-7721,South III,26.64409,63.92191,Non DG,Guarded
N-3174,North II,33.03992,70.77521,Non DG,Un Guarded
N-3493,North II,33.58072,71.4392,Non DG,Un Guarded
N-3162,North II,33.57464,71.47776,Non DG,Un Guarded
S-4010,South III,30.06014,69.72467,DG,Guarded
N-3747,North II,33.147113,71.560484,Non DG,Un Guarded
S-3803,South III,31.12771,67.90327,Non DG,Guarded
CII-2457,Central III,30.08726,71.17687,Non DG,Un Guarded
4822,Central II,30.6326,72.87153,DG,Guarded
N-3318,North II,33.53175,71.31419,Non DG,Un Guarded
N-3574,North I,33.77045,73.5045,Non DG,Un Guarded
N-3373,North II,34.1945,72.0388,Non DG,Un Guarded
N-3528,North II,33.62712,70.29607,Non DG,Un Guarded
N-3346,North II,32.8346,70.70618,Non DG,Un Guarded
N-3769,North I,33.66369,72.95947,Non DG,Un Guarded
CI-1262,Central I,32.3325,74.9352,Non DG,Un Guarded
5172,Central II,32.82399,71.88412,DG,Un Guarded
N-3183,North II,33.0409,70.79991,Non DG,Un Guarded
S-3680,South III,31.55942,69.35756,Non DG,Guarded
S-3672,South III,31.46727,69.18033,Non DG,Guarded
N-3780,North II,32.92928,70.12844,Non DG,Un Guarded
S-7536,South III,30.6445687,69.2052434,Non DG,Guarded
N-4029,North II,33.40306,70.62994,DG,Guarded
S-4805,South II,25.12588,68.53671,DG,Un Guarded
3432,Central I,32.49622,74.56002,DG,Guarded
CI-1323,Central I,31.26757,74.0872,Non DG,Un Guarded
S-4502,South I,24.94777,67.16311,Non DG,Un Guarded
N-3155,North II,32.99586,70.765,Non DG,Un Guarded
N-3437,North II,34.00401,71.96777,Non DG,Un Guarded
N-3154,North II,32.90809,70.50648,Non DG,Un Guarded
CII-2434,Central II,32.2753,72.288,Non DG,Un Guarded
N-3161,North II,34.016241,71.79868,Non DG,Un Guarded
S-4722,South I,24.8311,67.15974,Non DG,Un Guarded
N-3591,North II,34.15646,72.23013,Non DG,Un Guarded
N-3772,North II,34.11346,71.46991,Non DG,Un Guarded
N-4307,North II,33.93444,71.36398,Non DG,Un Guarded
S-7486,South III,30.3449,67.916,DG,Guarded
5822,Central II,30.79929,73.43349,Non DG,Un Guarded
N-3144,North II,32.93219,70.48848,Non DG,Un Guarded
S-7531,South III,30.4483,67.9013,Non DG,Guarded
S-4343,South I,24.95443,67.10981,Non DG,Un Guarded
N-3753,North II,34.126244,72.406353,Non DG,Un Guarded
N-3289,North II,34.1935,72.69257,Non DG,Un Guarded
CII-2087,Central III,29.285457,70.484671,Non DG,Un Guarded
N-3036,North II,32.916204,70.692588,Non DG,Un Guarded
N-3510,North II,34.51093,72.45846,Non DG,Un Guarded
CII-2233,Central II,31.60914,71.06016,Non DG,Guarded
7167,Central I,31.44276,74.29018,DG,Guarded
7739,Central I,32.21435,74.54236,DG,Guarded
2063,North I,33.59869,73.04883,DG,Un Guarded
N-4504,North I,33.08996,73.62187,Non DG,Un Guarded
2537,North I,32.95597,73.16806,DG,Guarded
8190,North I,33.65064,73.02581,Non DG,Un Guarded
7242,Central I,31.51835,74.27561,DG,Guarded
3361,Central I,32.49884,72.8354,DG,Guarded
N-4546,North I,33.79484,72.71363,Non DG,Un Guarded
8185,North I,33.72862,73.38959,DG,Guarded
9148,South I,24.94,67.08153,Non DG,Un Guarded
S-7800,South III,28.46729,66.2741,Non DG,Un Guarded
9144,South I,24.95544,67.05946,DG,Un Guarded
2174,North II,33.99207,71.5376,DG,Un Guarded
3048,Central I,31.5584,74.3105,DG,Guarded
3556,Central I,31.17297,74.09799,Non DG,Un Guarded
S-3064,South II,28.23304,68.11041,Non DG,Un Guarded
7190,Central I,31.41959,74.35887,Non DG,Un Guarded
7949,Central I,32.57719,73.63259,Non DG,Un Guarded
2181,North II,34.01926,71.63024,DG,Guarded
3694,Central I,32.43596,74.11888,DG,Guarded
4156,Central III,29.15974,70.9778,DG,Guarded
4691,Central II,30.66845,73.65985,DG,Un Guarded
3344,Central I,32.09105,74.7844,DG,Guarded
2559,North I,33.51951,73.55433,DG,Guarded
7861,Central I,32.20215,74.16665,DG,Guarded
3619,Central I,32.54037,74.09299,DG,Un Guarded
7971,Central I,31.55398,74.38174,Non DG,Un Guarded
2906,North II,34.23025,72.01348,DG,Guarded
9021,South I,24.82065,66.97729,DG,Guarded
3193,Central I,31.43375,74.30718,Non DG,Un Guarded
2206,North I,32.97306,73.69354,DG,Un Guarded
4923,Central III,30.82458,70.67673,Non DG,Un Guarded
4145,Central III,30.16791,71.51751,DG,Guarded
4565,Central III,30.28823,73.07034,DG,Guarded
S-3371,South III,30.437303,67.07242,DG,Un Guarded
2444,North II,33.96465,72.22161,Non DG,Un Guarded
7236,Central I,31.4827,74.2956,DG,Guarded
4980,Central III,30.06654,70.7361,DG,Guarded
5420,Central III,28.21724,69.89586,DG,Un Guarded
9200,South I,24.96556,66.96134,DG,Guarded
2658,North I,32.81303,72.97155,Non DG,Un Guarded
1360,South III,29.87927,66.85849,DG,Guarded
2112,North II,34.02995,71.60293,DG,Guarded
6269,South I,24.83213,67.27088,Non DG,Un Guarded
S-3713,South III,28.2073,66.4771,DG,Guarded
5048,Central III,30.4223,72.12848,DG,Guarded
9389,South I,24.91149,67.05438,DG,Un Guarded
CII-2238,Central II,31.57487,73.18768,Non DG,Un Guarded
7161,Central I,31.43885,74.3122,Non DG,Un Guarded
CI-1663,Central I,31.47255,74.34898,Non DG,Un Guarded
3818,Central I,31.58879,73.8115,DG,Guarded
7124,Central I,31.46148,74.33199,DG,Un Guarded
N-5073,North I,33.7931,72.7259,Non DG,Un Guarded
3068,Central I,31.56101,74.41325,DG,Guarded
8544,North II,32.9457,70.65504,Non DG,Un Guarded
3761,Central I,31.4758,74.34239,Non DG,Un Guarded
1248,South II,27.4305183,68.772045,DG,Guarded
4716,Central II,32.04032,72.84918,DG,Guarded
3663,Central I,32.61347,74.27119,DG,Un Guarded
CI-1716,Central I,32.07054,74.19722,Non DG,Un Guarded
2135,North II,33.97765,71.4353,DG,Guarded
3746,Central I,31.96638,74.2352,Non DG,Un Guarded
2932,North I,33.24442,72.2704,DG,Un Guarded
1833,South III,28.56667,66.75501,DG,Guarded
5003,Central III,30.21229,71.46835,DG,Guarded
8643,North II,34.22095,72.5139,Non DG,Un Guarded
S-3640,South III,28.63479,66.5363,DG,Guarded
5502,Central II,30.44704,73.69234,DG,Un Guarded
6509,South II,28.2406,69.18183,DG,Guarded
9550,South I,24.82129,67.05716,Non DG,Un Guarded
N-5074,North I,33.806,72.7499,Non DG,Un Guarded
CI-1102,Central I,31.6289,74.23591,DG,Un Guarded
3750,Central I,32.27884,74.19756,Non DG,Un Guarded
3641,Central I,32.59185,73.49372,DG,Guarded
CI-1335,Central I,32.63116,74.20605,DG,Guarded
9517,South I,24.8787,67.18032,DG,Guarded
2428,North I,33.7432,72.774,Non DG,Un Guarded
8576,North II,32.97231,70.49039,DG,Guarded
7835,Central I,32.35486,74.13397,Non DG,Un Guarded
9952,South II,28.08859,68.96502,DG,Guarded
6904,Central II,32.5304,72.22171,Non DG,Un Guarded
4132,Central III,30.2182,71.46818,DG,Guarded
7958,Central I,30.96937,73.78906,Non DG,Un Guarded
8433,North I,33.68274,72.98666,Non DG,Un Guarded
5735,Central III,30.1829,71.49934,Non DG,Un Guarded
1408,South III,30.23885,67.01518,DG,Guarded
1196,South II,25.12524,68.53343,DG,Un Guarded
7725,Central I,31.35069,74.37519,DG,Guarded
6605,North II,33.11213,71.0902,Non DG,Un Guarded
S-5133,South I,,,Non DG,Un Guarded
S-5068,South I,,,Non DG,Un Guarded
S-5206,South I,,,Non DG,Un Guarded
S-5130,South I,,,Non DG,Un Guarded
S-5120,South I,,,Non DG,Un Guarded
S-5064,South I,,,Non DG,Un Guarded
S-5205,South I,,,Non DG,Un Guarded
S-5209,South I,,,Non DG,Un Guarded
S-5141,South I,,,Non DG,Un Guarded
S-5158,South I,,,Non DG,Un Guarded
S-5124,South I,,,Non DG,Un Guarded
S-5074,South I,,,Non DG,Un Guarded
S-5144,South I,,,Non DG,Un Guarded
S-5147,South I,,,Non DG,Un Guarded
S-5134,South I,,,Non DG,Un Guarded
S-5146,South I,,,Non DG,Un Guarded
S-5119,South I,,,Non DG,Un Guarded
9135,South I,24.87634,67.03117,DG,Guarded
3445,Central I,32.39974,74.76027,DG,Un Guarded
8013,North I,33.63758,73.06986,DG,Un Guarded
CI-1177,Central I,32.11959,73.97699,Non DG,Un Guarded
7523,Central I,31.5777,74.3208,Non DG,Un Guarded
S-5073,South I,,,Non DG,Un Guarded
S-5096,South I,,,Non DG,Un Guarded
S-5084,South I,,,Non DG,Un Guarded
S-5117,South I,,,Non DG,Un Guarded
S-5125,South I,,,Non DG,Un Guarded
S-5208,South I,,,Non DG,Un Guarded
S-5095,South I,,,Non DG,Un Guarded
S-5142,South I,,,Non DG,Un Guarded
S-5100,South I,,,Non DG,Un Guarded
S-5072,South I,,,Non DG,Un Guarded
S-5063,South I,,,Non DG,Un Guarded
S-5152,South I,,,Non DG,Un Guarded
S-5086,South I,,,Non DG,Un Guarded
S-5065,South I,,,Non DG,Un Guarded
S-5118,South I,,,Non DG,Un Guarded
8200,North I,33.59973,73.12168,Non DG,Un Guarded
S-7498,South III,30.6102,67.75642,DG,Guarded
N-3846,North I,33.59294,73.09204,Non DG,Un Guarded
S-4101,South III,26.22054,64.54411,Non DG,Guarded
S-4019,South III,30.93422,69.76725,Non DG,Guarded
S-3971,South III,31.535188,69.05137,DG,Guarded
S-4125,South II,27.91821,67.59607,DG,Guarded
S-4081,South III,26.41645,65.11311,Non DG,Guarded
S-4865,South I,24.899033,67.075314,Non DG,Un Guarded
S-4082,South III,26.44807,65.16826,Non DG,Guarded
CI-1257,Central I,31.29983,74.35414,Non DG,Un Guarded
S-4076,South III,27.7752,66.47164,DG,Guarded
9749,South II,27.8111,68.57136,Non DG,Un Guarded
S-4009,South III,31.4409,69.661,DG,Guarded
S-4017,South III,31.022119,70.210907,Non DG,Guarded
5129,Central II,31.82809,70.9068,DG,Un Guarded
S-5112,South I,,,Non DG,Un Guarded
S-5116,South I,,,Non DG,Un Guarded
S-5105,South I,,,Non DG,Un Guarded
S-5156,South I,,,Non DG,Un Guarded
S-3026,South I,24.84756,67.10888,Non DG,Un Guarded
S-5127,South I,,,Non DG,Un Guarded
S-5066,South I,,,Non DG,Un Guarded
S-5135,South I,,,Non DG,Un Guarded
S-5110,South I,,,Non DG,Un Guarded
S-5067,South I,,,Non DG,Un Guarded
S-5107,South I,,,Non DG,Un Guarded
S-5099,South I,,,Non DG,Un Guarded
S-5114,South I,,,Non DG,Un Guarded
3662,Central I,32.61146,73.6233,DG,Guarded
S-5132,South I,,,Non DG,Un Guarded
S-5091,South I,,,Non DG,Un Guarded
S-4004,South III,31.6527,69.71346,DG,Guarded
CII-2536,Central II,31.38971,72.96788,Non DG,Guarded
S-3932,South III,30.84199,69.47665,DG,Guarded
9725,South II,28.42621,68.67189,DG,Guarded
N-3870,North I,33.84016,72.7301,Non DG,Un Guarded
S-4098,South III,26.05204,63.51602,DG,Guarded
S-4901,South I,24.855687,67.051837,Non DG,Un Guarded
S-5082,South I,,,Non DG,Un Guarded
9175,South I,24.87858,67.10312,Non DG,Guarded
8447,North II,32.91479,70.64627,DG,Guarded
CI-1672,Central I,31.7004,73.9727,Non DG,Un Guarded
S-5088,South I,,,Non DG,Un Guarded
S-5197,South I,,,Non DG,Un Guarded
S-5090,South I,,,Non DG,Un Guarded
S-5162,South I,,,Non DG,Un Guarded
S-5070,South I,,,Non DG,Un Guarded
S-5157,South I,,,Non DG,Un Guarded
S-5080,South I,,,Non DG,Un Guarded
S-5154,South I,,,Non DG,Un Guarded
S-5071,South I,,,Non DG,Un Guarded
S-5143,South I,,,Non DG,Un Guarded
S-5087,South I,,,Non DG,Un Guarded
S-5098,South I,,,Non DG,Un Guarded
3612,Central I,32.5839,74.07411,DG,Guarded
2729,North I,33.87318,73.38518,DG,Un Guarded
S-5151,South I,,,Non DG,Un Guarded
S-5083,South I,,,Non DG,Un Guarded
S-5059,South I,,,Non DG,Un Guarded
S-5057,South I,,,Non DG,Un Guarded
S-5145,South I,,,Non DG,Un Guarded
S-5131,South I,,,Non DG,Un Guarded
S-5062,South I,,,Non DG,Un Guarded
S-5108,South I,,,Non DG,Un Guarded
S-5140,South I,,,Non DG,Un Guarded
S-5079,South I,,,Non DG,Un Guarded
S-5128,South I,,,Non DG,Un Guarded
S-5056,South I,,,Non DG,Un Guarded
S-5138,South I,,,Non DG,Un Guarded
S-5203,South I,,,Non DG,Un Guarded
S-5092,South I,,,Non DG,Un Guarded
S-5097,South I,,,Non DG,Un Guarded
S-5093,South I,,,Non DG,Un Guarded
S-5123,South I,,,Non DG,Un Guarded
3688,Central I,32.69393,73.94952,DG,Guarded
S-5069,South I,,,Non DG,Un Guarded
S-5078,South I,,,Non DG,Un Guarded
S-5081,South I,,,Non DG,Un Guarded
S-5089,South I,,,Non DG,Un Guarded
S-5201,South I,,,Non DG,Un Guarded
S-5104,South I,,,Non DG,Un Guarded
S-5211,South I,,,Non DG,Un Guarded
S-5160,South I,,,Non DG,Un Guarded
S-5139,South I,,,Non DG,Un Guarded
S-5076,South I,,,Non DG,Un Guarded
S-5150,South I,,,Non DG,Un Guarded
S-5113,South I,,,Non DG,Un Guarded
S-5085,South I,,,Non DG,Un Guarded
7448,Central I,31.57207,74.31199,Non DG,Un Guarded
9419,South I,24.83287,67.14326,DG,Guarded
S-5204,South I,,,Non DG,Un Guarded
S-5161,South I,,,Non DG,Un Guarded
S-5126,South I,,,Non DG,Un Guarded
S-5122,South I,,,Non DG,Un Guarded
9356,South I,24.93122,66.99718,DG,Guarded
7891,North I,32.77275,73.62601,Non DG,Un Guarded
S-5106,South I,,,Non DG,Un Guarded
CII-2154,Central III,29.6843,71.09828,Non DG,Guarded
S-5109,South I,,,Non DG,Un Guarded
S-5202,South I,,,Non DG,Un Guarded
S-5101,South I,,,Non DG,Un Guarded
S-5210,South I,,,Non DG,Un Guarded
S-5207,South I,,,Non DG,Un Guarded
S-5159,South I,,,Non DG,Un Guarded
S-5121,South I,,,Non DG,Un Guarded
S-5155,South I,,,Non DG,Un Guarded
5345,Central II,31.06642,72.54404,DG,Un Guarded
S-5077,South I,,,Non DG,Un Guarded
S-5137,South I,,,Non DG,Un Guarded
S-5058,South I,,,Non DG,Un Guarded
S-5129,South I,,,Non DG,Un Guarded
S-5180,South I,,,Non DG,Un Guarded
S-5188,South I,,,Non DG,Un Guarded
S-5173,South I,,,Non DG,Un Guarded
S-5194,South I,,,Non DG,Un Guarded
4625,Central III,29.87557,73.25188,DG,Guarded
S-5192,South I,,,Non DG,Un Guarded
S-5153,South I,,,Non DG,Un Guarded
S-5186,South I,,,Non DG,Un Guarded
S-5198,South I,,,Non DG,Un Guarded
S-5199,South I,,,Non DG,Un Guarded
S-5136,South I,,,Non DG,Un Guarded
S-5094,South I,,,Non DG,Un Guarded
S-5167,South I,,,Non DG,Un Guarded
S-5193,South I,,,Non DG,Un Guarded
S-5182,South I,,,Non DG,Un Guarded
S-5191,South I,,,Non DG,Un Guarded
CII-2274,Central III,30.41347,71.87557,Non DG,Un Guarded
S-5175,South I,,,Non DG,Un Guarded
S-5170,South I,,,Non DG,Un Guarded
1925,South III,28.4873,66.26276,DG,Guarded
9666,South I,24.833311,67.034073,Non DG,Un Guarded
S-5185,South I,,,Non DG,Un Guarded
S-5169,South I,,,Non DG,Un Guarded
S-5168,South I,,,Non DG,Un Guarded
S-5195,South I,,,Non DG,Un Guarded
S-5061,South I,,,Non DG,Un Guarded
S-5102,South I,,,Non DG,Un Guarded
S-5115,South I,,,Non DG,Un Guarded
S-5164,South I,,,Non DG,Un Guarded
S-5060,South I,,,Non DG,Un Guarded
S-5196,South I,,,Non DG,Un Guarded
7726,Central I,31.40212,74.40859,Non DG,Guarded
8570,North II,32.99947,70.59137,DG,Guarded
S-5190,South I,,,Non DG,Un Guarded
S-5111,South I,,,Non DG,Un Guarded
S-5174,South I,,,Non DG,Un Guarded
S-5200,South I,,,Non DG,Un Guarded
S-5149,South I,,,Non DG,Un Guarded
S-5189,South I,,,Non DG,Un Guarded
S-5103,South I,,,Non DG,Un Guarded
6925,Central III,28.44266,70.21922,DG,Guarded
4260,Central III,29.955833,72.68722,Non DG,Un Guarded
8063,North I,33.72145,73.06309,DG,Guarded
S-5184,South I,,,Non DG,Un Guarded
S-5148,South I,,,Non DG,Un Guarded
S-5075,South I,,,Non DG,Un Guarded
S-5171,South I,,,Non DG,Un Guarded
CII-2542,Central II,31.87012,70.89629,DG,Un Guarded
N-4121,North I,33.27393,72.26434,DG,Un Guarded
2819,North I,33.76036,72.7518,Non DG,Un Guarded
CII-2785,Central III,29.08978,70.31724,Non DG,Un Guarded
N-4153,North I,34.02214,72.95909,Non DG,Un Guarded
3460,Central I,32.58979,74.05962,DG,Guarded
CI-1782,Central I,31.58264,74.47778,Non DG,Un Guarded
CI-1775,Central I,31.49226,74.3642,Non DG,Un Guarded
CI-1328,Central I,32.1558,74.18712,Non DG,Un Guarded
9409,South I,24.91227,67.13348,DG,Guarded
CI-1699,Central I,31.52839,74.27392,Non DG,Un Guarded
5994,Central III,29.4025,71.69432,Non DG,Un Guarded
CI-1792,Central I,32.70968,73.94257,Non DG,Un Guarded
2156,North II,33.96249,71.46758,Non DG,Un Guarded
5711,Central III,30.97146,70.96043,Non DG,Guarded
4344,Central II,31.59,70.95802,DG,Guarded
4159,Central III,30.0179,71.79195,DG,Guarded
HLKNBSC03,South II,27.5596185,68.2163564,DG,Un Guarded
5067,Central III,30.36471,71.80231,DG,Guarded
9247,South I,25.01154,66.96367,DG,Guarded
3412,Central I,32.50289,74.52921,DG,Un Guarded
4958,Central II,32.37093,71.63331,DG,Un Guarded
7007,Central I,31.4393,74.30419,Non DG,Un Guarded
S-7278,South II,25.40878,68.34019,Non DG,Un Guarded
CI-1621,Central I,31.53052,74.3137,Non DG,Un Guarded
N-4010,North II,33.60189,71.24717,DG,Un Guarded
6893,Central III,30.0562,70.63917,Non DG,Un Guarded
CII-2644,Central III,29.7575,70.60446,DG,Guarded
9738,South II,28.37678,68.34866,Non DG,Un Guarded
9459,South I,24.94365,67.06507,Non DG,Un Guarded
9495,South I,24.88634,67.18546,Non DG,Un Guarded
8636,North I,34.1992,73.2341,Non DG,Un Guarded
N-4256,Central II,32.38233,70.52055,DG,Guarded
1102,South II,25.369583333,68.356138889,Non DG,Un Guarded
7240,Central I,31.50206,74.2425,DG,Guarded
9138,South I,24.89211,67.04425,Non DG,Un Guarded
3118,Central I,31.48377,74.25803,Non DG,Un Guarded
6271,South I,24.87277,67.19072,Non DG,Un Guarded
8353,North I,33.90623,73.39503,Non DG,Un Guarded
N-4550,North II,34.75533,72.40488,Non DG,Un Guarded
N-4887,North II,34.70414,72.22927,Non DG,Un Guarded
3475,Central I,32.33415,74.34635,Non DG,Un Guarded
6424,South I,24.86815,66.95187,Non DG,Un Guarded
9262,South I,24.9047,67.0048,DG,Guarded
5600,Central III,29.4521,70.34855,DG,Guarded
8893,North I,33.37734,73.77472,DG,Guarded
3489,Central I,32.4894,74.49979,DG,Un Guarded
N-4612,North II,32.52639,70.67354,Non DG,Un Guarded
9496,South I,24.90802,67.18812,DG,Guarded
4057,Central II,31.43415,73.05504,DG,Un Guarded
3415,Central I,32.459,74.50534,DG,Guarded
2853,North I,34.44037,72.97927,Non DG,Un Guarded
7050,Central I,31.445172,74.319142,Non DG,Un Guarded
3325,Central I,32.1644,74.2137,DG,Guarded
N-4523,North II,32.60331,70.86178,DG,Guarded
9974,South II,25.96505,68.37621,Non DG,Un Guarded
4113,Central III,30.19695,71.44216,DG,Guarded
9205,South I,24.8392,67.08064,Non DG,Un Guarded
6508,South II,27.58559,68.00667,DG,Un Guarded
USBR08,South III,30.23381,67.53834,DG,Guarded
4287,Central III,29.88111,70.64735,DG,Guarded
8321,North I,33.61277,73.0566,Non DG,Un Guarded
9772,South II,27.49609,67.96031,DG,Un Guarded
7757,Central I,32.48418,74.48784,DG,Un Guarded
N-4807,North I,32.91857,72.84144,Non DG,Un Guarded
9038,South I,24.85571,66.99693,Non DG,Un Guarded
1602,South II,26.24104,68.4209,DG,Guarded
N-4340,North II,33.89827,72.21741,Non DG,Un Guarded
N-4718,Central II,32.1962,70.37834,Non DG,Un Guarded
N-5009,North II,33.90054,70.02589,Non DG,Un Guarded
N-4702,Central II,32.291636,69.539279,Non DG,Un Guarded
N-4345,North II,34.01754,71.99522,Non DG,Un Guarded
N-5083,North II,32.98466,70.01284,Non DG,Un Guarded
N-4322,North II,34.155386,72.027878,Non DG,Un Guarded
N-5015,North II,34.42313,71.85523,Non DG,Un Guarded
1801,South III,30.70268,68.36162,Non DG,Guarded
HRYKBSC03,Central III,28.423358,70.309305,DG,Un Guarded
6477,South I,24.81506,67.05787,Non DG,Un Guarded
8884,North I,32.96426,73.74859,DG,Un Guarded
CII-2848,Central II,31.8234,70.84599,Non DG,Un Guarded
9783,South II,27.08514,67.73166,DG,Guarded
N-5831,North II,34.135853,72.382951,Non DG,Un Guarded
N-4324,North II,34.171629,72.007864,Non DG,Un Guarded
N-4981,North II,33.58473,71.15703,Non DG,Un Guarded
N-4713,Central II,32.30748,69.51598,Non DG,Un Guarded
N-4733,North II,34.273092,72.078984,Non DG,Un Guarded
N-4663,North II,34.44077,71.9069,Non DG,Un Guarded
N-4995,North II,32.88783,71.00831,Non DG,Un Guarded
CII-2856,Central II,31.7717,70.8404,Non DG,Un Guarded
N-5646,North II,33.563285,71.90218,Non DG,Un Guarded
6963,Central III,28.6911,69.95812,DG,Guarded
N-5905,North II,34.03661,72.11852,Non DG,Un Guarded
N-5830,North II,34.01328,72.40836,Non DG,Un Guarded
1045,South I,24.905083333,67.048777778,DG,Guarded
N-5899,North II,34.05142,71.88548,Non DG,Un Guarded
6090,South II,25.53109,69.02075,Non DG,Un Guarded
1263,South II,27.54416,68.20087,DG,Guarded
4873,Central III,29.38504,70.90497,DG,Guarded
1048,South I,24.912583333,67.126833333,DG,Guarded
PTCL Digri,South II,25.15793,69.11146,Non DG,Un Guarded
CII-2198,Central II,31.54211,73.0982,Non DG,Un Guarded
9810,South II,25.39584,68.36279,Non DG,Guarded
2034,North I,33.6697,73.07326,DG,Guarded
2889,North II,34.119548,71.791908,Non DG,Un Guarded
9244,South I,24.95083,67.05916,Non DG,Un Guarded
S-3090,South II,27.60755,68.09195,Non DG,Un Guarded
3186,Central I,31.58462,74.30289,Non DG,Un Guarded
S-7772,South II,27.61178,68.01467,Non DG,Un Guarded
3211,Central I,32.47917,74.09197,Non DG,Un Guarded
S-3567,South III,31.18341,68.47431,DG,Guarded
CII-2169,Central III,30.15318,70.7375,Non DG,Un Guarded
8153,North I,33.71384,73.07658,DG,Guarded
6337,South I,24.84309,67.2374,Non DG,Un Guarded
8537,North I,34.01831,72.65685,DG,Un Guarded
6201,South I,24.79302,67.0459,Non DG,Un Guarded
7902,Central I,32.81775,73.88528,DG,Un Guarded
4004,Central II,31.41001,73.10927,Non DG,Un Guarded
1194,South II,25.13266,68.54066,DG,Guarded
9124,South I,24.87785,67.03732,Non DG,Un Guarded
7228,Central I,31.58759,74.32465,DG,Un Guarded
4131,Central III,30.198335,71.464013,DG,Guarded
CI-1347,Central I,32.50554,74.54639,DG,Un Guarded
CI-1325,Central I,32.55326,73.35109,Non DG,Un Guarded
3574,Central I,31.08783,73.96008,DG,Guarded
5238,Central II,30.75337,73.07129,Non DG,Un Guarded
8736,North I,36.181561,73.765764,Non DG,Un Guarded
2185,North II,33.90026,71.4232,DG,Guarded
8548,North II,33.50839,71.46957,DG,Guarded
6561,South I,24.83772,67.18782,Non DG,Un Guarded
S-7832,South III,26.9986,65.5003,DG,Guarded
S-3843,South III,30.6375,68.7934,DG,Guarded
S-7856,South III,25.5557,66.8334,DG,Un Guarded
S-7849,South III,26.46675,66.4176,DG,Guarded
9372,South I,24.90984,67.09958,DG,Guarded
1087,South I,24.82125,67.108638889,DG,Un Guarded
8919,North I,34.36179,73.48736,DG,Guarded
CII-2247,Central III,30.07105,70.62856,DG,Un Guarded
5155,Central II,32.289467,71.36442,Non DG,Un Guarded
S-3910,South III,26.4588,66.345,DG,Guarded
1598,South II,26.29986,68.10331,DG,Guarded
5608,Central III,29.82135,70.51115,DG,Guarded
3397,Central II,32.05964,73.16337,Non DG,Un Guarded
S-7642,South III,30.9083,66.4409,DG,Guarded
CII-2615,Central III,30.12897,71.35073,Non DG,Guarded
S-3409,South III,29.40891,66.5477,Non DG,Un Guarded
S-3519,South III,30.85701,68.4675,Non DG,Guarded
4916,Central III,30.64462,70.95484,DG,Guarded
7198,Central I,31.60302,74.35465,Non DG,Un Guarded
1764,South II,25.36034,69.73798,Non DG,Un Guarded
N-5135,North II,33.006966,70.075965,DG,Guarded
S-7455,South III,30.3312,68.7406,DG,Guarded
CI-1509,Central I,32.1087,74.87964,Non DG,Un Guarded
9925,South II,28.27845,68.99763,DG,Guarded
S-7487,South III,30.4129,69.5917,DG,Guarded
4001,Central II,31.4236,73.07993,Non DG,Un Guarded
N-4675,North II,33.74625,71.63431,DG,Un Guarded
N-4366,North II,34.09066,71.61018,DG,Guarded
1810,South III,25.8828,67.3001,DG,Un Guarded
6225,South I,24.93135,67.04616,Non DG,Un Guarded
5072,Central II,30.64583,72.63497,Non DG,Un Guarded
3583,Central I,31.63069,74.15652,DG,Guarded
1708,South III,29.89652,69.24628,DG,Guarded
2385,North II,34.58038,71.93195,Non DG,Un Guarded
4352,Central II,31.79186,71.10157,Non DG,Un Guarded
2303,North II,33.56628,71.4532,DG,Guarded
5008,Central III,30.15428,71.39551,DG,Guarded
1632,South II,28.01291,69.31635,DG,Guarded
4411,Central III,30.11183,72.63415,DG,Guarded
8252,North I,33.62507,72.94637,Non DG,Un Guarded
2141,North II,33.99167,71.54657,DG,Guarded
2564,North I,32.73547,72.80476,DG,Guarded
CI-1840,Central I,32.554526,74.054773,Non DG,Un Guarded
CI-1831,Central I,32.4761,74.5561,Non DG,Un Guarded
CI-1836,Central I,32.4992,74.5659,Non DG,Un Guarded
CI-1829,Central I,32.5046,74.4898,Non DG,Un Guarded
CI-1842,Central I,32.5531,74.0937,Non DG,Un Guarded
CI-1838,Central I,32.5104,74.5096,Non DG,Un Guarded
7602,Central I,31.5092,74.256,Non DG,Un Guarded
2552,North I,33.39314,73.51412,DG,Guarded
9687,South II,27.69449,68.86317,Non DG,Un Guarded
CII-2273,Central II,32.28349,72.26923,DG,Un Guarded
8343,North II,33.98879,71.51903,Non DG,Un Guarded
CII-2351,Central III,30.28652,71.49131,Non DG,Un Guarded
2270,North I,33.10926,73.61502,DG,Guarded
CII-2064,Central III,29.81446,70.60518,Non DG,Un Guarded
N-3251,North I,33.9059,73.78918,Non DG,Un Guarded
N-3618,North I,33.55244,73.05716,Non DG,Un Guarded
N-4482,North I,33.0901,74.13601,DG,Guarded
8197,North I,33.63445,73.13161,Non DG,Un Guarded
S-3787,South III,27.92645,63.48692,DG,Guarded
4139,Central III,30.22775,71.49044,DG,Guarded
2580,North I,32.88966,71.99126,DG,Guarded
2895,North II,36.27667,72.51992,DG,Guarded
9490,South I,24.87303,67.00233,DG,Guarded
CII-2709,Central III,30.52574,72.23797,Non DG,Un Guarded
6426,South I,24.90091,67.19159,Non DG,Un Guarded
2708,North I,34.17908,73.24947,Non DG,Un Guarded
5524,Central III,29.47107,70.51242,DG,Guarded
R013,North I,34.00908,72.93502,DG,Guarded
1451,South III,30.59645,67.01784,DG,Guarded
2707,North I,34.23218,73.35363,DG,Guarded
CII-2057,Central III,29.661387,70.556262,Non DG,Un Guarded
2902,North II,34.14146,72.03058,DG,Guarded
7481,Central I,32.49325,74.54439,Non DG,Un Guarded
6897,Central II,31.49923,73.33039,Non DG,Un Guarded
CI-1760,Central I,31.5995,74.3043,Non DG,Un Guarded
S-3131,South I,24.85728,67.12904,Non DG,Un Guarded
S-3285,South I,24.89602,67.20056,Non DG,Un Guarded
CI-1890,Central I,32.640502,73.761592,Non DG,Un Guarded
CI-1853,Central I,32.41967,74.09239,Non DG,Un Guarded
CI-1912,Central I,31.30478,74.19942,Non DG,Un Guarded
CI-1030,Central I,31.46294,74.23808,Non DG,Un Guarded
CI-1040,Central I,31.47291,74.22476,Non DG,Un Guarded
CI-1020,Central I,31.41344,74.28396,Non DG,Un Guarded
CI-1845,Central I,32.38181,74.131,Non DG,Un Guarded
8450,North I,33.9068,73.3941,Non DG,Un Guarded
CI-1846,Central I,32.41723,74.1189,Non DG,Un Guarded
CI-1016,Central I,32.60343,74.07835,Non DG,Un Guarded
CI-1110,Central I,31.46945,74.41806,Non DG,Un Guarded
CI-1852,Central I,32.4352,74.09723,Non DG,Un Guarded
CI-1870,Central I,32.6295,73.72,Non DG,Un Guarded
8352,North I,33.90495,73.39204,Non DG,Un Guarded
CI-1832,Central I,32.1807,74.2151,Non DG,Un Guarded
CI-1000,Central I,31.43517,74.43573,Non DG,Un Guarded
CI-1003,Central I,32.07783,74.20935,Non DG,Un Guarded
CI-1089,Central I,32.48097,74.50123,Non DG,Un Guarded
CII-8042,Central II,30.78182,72.438322,Non DG,Un Guarded
CI-1117,Central I,31.40662,74.25088,Non DG,Un Guarded
4928,Central III,30.71045,70.5879,Non DG,Un Guarded
CII-2938,Central II,31.388,70.93984,Non DG,Un Guarded
CII-8037,Central II,30.87588,72.51345,Non DG,Un Guarded
CII-8041,Central II,30.749451,72.410453,Non DG,Un Guarded
CI-1038,Central I,32.02383,73.09003,Non DG,Un Guarded
CII-8002,Central II,30.5079,72.6785,Non DG,Un Guarded
2787,North I,34.64013,73.46227,DG,Guarded
9830,South II,25.39746,68.385,Non DG,Un Guarded
CII-8046,Central III,30.2255,70.7313,Non DG,Un Guarded
CII-2943,Central III,31.26752,70.6791,Non DG,Un Guarded
5675,Central III,29.80969,70.24939,Non DG,Un Guarded
CII-8044,Central III,29.3741,71.6818,Non DG,Un Guarded
CII-8008,Central III,30.49093,70.90361,Non DG,Un Guarded
N-4591,North I,33.63684,73.16188,Non DG,Un Guarded
N-5054,North I,35.29532,75.56605,DG,Un Guarded
N-5133,North I,35.28344,75.63554,Non DG,Un Guarded
N-5053,North I,35.88904,74.47015,DG,Un Guarded
N-5268,North I,33.63463,73.11203,Non DG,Un Guarded
N-5221,North I,33.58486,73.02915,Non DG,Un Guarded
N-4629,North II,33.92282,71.47371,DG,Guarded
N-4564,North I,33.65385,73.10602,Non DG,Un Guarded
N-4220,North I,34.301427,73.193043,Non DG,Un Guarded
9713,South II,27.96601,68.80581,Non DG,Un Guarded
9127,South I,24.93775,67.03324,Non DG,Un Guarded
N-4965,North I,34.05473,73.17333,Non DG,Un Guarded
N-4869,North I,33.53818,72.90217,Non DG,Un Guarded
N-5189,North II,34.042415,71.622202,Non DG,Un Guarded
N-5050,North I,36.15828,73.85028,DG,Un Guarded
N-5318,North II,34.05991,71.58326,Non DG,Un Guarded
S-7199,South III,25.322711,63.43165,Non DG,Un Guarded
9582,South I,24.78761,67.06515,Non DG,Un Guarded
S-3398,South I,24.99443,67.1146,Non DG,Un Guarded
5111,Central II,31.63984,71.1617,Non DG,Un Guarded
S-7205,South III,25.291441,62.19673,Non DG,Un Guarded
S-7200,South III,25.334004,63.183467,Non DG,Un Guarded
S-3430,South I,25.03094,67.07836,Non DG,Un Guarded
S-7047,South I,24.967382,67.118672,Non DG,Un Guarded
5794,Central III,30.05305,70.63361,Non DG,Un Guarded
S-7208,South III,25.35468,61.7747,Non DG,Un Guarded
S-7209,South III,25.16726,61.83563,Non DG,Un Guarded
N-4330,North I,33.74649,73.17298,Non DG,Un Guarded
N-4045,North II,34.01148,71.51533,Non DG,Un Guarded
S-7009,South I,25.07294,67.34028,Non DG,Un Guarded
S-3429,South I,25.02247,67.04527,Non DG,Un Guarded
6452,South I,25.0182,67.11878,Non DG,Un Guarded
6258,South I,24.88,67.03152,Non DG,Un Guarded
S-7126,South III,30.18014,66.99999,Non DG,Un Guarded
S-3007,South I,25.03095,67.1537,Non DG,Un Guarded
S-3028,South I,25.078878,67.117869,Non DG,Un Guarded
S-3145,South III,26.02513,63.71817,Non DG,Un Guarded
S-3492,South I,24.98856,66.94807,Non DG,Un Guarded
S-3316,South II,25.4177,68.36332,Non DG,Un Guarded
S-3132,South III,29.1197,66.60286,Non DG,Un Guarded
S-3059,South II,28.16973,68.0059,Non DG,Un Guarded
S-7801,South I,24.999011,67.174027,Non DG,Un Guarded
CI-1873,Central I,31.8568,73.7442,Non DG,Un Guarded
S-7151,South III,29.90285,69.27427,DG,Guarded
4106,Central III,30.1849,71.43666,DG,Guarded
3166,Central I,31.56087,74.28186,Non DG,Un Guarded
S-7131,South III,30.0901,66.93687,Non DG,Un Guarded
S-3147,South III,26.04088,63.41396,Non DG,Un Guarded
CII-2907,Central II,32.2272,72.211889,Non DG,Un Guarded
S-7130,South III,30.10367,66.97187,Non DG,Un Guarded
S-7010,South II,27.85595,67.91628,Non DG,Un Guarded
S-3138,South III,25.9828,63.08209,Non DG,Un Guarded
S-3119,South II,25.20856,69.58463,Non DG,Un Guarded
6966,Central III,29.99368,71.1786,DG,Guarded
S-3133,South III,29.3504,66.58655,Non DG,Un Guarded
S-7792,South III,26.9982,64.06493,Non DG,Un Guarded
S-3496,South I,25.02994,66.86125,Non DG,Un Guarded
S-3498,South III,30.26946,66.83046,Non DG,Un Guarded
S-7158,South III,30.17726,66.99107,Non DG,Un Guarded
S-7129,South III,30.10077,66.98629,DG,Un Guarded
2888,North II,34.11293,71.56238,Non DG,Un Guarded
S-7128,South III,30.1349,66.9742,Non DG,Un Guarded
S-7231,South III,30.15662,67.02001,Non DG,Un Guarded
S-7275,South III,26.2292,66.3182,Non DG,Un Guarded
S-3207,South III,30.02581,68.65147,Non DG,Un Guarded
S-7791,South III,25.26441,63.4679,Non DG,Un Guarded
S-3239,South III,30.72244,66.78793,Non DG,Un Guarded
9855,South II,25.46717,68.72732,DG,Guarded
S-3629,South III,28.99478,66.381,DG,Guarded
S-7134,South III,28.63449,66.32468,DG,Guarded
N-4386,North I,34.00478,72.93467,Non DG,Un Guarded
S-3359,South III,31.34618,69.47313,Non DG,Un Guarded
S-3500,South III,30.29403,66.99001,Non DG,Un Guarded
CI-1103,Central I,31.62053,74.23131,Non DG,Un Guarded
S-7793,South III,26.97925,64.04431,Non DG,Un Guarded
9884,South II,25.31491,68.42413,Non DG,Un Guarded
S-7267,South III,30.1593,67.0383,Non DG,Un Guarded
S-7776,South III,25.24586,63.46464,Non DG,Un Guarded
S-7508,South II,28.63022,68.54159,DG,Guarded
S-7124,South II,28.64346,69.188,Non DG,Un Guarded
1477,South III,30.471779,69.359829,DG,Guarded
2590,North I,33.03592,72.01188,DG,Guarded
S-7132,South III,25.8828,67.3001,DG,Guarded
S-3965,South III,27.65748,64.10169,DG,Guarded
S-3966,South III,27.478599927,64.029888221,DG,Guarded
S-3958,South III,28.53343,64.56927,DG,Guarded
S-3771,South III,29.29103,63.55689,DG,Guarded
S-3956,South III,28.80115,65.28626,DG,Guarded
3332,Central I,32.14573,74.19893,DG,Guarded
6413,South I,24.90952,67.19262,Non DG,Un Guarded
S-3943,South III,28.60797,64.79717,DG,Guarded
8781,North I,33.64012,73.81655,Non DG,Un Guarded
9531,South I,24.94706,67.02823,DG,Guarded
UKZR53,South III,27.59746,66.18471,DG,Guarded
S-7226,South III,28.57881,65.41576,DG,Guarded
2782,North I,34.33352,73.19405,DG,Guarded
3221,Central I,31.58139,74.3178,Non DG,Un Guarded
S-7189,South III,25.39685,64.44387,Non DG,Un Guarded
1767,South II,25.35862,69.74142,Non DG,Guarded
S-3128,South I,24.9396,67.03003,Non DG,Un Guarded
7937,Central I,32.59917,73.73302,DG,Guarded
6863,Central III,30.19465,71.47007,Non DG,Un Guarded
N-5535,North II,34.05683,71.97855,Non DG,Un Guarded
2380,North II,34.188104,71.763265,Non DG,Un Guarded
9682,South I,24.82677,67.06547,Non DG,Un Guarded
9296,South I,24.868106,67.080886,DG,Un Guarded
7229,Central I,31.42765,74.29967,DG,Guarded
N-5175,North II,33.69841,70.9108,Non DG,Un Guarded
N-4842,North II,33.92141565,71.50871686,DG,Guarded
N-5166,North II,33.10073,70.649,Non DG,Un Guarded
N-5134,North II,32.98131,70.06997,Non DG,Un Guarded
N-5514,North II,32.9753,70.28453,Non DG,Un Guarded
N-4191,Central II,33.018446,70.824408,Non DG,Un Guarded
N-4187,Central II,33.018446,70.824408,Non DG,Un Guarded
S-3502,South II,27.19208,69.16051,Non DG,Un Guarded
9796,South II,27.7931,68.7684,Non DG,Un Guarded
N-5515,North II,32.9889,70.0659,Non DG,Un Guarded
N-5311,North II,34.11272,71.0991,Non DG,Un Guarded
N-5308,North II,34.00459,71.54968,Non DG,Un Guarded
7664,Central I,31.61032,74.28565,Non DG,Un Guarded
S-4811,South II,27.55372,68.21783,Non DG,Un Guarded
CII-8072,Central III,30.14794,71.60018,Non DG,Un Guarded
S-4110,South III,27.77033,67.04906,Non DG,Guarded
N-5132,North II,34.00854,71.5626,Non DG,Un Guarded
S-4056,South III,30.30215,67.4938,Non DG,Guarded
S-7493,South III,30.443713,68.604327,Non DG,Guarded
S-4111,South III,27.7361,67.0762,Non DG,Guarded
S-4112,South III,27.7132,67.1003,Non DG,Guarded
8584,North II,32.9652,70.61602,DG,Guarded
N-5491,North II,33.36307,70.56261,DG,Guarded
S-3654,South III,29.53329,66.55544,DG,Guarded
3067,Central I,31.58916,74.33153,Non DG,Un Guarded
N-5487,North II,33.335756,71.2771,Non DG,Un Guarded
N-5490,North II,32.998763,70.5995,Non DG,Un Guarded
1342,South II,24.92382,69.05155,DG,Guarded
N-5470,North I,33.96986,72.93536,Non DG,Un Guarded
6348,South I,24.88006,67.02775,Non DG,Un Guarded
N-5556,North II,34.24417,71.27273,Non DG,Un Guarded
7162,Central I,31.4497,74.29721,DG,Guarded
9384,South I,24.94094,67.01176,Non DG,Un Guarded
N-5141,North I,34.0285,73.1068,Non DG,Un Guarded
6851,Central II,30.66476,73.11144,Non DG,Un Guarded
N-4033,North I,33.69065,73.03153,Non DG,Un Guarded
N-5095,North I,33.5895,72.8749,DG,Un Guarded
4617,Central III,28.66469,70.39363,DG,Guarded
N-5158,North I,33.5801,73.1609,Non DG,Un Guarded
2639,North I,32.86197,72.75607,Non DG,Un Guarded
1397,South III,30.20387,66.992,Non DG,Un Guarded
N-5156,North I,32.9537,73.7141,Non DG,Un Guarded
CI-1696,Central I,31.44651,74.25897,Non DG,Un Guarded
9164,South I,24.85261,67.00602,Non DG,Un Guarded
N-5153,North I,33.6027,73.0284,Non DG,Un Guarded
CI-1757,Central I,31.3761,74.193,Non DG,Un Guarded
CI-1758,Central I,31.37482,74.17001,Non DG,Un Guarded
N-5614,North II,33.61527,71.77483,Non DG,Un Guarded
CI-1756,Central I,31.38268,74.18967,Non DG,Un Guarded
N-5611,North II,33.57268,71.64944,Non DG,Un Guarded
8387,North I,33.66101,73.05633,Non DG,Un Guarded
N-5161,North I,33.6533,73.1102,Non DG,Un Guarded
N-5493,North I,33.62059,73.05847,Non DG,Un Guarded
S-3652,South III,29.32419,66.49235,DG,Guarded
N-5577,North II,33.9821,71.31672,Non DG,Un Guarded
N-5150,North I,33.6557,73.2301,Non DG,Un Guarded
7268,Central I,31.59962,74.36182,Non DG,Guarded
N-5610,North II,33.72182,71.58656,Non DG,Un Guarded
N-4001,North II,32.9902,70.71799,DG,Guarded
N-5149,North I,33.5222,73.18194,Non DG,Un Guarded
N-5475,North I,33.53926,73.06703,Non DG,Un Guarded
S-3913,South III,25.8951,66.2589,DG,Guarded
2304,North II,33.52178,71.44862,DG,Guarded
N-5146,North II,34.1419,71.9075,Non DG,Un Guarded
CII-2503,Central II,32.02349,70.96308,DG,Guarded
N-5522,North I,33.55905,72.82417,Non DG,Un Guarded
N-5488,North II,33.29322,71.1035,DG,Un Guarded
5511,Central II,30.58646,72.98569,DG,Un Guarded
S-7522,South III,29.6287,68.67838,DG,Guarded
6833,Central II,31.36298,72.98734,Non DG,Un Guarded
7045,Central I,31.47659,74.39267,Non DG,Un Guarded
N-5604,North II,33.0902,71.31622,DG,Guarded
6086,South I,24.93822,67.06658,Non DG,Un Guarded
S-7537,South III,30.0311,68.9525,DG,Guarded
S-3952,South III,28.74641,65.17226,DG,Guarded
S-3785,South III,29.1696,64.34147,DG,Guarded
6781,South II,28.42668,69.57925,Non DG,Guarded
CI-1656,Central I,31.56287,74.34523,Non DG,Un Guarded
S-7323,South III,27.80716,66.6091,Non DG,Un Guarded
S-7011,South III,28.78514,65.15452,DG,Guarded
S-7538,South III,29.98115,69.25116,DG,Guarded
S-3749,South III,28.41129,66.79747,DG,Guarded
S-7543,South III,29.93478,69.11951,DG,Guarded
2663,North I,32.66236,72.58767,Non DG,Guarded
S-7170,South III,26.44388,65.22256,Non DG,Un Guarded
S-7136,South I,24.846551,67.026224,Non DG,Un Guarded
2128,North II,33.99989,71.38782,DG,Guarded
S-3998,South I,24.8338,67.1085,Non DG,Un Guarded
9286,South I,24.88936,67.18949,Non DG,Un Guarded
S-7171,South I,24.932418,67.086782,Non DG,Un Guarded
N-5494,North I,33.61754,73.05047,Non DG,Un Guarded
3G-CII-3431,Central II,31.28554,72.31037,Non DG,Un Guarded
8929,North I,33.99702,73.56913,DG,Guarded
N-5615,North II,33.82135,71.37082,Non DG,Un Guarded
3G-S-1553,South III,30.21391,67.01529,Non DG,Un Guarded
6438,South I,24.83796,67.17218,Non DG,Un Guarded
5862,Central II,31.265,72.34839,DG,Un Guarded
N-5593,North II,34.09993,71.28664,Non DG,Un Guarded
9704,South II,27.44649,68.03085,DG,Guarded
7292,Central I,31.61168,74.27443,DG,Guarded
N-5616,North II,33.79383,71.42939,Non DG,Un Guarded
2596,North I,33.23927,72.26517,Non DG,Un Guarded
CII-2121,Central III,30.0489,72.5095,Non DG,Un Guarded
S-7540,South III,29.85062,69.09709,DG,Guarded
9374,South I,24.92381,67.05891,DG,Guarded
S-7542,South III,29.79838,68.95908,DG,Guarded
N-5103,North I,33.61566,73.13819,Non DG,Un Guarded
8182,North I,33.55592,73.08399,DG,Guarded
S-7544,South III,29.78014,69.12351,DG,Guarded
6479,South I,24.79886,67.04348,Non DG,Guarded
S-7529,South III,29.87799,69.25882,DG,Guarded
4921,Central III,30.94626,70.69272,DG,Guarded
DTE Bannu,North II,32.968,70.62925,Non DG,Un Guarded
4461,Central III,30.29149,71.92535,DG,Guarded
S-7518,South III,29.98881,69.4015,DG,Guarded
8539,North II,33.602181,71.452103,Non DG,Un Guarded
S-3953,South III,28.75802,65.12712,DG,Guarded
9072,South I,24.91558,66.98293,DG,Guarded
4777,Central II,31.75381,72.88912,DG,Un Guarded
S-3797,South III,31.2926,67.76225,Non DG,Guarded
1533,Central III,28.5017,69.73457,DG,Guarded
6917,Central III,30.38271,70.72512,Non DG,Un Guarded
9253,South I,24.86909,66.97776,Non DG,Un Guarded
9037,South I,24.8536,67.0037,Non DG,Guarded
1153,South II,25.40261,68.3742,Non DG,Un Guarded
5688,Central II,31.6037,72.72862,Non DG,Un Guarded
4242,Central II,30.96137,72.15959,DG,Un Guarded
8960,North I,33.51796,73.90168,DG,Guarded
4995,Central III,30.85791,71.07652,DG,Guarded
1935,South II,26.71718,67.89955,DG,Guarded
N-5536,North I,33.600362,73.109716,Non DG,Un Guarded
7147,Central I,31.48992,74.31141,DG,Guarded
2292,North I,32.71921,73.14869,DG,Un Guarded
N-4034,North II,33.02032,70.59938,DG,Guarded
7658,Central I,31.18732,74.20292,DG,Guarded
9530,South I,24.95652,67.03663,DG,Guarded
9182,South I,24.82405,67.03015,DG,Un Guarded
7875,Central I,32.69344,74.34525,Non DG,Un Guarded
4472,Central III,29.38645,70.9167,DG,Guarded
1268,South II,27.845661,68.127305,DG,Guarded
5277,Central III,30.19983,72.59,Non DG,Un Guarded
5888,Central III,30.05251,70.62251,DG,Guarded
5271,Central III,29.98039,72.50485,DG,Guarded
9357,South I,24.93946,67.10082,DG,Un Guarded
3808,Central I,32.46305,72.88732,DG,Guarded
CII-2593,Central III,28.41645,70.30936,Non DG,Un Guarded
1367,South II,27.07609,68.61121,Non DG,Un Guarded
4464,Central III,30.294011,71.917565,DG,Guarded
S-3101,South III,29.89798,66.64717,DG,Guarded
2420,North I,33.79983,72.78714,DG,Guarded
1283,South II,27.1557,68.41217,Non DG,Guarded
CI-1579,Central I,31.46268,74.42274,Non DG,Un Guarded
4983,Central III,30.16649,70.95278,DG,Un Guarded
4584,Central III,29.60242,73.13604,DG,Guarded
8818,North I,33.55897,73.1593,Non DG,Un Guarded
S-3911,South III,26.413,66.3325,DG,Guarded
N-4640,North I,33.7116,73.0573,Non DG,Un Guarded
8927,North I,33.93763,73.71896,DG,Guarded
DTE Karak,North II,33.11644444,71.10427778,Non DG,Un Guarded
S-3709,South III,26.7963,66.27352,DG,Guarded
S-3525,South III,29.73461,69.62706,DG,Guarded
2919,North II,34.1902,72.04242,Non DG,Un Guarded
1472,South III,27.82057,66.60342,Non DG,Guarded
3503,Central I,31.722,73.97799,Non DG,Un Guarded
1449,South III,30.72511,66.84503,DG,Guarded
S-7004,South II,28.6549,69.18681,Non DG,Un Guarded
9538,South I,24.94758,67.09975,Non DG,Un Guarded
N-4624,North I,34.0555,73.0019,Non DG,Un Guarded
9071,South I,24.92832,67.07375,Non DG,Un Guarded
6450,South I,24.8626,66.98722,Non DG,Un Guarded
5340,Central II,31.055595,72.589927,Non DG,Un Guarded
2594,North I,33.27209,72.10756,DG,Guarded
5543,Central II,30.54956,73.73784,Non DG,Un Guarded
CII-2786,Central III,29.14991,70.32357,Non DG,Un Guarded
3382,Central I,32.58252,74.3854,DG,Un Guarded
9862,South I,24.89443,67.20528,Non DG,Un Guarded
5727,Central II,31.71844,72.99512,Non DG,Un Guarded
N-4608,North II,32.73274,71.01659,Non DG,Un Guarded
4908,Central III,30.8051,71.22687,Non DG,Un Guarded
1652,South II,27.85468,69.10623,DG,Guarded
S-3710,South III,26.87206,66.30285,DG,Guarded
S-3626,South III,28.3943,66.0228,DG,Guarded
S-3676,South I,24.802839,67.402401,Non DG,Un Guarded
8791,North I,33.45036,73.96989,DG,Guarded
CII-2691,Central III,30.19398,71.40666,Non DG,Un Guarded
7768,Central I,32.54402,74.55508,Non DG,Un Guarded
2798,North I,34.60383,73.26247,DG,Guarded
2098,North I,33.60878,73.00932,DG,Guarded
CII-2213,Central III,28.42967,70.33398,Non DG,Un Guarded
CII-2690,Central III,30.19128,71.44085,Non DG,Un Guarded
2585,North I,33.30831,72.17764,DG,Guarded
2234,North I,32.964337,72.746782,Non DG,Un Guarded
S-3744,South III,28.48007,66.64798,DG,Guarded
3511,Central I,31.71271,73.96432,DG,Guarded
4169,Central III,29.8783,71.29053,Non DG,Un Guarded
2411,North II,33.9908,71.82181,DG,Guarded
6171,South I,24.90434,67.12459,Non DG,Un Guarded
7870,Central I,32.69579,74.12606,Non DG,Un Guarded
9505,South I,24.99156,67.06108,DG,Guarded
S-3907,South III,26.42348,66.42873,DG,Guarded
S-3716,South III,27.23623,66.30891,DG,Guarded
2501,North I,33.4284,73.222,DG,Guarded
9730,South II,27.90837,68.5148,Non DG,Un Guarded
7195,Central I,31.58456,74.36924,Non DG,Un Guarded
N-4210,North II,33.90641,71.49982,DG,Guarded
N-5777,North I,33.60291,73.06695,Non DG,Un Guarded
3G-CI-1107,Central I,31.8874,74.2375,Non DG,Un Guarded
3G-CI-1109,Central I,31.4635,74.2229,Non DG,Un Guarded
3G-S-1463,South I,24.84908,66.99911,Non DG,Un Guarded
4337,Central II,32.286222,72.431389,Non DG,Un Guarded
3G-CI-1336,Central I,31.560774,74.330703,Non DG,Un Guarded
5680,Central II,30.75041,71.81006,DG,Un Guarded
S-7868,South I,25.072954,66.946214,DG,Guarded
9797,South II,27.6673,68.92949,DG,Guarded
8657,North II,34.00027,72.12804,Non DG,Un Guarded
5585,Central II,32.2053,72.94992,DG,Guarded
S-3491,South I,25.0584807,67.014209,Non DG,Un Guarded
N-4280,North I,34.90609,73.6494,Non DG,Un Guarded
UCHR17,South III,28.780488,63.004054,DG,Guarded
S-7516,South III,29.04894,69.1977,DG,Guarded
8268,North I,33.56958,73.00683,Non DG,Un Guarded
2113,North II,33.99898,71.42655,DG,Guarded
S-7515,South III,29.07897,68.97242,DG,Guarded
CI-1510,Central I,32.39779,75.04517,DG,Un Guarded
3173,Central I,31.56266,74.4026,DG,Guarded
6473,South I,24.84373,67.00305,Non DG,Un Guarded
2311,North II,33.61207,71.45006,DG,Guarded
4577,Central III,29.79168,72.86292,DG,Guarded
S-7184,South III,25.44568,65.13536,Non DG,Un Guarded
S-7514,South III,29.15647,68.98408,DG,Guarded
S-7513,South III,29.14622,69.09158,DG,Guarded
S-7505,South III,28.9245,68.768,DG,Guarded
N-4471,North II,35.48195,72.58629,DG,Guarded
2641,North I,32.78131,72.6981,Non DG,Un Guarded
9833,South II,25.39153,68.37687,Non DG,Guarded
5210,Central III,29.47034,73.03453,DG,Un Guarded
S-7504,South III,28.94704,69.06001,DG,Guarded
3419,Central I,32.50945,74.5738,DG,Un Guarded
9184,South I,24.81563,67.03621,Non DG,Un Guarded
7765,Central I,32.48655,74.55192,Non DG,Un Guarded
S-7342,South I,24.85447,67.12094,Non DG,Un Guarded
S-7310,South II,27.708923,68.824242,Non DG,Un Guarded
S-7303,South III,31.35106,69.42078,Non DG,Un Guarded
S-7288,South III,25.22426,62.45764,Non DG,Un Guarded
4551,Central II,30.48103,72.54675,DG,Guarded
S-7279,South II,25.375264,68.349902,DG,Guarded
S-7260,South III,30.82706,67.73841,Non DG,Un Guarded
N-4444,North I,32.94676,73.7121,Non DG,Un Guarded
CII-2676,Central III,30.03779,70.63687,Non DG,Un Guarded
4204,Central II,30.96983,72.48456,Non DG,Un Guarded
S-7198,South III,25.40857,63.466,Non DG,Un Guarded
4618,Central III,28.668889,70.5271,Non DG,Un Guarded
S-7194,South III,25.46953,63.90937,Non DG,Un Guarded
S-7193,South III,25.50923,64.10369,Non DG,Un Guarded
S-7191,South III,25.50748,64.26562,Non DG,Un Guarded
8214,North I,33.71148,72.91948,Non DG,Un Guarded
S-7186,South III,25.37032,64.84966,Non DG,Un Guarded
S-7185,South III,25.40139,64.99139,Non DG,Un Guarded
S-7123,South III,30.91531,69.29028,Non DG,Un Guarded
9763,South II,27.80175,68.28976,Non DG,Un Guarded
S-7122,South III,31.09605,68.91924,Non DG,Un Guarded
S-7195,South III,25.40865,63.85107,Non DG,Un Guarded
S-7121,South III,31.56073,69.60073,Non DG,Un Guarded
9879,South II,24.76325,69.19049,Non DG,Un Guarded
S-7120,South III,31.24714,68.8783,Non DG,Un Guarded
S-7119,South III,30.77242,70.14377,Non DG,Un Guarded
9590,South I,24.847319,66.998931,Non DG,Un Guarded
S-7118,South III,30.95806,69.90502,Non DG,Un Guarded
S-3188,South II,25.41801,68.34425,Non DG,Un Guarded
HLHRBSC01,Central I,31.51768904,74.34859344,Non DG,Un Guarded
HLHRBSC02,Central I,31.51768904,74.34859344,Non DG,Un Guarded
S-3760,South III,27.0129,66.7716,DG,Guarded
S-3419,South III,29.81119,66.85339,Non DG,Un Guarded
S-7117,South III,31.08273,70.13668,Non DG,Un Guarded
1692,South II,25.63233,68.59607,DG,Guarded
CII-2504,Central II,32.042,70.90372,Non DG,Un Guarded
S-7116,South III,31.16685,69.95284,Non DG,Un Guarded
7118,Central I,31.4222,74.26139,Non DG,Un Guarded
S-7115,South III,31.45198,69.92834,Non DG,Un Guarded
3053,Central I,31.52835,74.35913,Non DG,Un Guarded
4762,Central II,31.02789,72.69317,DG,Guarded
S-7114,South III,31.41132,69.99084,Non DG,Un Guarded
S-7113,South III,30.85533,70.01369,Non DG,Un Guarded
S-7112,South III,30.90958,69.71019,Non DG,Un Guarded
S-7111,South III,30.70109,69.08206,Non DG,Un Guarded
8129,North I,33.62837,73.02647,Non DG,Un Guarded
S-7110,South III,30.90699,69.61696,Non DG,Un Guarded
S-7109,South III,30.94796,70.05078,Non DG,Un Guarded
S-3761,South III,27.90985,66.73927,DG,Guarded
8451,North II,32.98791,70.60966,DG,Guarded
7463,Central I,31.71247,73.98148,Non DG,Un Guarded
S-7108,South III,31.26315,70.066848,Non DG,Un Guarded
S-3577,South III,30.49998,68.95712,DG,Guarded
S-7107,South III,30.44221,69.75786,Non DG,Un Guarded
5241,Central III,29.68963,72.42135,Non DG,Guarded
9349,South I,24.95097,66.97857,DG,Guarded
S-7106,South III,30.63882,69.8251,Non DG,Un Guarded
4547,Central II,30.92357,73.68479,DG,Un Guarded
2637,North I,34.5454,73.16735,DG,Guarded
S-7105,South III,30.81468,69.84299,Non DG,Un Guarded
S-7104,South III,30.89227,69.97189,Non DG,Un Guarded
S-7103,South III,30.66126,69.96281,Non DG,Un Guarded
8971,North I,33.26386,73.77904,DG,Guarded
N-4635,North I,33.67268,73.02145,Non DG,Un Guarded
S-7102,South III,30.57648,70.00103,Non DG,Un Guarded
S-7101,South III,30.84711,70.20377,Non DG,Un Guarded
8220,North I,33.63684,73.27664,Non DG,Un Guarded
4997,Central III,30.52013,70.95105,DG,Guarded
S-7100,South III,30.9414,70.14516,Non DG,Un Guarded
S-7099,South III,31.00747,69.9827,Non DG,Un Guarded
CI-1122,Central I,31.57354,74.42328,Non DG,Guarded
S-7098,South III,30.8195,69.797,Non DG,Un Guarded
S-7097,South III,31.33967,69.66838,Non DG,Un Guarded
7837,Central I,32.34729,74.16503,Non DG,Un Guarded
N-4778,North II,34.00449,71.50032,Non DG,Guarded
S-7096,South III,31.24429,69.98386,Non DG,Un Guarded
S-7095,South III,30.81628,69.57883,Non DG,Un Guarded
7908,Central I,32.79296,74.06488,Non DG,Un Guarded
S-7094,South III,30.51982,69.4976,Non DG,Un Guarded
5531,Central II,30.96977,72.47082,DG,Un Guarded
S-7093,South III,31.33398,70.14506,Non DG,Un Guarded
3370,Central I,31.94175,74.22799,DG,Guarded
S-7092,South III,31.37369,70.11792,Non DG,Un Guarded
S-7091,South III,31.37774,69.89993,Non DG,Un Guarded
1276,South II,27.17168,67.82217,DG,Guarded
N-4440,North I,32.91945,73.70033,Non DG,Un Guarded
S-7090,South III,31.4339,69.73619,Non DG,Un Guarded
6573,South II,25.3621,68.36154,Non DG,Un Guarded
S-3621,South III,31.073,68.6174,DG,Guarded
S-7089,South III,31.47693,69.82119,Non DG,Un Guarded
R005,North I,34.2166724,73.606791,DG,Guarded
8817,North I,33.5646,73.14302,Non DG,Un Guarded
S-7088,South III,31.47597,69.66145,Non DG,Un Guarded
1073,South I,24.973305556,67.078083333,DG,Guarded
S-7087,South III,31.54514,69.70714,Non DG,Un Guarded
S-7086,South III,31.49209,69.88866,Non DG,Un Guarded
6054,South I,24.82971,67.24391,Non DG,Un Guarded
1454,South III,30.49658,66.95396,DG,Guarded
S-7085,South III,31.61525,69.86752,Non DG,Un Guarded
8935,North I,33.97517,73.78984,Non DG,Un Guarded
5309,Central III,30.31885,71.51803,Non DG,Un Guarded
S-7084,South III,31.54736,69.76936,Non DG,Un Guarded
S-7083,South III,31.58512,69.76561,Non DG,Un Guarded
1788,South I,24.60599,67.82108,DG,Guarded
S-7082,South III,30.89828,69.46104,Non DG,Un Guarded
UKTR10,South III,28.92395,66.22527,Non DG,Un Guarded
S-7081,South III,31.67548,69.6839,Non DG,Un Guarded
S-7080,South III,31.70333,69.73083,Non DG,Un Guarded
S-7079,South III,31.4468,69.76574,Non DG,Un Guarded
S-7078,South III,31.3448,69.01002,Non DG,Un Guarded
N-4165,North II,33.41466,71.25429,DG,Guarded
8001,North I,33.58078,73.03688,DG,Un Guarded
S-7077,South III,30.65982,69.38658,Non DG,Un Guarded
S-7076,South III,31.07284,69.834,Non DG,Un Guarded
1757,South II,25.2971941,69.5240755,DG,Guarded
S-7075,South III,30.67824,69.22467,Non DG,Un Guarded
5014,Central III,30.21168,71.49994,DG,Guarded
S-7074,South III,30.73373,69.37954,Non DG,Un Guarded
S-7073,South III,31.28824,70.09134,Non DG,Un Guarded
N-4943,North I,33.63704,72.85211,Non DG,Un Guarded
S-7072,South III,31.01203,69.2333,Non DG,Un Guarded
S-7071,South III,30.93342,69.34158,Non DG,Un Guarded
S-7070,South III,31.09952,69.29179,Non DG,Un Guarded
S-7069,South III,31.27223,69.51489,Non DG,Un Guarded
S-7068,South III,31.14764,69.52261,Non DG,Un Guarded
2688,North I,33.39792,71.99894,DG,Guarded
S-7067,South III,31.19509,69.40443,Non DG,Un Guarded
1350,South II,24.73466,69.78907,Non DG,Guarded
S-7066,South III,31.39499,69.57458,Non DG,Un Guarded
S-7065,South III,31.5232,69.31314,Non DG,Un Guarded
S-7064,South III,31.44784,69.45023,Non DG,Un Guarded
S-7063,South III,31.3744,69.21555,Non DG,Un Guarded
S-7062,South III,31.5161,69.52226,Non DG,Un Guarded
S-7061,South III,31.93141,69.53136,Non DG,Un Guarded
2107,North II,33.97425,71.4251111111111,DG,Guarded
S-7060,South III,31.50918,69.61842,Non DG,Un Guarded
S-7551,South III,29.53806,67.49389,Non DG,Un Guarded
CI-1914,Central I,31.44369,74.41333,Non DG,Un Guarded
S-3272,South I,24.9376,67.2445,Non DG,Un Guarded
S-7589,South III,30.48326,67.36587,Non DG,Un Guarded
S-3482,South III,30.401,68.8117,Non DG,Un Guarded
CI-1949,Central I,32.454407,74.488197,Non DG,Un Guarded
N-4530,North I,33.14056,73.12116,Non DG,Un Guarded
CI-1820,Central I,31.43613,74.24989,Non DG,Un Guarded
S-7722,South III,27.14355,63.32622,DG,Guarded
S-3355,South III,30.34547,66.9574,Non DG,Un Guarded
CI-1972,Central I,31.786583,73.902041,Non DG,Un Guarded
CI-1921,Central I,32.24155,74.16376,Non DG,Un Guarded
S-7607,South III,30.43372,67.66449,Non DG,Un Guarded
S-7059,South III,31.49635,69.73731,Non DG,Un Guarded
CI-1520,Central I,31.55964,74.32576,Non DG,Un Guarded
CII-2554,Central III,29.36426,70.54252,DG,Guarded
S-7058,South III,30.3757,69.88246,Non DG,Un Guarded
1497,South III,28.01104,66.47026,DG,Guarded
S-7056,South III,31.75441,69.32157,Non DG,Un Guarded
S-7055,South III,31.24313,69.60048,Non DG,Un Guarded
5582,Central I,32.18413,73.02946,DG,Guarded
S-7054,South III,31.2324,69.30151,Non DG,Un Guarded
N-5267,North I,33.61834,73.1445,Non DG,Un Guarded
CI-1087,Central I,32.4675,74.5448,Non DG,Un Guarded
N-4527,North I,33.27444,73.16468,Non DG,Un Guarded
N-5768,North I,33.6908815,72.93567,Non DG,Un Guarded
CII-2861,Central III,30.70299,70.63314,Non DG,Un Guarded
CI-1850,Central I,31.52528,74.4533,Non DG,Un Guarded
2245,North I,33.591865,73.378245,Non DG,Un Guarded
CI-1886,Central I,32.66193,73.735544,Non DG,Un Guarded
S-7053,South III,31.10014,69.41196,Non DG,Un Guarded
N-4196,North II,34.33054,72.25158,Non DG,Un Guarded
S-7052,South III,31.82461,69.66993,Non DG,Un Guarded
S-7051,South III,31.69885,69.5601,Non DG,Un Guarded
S-7050,South III,31.62964,69.39646,Non DG,Un Guarded
S-7049,South III,30.83253,69.35211,Non DG,Un Guarded
S-7048,South III,31.04166,69.45795,Non DG,Un Guarded
N-4626,North I,34.0367,72.908812,Non DG,Un Guarded
N-4628,North I,34.00328,72.96626,Non DG,Un Guarded
S-3161,South III,30.91169,66.47142,Non DG,Un Guarded
N-5607,North II,33.84035,70.5564,Non DG,Un Guarded
CII-2884,Central II,31.35923,73.15675,Non DG,Un Guarded
N-5294,North I,33.70674,72.41163,Non DG,Un Guarded
N-5993,North I,33.98592,73.76747,Non DG,Un Guarded
N-4160,North I,33.15025,73.78296,Non DG,Un Guarded
N-5575,North II,33.15607,71.39585,Non DG,Un Guarded
N-4980,North II,33.48968,71.02068,Non DG,Un Guarded
N-5568,North II,33.86075,70.79984,Non DG,Un Guarded
N-5471,North II,33.978559,71.474337,Non DG,Un Guarded
N-4972,North II,32.86594,70.51529,Non DG,Un Guarded
N-4648,North II,33.72832,70.37767,Non DG,Un Guarded
4122,Central III,30.23328,71.48268,DG,Guarded
N-5162,North II,33.54747,71.45751,Non DG,Un Guarded
N-5383,North II,34.012426,71.403221,Non DG,Un Guarded
N-4967,North II,32.83712,70.72896,Non DG,Un Guarded
N-5563,North II,33.78496,70.67667,Non DG,Un Guarded
N-4986,North II,33.42012,70.71707,Non DG,Un Guarded
S-3243,South III,30.56015,66.98917,Non DG,Un Guarded
N-5089,North II,34.30725,71.63286,DG,Un Guarded
S-3352,South III,30.07509,66.94318,Non DG,Un Guarded
N-5545,North I,33.53651,73.16576,Non DG,Un Guarded
CII-2682,Central III,30.06356,70.64713,Non DG,Guarded
N-5739,North II,34.00396,71.34984,Non DG,Un Guarded
CI-1925,Central I,32.68233,74.02453,Non DG,Un Guarded
N-5485,North II,33.99318,71.5517,Non DG,Un Guarded
S-3325,South III,30.93134,66.46608,DG,Un Guarded
S-3066,South II,27.54249,68.26134,Non DG,Un Guarded
S-3319,South II,28.06268,68.26718,Non DG,Un Guarded
N-5508,Central II,32.60175,69.83907,Non DG,Un Guarded
S-3226,South III,29.81011,66.99423,Non DG,Un Guarded
6377,South I,24.937757,66.986217,Non DG,Un Guarded
S-7374,South I,24.854873,67.077732,Non DG,Un Guarded
N-5464,North II,32.9921,70.59946,Non DG,Un Guarded
S-3443,South I,24.94856,67.26916,Non DG,Un Guarded
S-3561,South III,30.72617,67.81897,DG,Guarded
S-7145,South I,25.026585,67.155203,Non DG,Un Guarded
N-5463,North II,32.81187,70.217677,Non DG,Un Guarded
S-3010,South I,25.00861,67.15826,Non DG,Un Guarded
S-7138,South I,24.91938,67.02474,Non DG,Un Guarded
S-7177,South I,24.92381,67.05397,Non DG,Un Guarded
S-7012,South I,24.99259,67.31255,Non DG,Un Guarded
S-3983,South I,24.83781,67.06829,Non DG,Un Guarded
S-7875,South II,25.4088,68.33629,Non DG,Un Guarded
N-5062,North I,33.06185,73.09754,Non DG,Un Guarded
N-5334,North II,33.58691,71.4638,Non DG,Un Guarded
S-7125,South II,27.5442,68.22137,Non DG,Un Guarded
S-7693,South III,25.92437,62.46801,DG,Un Guarded
S-7696,South III,25.85945,62.31067,DG,Guarded
S-7704,South III,25.75531,61.86945,DG,Guarded
S-3320,South II,27.99246,68.59689,Non DG,Un Guarded
S-3092,South II,27.55051,67.88631,Non DG,Un Guarded
S-7139,South I,25.02593,67.12637,Non DG,Un Guarded
S-3357,South III,30.00412,66.57291,Non DG,Un Guarded
S-7382,South III,30.26715,66.93841,Non DG,Un Guarded
S-3376,South III,30.34265,66.92286,Non DG,Un Guarded
S-3326,South III,30.63896,66.6337,Non DG,Un Guarded
CI-1955,Central I,31.41665,74.22254,Non DG,Un Guarded
S-3245,South III,30.65579,67.39526,Non DG,Un Guarded
S-3377,South III,30.21376,66.94991,Non DG,Un Guarded
C1-SKT-15-3402,Central I,32.5194009,74.5404915,Non DG,Un Guarded
N-4161,North I,33.45243,73.81729,Non DG,Un Guarded
8267,North I,33.73611,73.18519,Non DG,Un Guarded
2201,North I,32.95735,73.70525,DG,Guarded
C1-SKT-15-3405,Central I,32.5194009,74.5404915,Non DG,Un Guarded
CII-2862,Central II,31.10595,72.95545,DG,Un Guarded
S-7465,South III,30.25374,67.06264,Non DG,Un Guarded
2312,North II,33.59554,71.41638,DG,Guarded
1706,South II,24.96295,69.2951,Non DG,Un Guarded
8165,North I,33.68305,72.99802,Non DG,Un Guarded
6750,South I,24.81599,67.23061,Non DG,Un Guarded
S-3237,South III,30.58886,66.98695,Non DG,Un Guarded
9462,South I,24.7986,66.9723,Non DG,Un Guarded
S-3000,South I,25.04457,67.09699,Non DG,Un Guarded
N-4853,North I,33.42692,73.13406,Non DG,Un Guarded
S-3114,South II,26.12251,68.92631,Non DG,Un Guarded
C2-FSB-35-4004-RoomB-converters,Central II,31.40995,73.10939,Non DG,Un Guarded
2803,North I,34.04526,72.77066,DG,Guarded
C2-FSB-35-4004-Room-A-converters,Central II,31.40995,73.10939,Non DG,Un Guarded
3570,Central I,30.81886,74.10699,Non DG,Un Guarded
C2-FSB-35-MSC1-11,Central II,31.40995,73.10939,Non DG,Un Guarded
C2-FSB-15-4019,Central II,31.40995,73.10939,Non DG,Un Guarded
N-4489,North I,33.65163,72.89045,Non DG,Un Guarded
S-3221,South III,29.67288,66.77944,Non DG,Un Guarded
OSN3500 3605 BSC Gujrat,Central I,32.565823,74.0617737,Non DG,Un Guarded
C1-SKT-15-3400,Central I,32.5194009,74.5404915,Non DG,Un Guarded
C1-SKT-15-3407,Central I,32.5194009,74.5404915,Non DG,Un Guarded
C2-FSB-15-4023,Central II,31.40995,73.10939,Non DG,Un Guarded
PTCL Exchange Gujrat OSN3500,Central I,32.5712227,74.0684976,Non DG,Un Guarded
C2-FSB-35-4004-1,Central II,31.40995,73.10939,Non DG,Un Guarded
N-4036,North I,33.31464,72.83334,Non DG,Un Guarded
C2-FSB-15-4005,Central II,31.40995,73.10939,Non DG,Un Guarded
C2-FSB-15-4013,Central II,31.40995,73.10939,Non DG,Un Guarded
C2-FSB-35-MSC1_ofs_1-1,Central II,31.40995,73.10939,Non DG,Un Guarded
C2-FSB-35-MSC2_ofs_1-5,Central II,31.40995,73.10939,Non DG,Un Guarded
C2-FSB-15-10030,Central II,31.40995,73.10939,Non DG,Un Guarded
C2-FSB-35-MSC2_ofs_2-4,Central II,31.40995,73.10939,Non DG,Un Guarded
6774,South III,30.13228,66.97257,DG,Guarded
C2-FSB-35-MSC_2-12,Central II,31.40995,73.10939,Non DG,Un Guarded
C2-FSB-15-CTX,Central II,31.40995,73.10939,Non DG,Un Guarded
C2-FSB-35-MSC1_ofs_2-3,Central II,31.40995,73.10939,Non DG,Un Guarded
C2-MW-15-Mianwali(PTCL),Central II,32.592227,71.546396,Non DG,Un Guarded
C2-FSB-35-CTX_ofs_2-7,Central II,31.40995,73.10939,Non DG,Un Guarded
2330,North II,32.82752,70.78182,DG,Guarded
C2-FSB-35-CTX_ofs_1-9,Central II,31.40995,73.10939,Non DG,Un Guarded
2744,North I,33.93015,73.13595,DG,Un Guarded
S-3210,South III,29.90455,66.70836,Non DG,Un Guarded
S-3187,South III,30.83499,68.05576,Non DG,Un Guarded
N-5548,North I,33.30577,73.04914,Non DG,Un Guarded
N-5990,North I,33.09025,73.2686,Non DG,Un Guarded
S-3100,South II,28.31833,67.98055,Non DG,Un Guarded
SU-KHI-35-1000-1,South I,24.8652797269,67.0646306679,Non DG,Un Guarded
S-3448,South III,30.16185,66.96114,Non DG,Un Guarded
N-4354,North II,33.95878,71.81481,Non DG,Un Guarded
N-4536,North I,33.59414,72.84698,Non DG,Un Guarded
S-3300,South I,24.79909,67.10654,Non DG,Un Guarded
NO-ABT-15-2703,North I,34.1938,73.2357,Non DG,Un Guarded
S-3301,South I,24.87057,67.2203,Non DG,Un Guarded
NO-ABT-15-PSTN,North I,34.1938,73.2357,Non DG,Un Guarded
SU-QTA-15-1406,South III,30.19920995,67.00728372,Non DG,Un Guarded
NO-ABT-15-2701,North I,34.1938,73.2357,Non DG,Un Guarded
SU-HYD-35-Tower679,South II,25.357661,68.380564,Non DG,Un Guarded
SU-HYD-15-1108,South II,25.357661,68.380564,Non DG,Un Guarded
5045,Central III,30.12484,71.84826,DG,Guarded
7048,Central I,31.501375,74.35777,Non DG,Un Guarded
SU-HYD-35-Indus680,South II,25.357661,68.380564,Non DG,Un Guarded
SU-QTA-35-1402,South III,30.19920995,67.00728372,Non DG,Un Guarded
SU-KHI-35-MSC2-1,South I,24.8652797269,67.0646306679,Non DG,Un Guarded
SU-HYD-35-NSS_HYD(Convertor),South II,25.357661,68.380564,Non DG,Un Guarded
SU-HYD-15-1103,South II,25.357661,68.380564,Non DG,Un Guarded
SU-SUK-35-1411,South II,27.711604,68.853495,Non DG,Un Guarded
SU-SUK-35-1410,South II,27.711604,68.853495,Non DG,Un Guarded
SU-SUK-35-925 (NSS Convertor),South II,27.711604,68.853495,Non DG,Un Guarded
SU-SUK-35-1412,South II,27.711604,68.853495,Non DG,Un Guarded
SU-KHI-35-ATCA_MSC_20012(Convertor),South I,24.8652797269,67.0646306679,Non DG,Un Guarded
SU-SUK-35-1413,South II,27.711604,68.853495,Non DG,Un Guarded
SU-KHI-35-ATCA_MSC_20013(Convertor),South I,24.8652797269,67.0646306679,Non DG,Un Guarded
SU-KHI-15-9339,South I,24.90241,67.18692,Non DG,Un Guarded
SU-KHI-35-1000,South I,24.8652797269,67.0646306679,Non DG,Un Guarded
SU-KHI-15-1035,South I,24.887833,67.1495,Non DG,Un Guarded
SU-SUK-15-XPIC-2 C2 PTCL EX,South II,27.711604,68.853495,Non DG,Un Guarded
SU-KHI-35-MSC2,South I,24.8652797269,67.0646306679,Non DG,Un Guarded
S-3435,South I,25.02538,67.08949,Non DG,Un Guarded
CII-2885,Central III,31.09093,70.94178,Non DG,Un Guarded
9047,South I,24.82834,67.04485,DG,Un Guarded
2057,North I,33.63867,73.09516,DG,Un Guarded
C3-MLT-15-PTCL_EX-40,Central III,30.19161,71.4518,Non DG,Un Guarded
SU-KHI-15-1090,South I,24.88145,67.20346,Non DG,Un Guarded
SU-KHI-15-1002,South I,24.850944,67.016917,Non DG,Un Guarded
SU-KHI-35-1004,South I,24.865194,67.020083,Non DG,Un Guarded
SU-KHI-15-9150,South I,24.92456,67.00774,Non DG,Un Guarded
SU-KHI-15-9007,South I,24.85886,67.02398,Non DG,Un Guarded
N-4633,North II,34.12693,71.46169,Non DG,Un Guarded
CII-2853,Central II,31.8804,70.8745,Non DG,Un Guarded
9473,South I,24.83951,67.15843,DG,Un Guarded
N-4023,North I,33.31143,72.61699,Non DG,Un Guarded
5818,Central II,31.40452,73.11445,Non DG,Un Guarded
N-4526,North I,33.393566,73.331111,Non DG,Un Guarded
S-7473,South I,25.04729,67.10399,Non DG,Un Guarded
N-4661,North II,32.79034,70.82327,Non DG,Un Guarded
N-4864,North I,33.74349,72.87596,Non DG,Un Guarded
S-3257,South III,30.05569,66.97655,Non DG,Un Guarded
7924,Central I,32.5728,74.07958,Non DG,Un Guarded
S-3220,South III,29.88057,66.81905,Non DG,Un Guarded
CII-2850,Central II,31.8617,70.8929,Non DG,Un Guarded
N-4575,North II,33.37534,70.74004,Non DG,Un Guarded
2370,North II,34.28327,71.92436,DG,Guarded
N-4658,North II,32.81813,70.78171,Non DG,Un Guarded
N-5985,North I,33.55118,72.53188,Non DG,Un Guarded
N-4895,North II,34.1074,71.96542,Non DG,Un Guarded
4738,Central I,31.455452,73.71146,Non DG,Un Guarded
N-4789,North I,34.02306,72.84037,Non DG,Un Guarded
N-4784,North I,33.90338,72.84153,Non DG,Un Guarded
N-4081,North I,33.45973,73.4199,Non DG,Un Guarded
N-4499,North I,33.63685,73.20084,Non DG,Un Guarded
N-4203,North I,33.8772,72.42897,Non DG,Un Guarded
S-3420,South I,24.96052,67.00935,Non DG,Un Guarded
9456,South I,24.84692,67.14462,Non DG,Guarded
S-3206,South III,30.35505,68.38324,Non DG,Un Guarded
S-3254,South III,30.08242,66.93871,Non DG,Un Guarded
1164,South II,26.14555,68.27259,DG,Guarded
S-3203,South III,25.422845,66.596278,Non DG,Un Guarded
S-3195,South III,25.84507,66.62274,Non DG,Un Guarded
S-3259,South III,29.54344,67.85013,Non DG,Un Guarded
7102,Central I,31.49958,74.30635,Non DG,Un Guarded
S-3447,South III,30.12101,66.98801,Non DG,Un Guarded
N-4085,North II,33.9567,71.4194,Non DG,Un Guarded
4077,Central II,31.38287,73.09967,DG,Un Guarded
S-3052,South II,28.21536,69.13332,Non DG,Un Guarded
S-3051,South II,28.2555,69.2023,Non DG,Un Guarded
S-3264,South III,29.53042,67.86725,Non DG,Un Guarded
N-4746,North II,32.802808,70.645776,Non DG,Un Guarded
CII-2840,Central II,30.5324,72.7142,Non DG,Un Guarded
CI-1794,Central I,32.37349,74.47538,Non DG,Un Guarded
N-4836,North II,33.9984,71.58177,Non DG,Un Guarded
N-4089,North I,33.32445,72.7929,DG,Un Guarded
CI-1793,Central I,32.3063,74.16982,Non DG,Un Guarded
S-3110,South II,26.03405,68.87784,Non DG,Un Guarded
N-4320,North II,33.25091,71.55382,Non DG,Un Guarded
5248,Central III,30.04562,72.05234,DG,Un Guarded
S-3695,South III,27.8868,66.3103,DG,Guarded
N-4542,North I,33.734073,72.785588,Non DG,Un Guarded
9618,South I,24.82448,67.04389,Non DG,Un Guarded
CI-1935,Central I,32.54743,72.6555,Non DG,Un Guarded
S-3205,South III,30.40258,68.5828,Non DG,Un Guarded
S-3236,South III,30.70641,67.06583,Non DG,Un Guarded
S-7753,South III,29.5719,67.88777,Non DG,Un Guarded
S-3353,South III,30.11994,67.01227,Non DG,Un Guarded
3G-CII-3245,Central II,32.09582,72.68689,Non DG,Un Guarded
S-3208,South III,29.94991,66.87361,Non DG,Un Guarded
S-3022,South I,25.0386,67.17546,Non DG,Un Guarded
S-3599,South III,30.2015,67.75029,DG,Guarded
N-4375,North II,33.98109,71.41208,Non DG,Un Guarded
N-4647,North II,33.35754,71.50084,Non DG,Un Guarded
S-3087,South II,27.72461,68.06435,Non DG,Un Guarded
6994,Central III,29.48262,70.90058,DG,Un Guarded
S-3383,South III,29.10573,67.79939,Non DG,Un Guarded
8035,North I,33.7235,73.03812,DG,Guarded
S-3024,South I,25.03982,67.10486,Non DG,Un Guarded
S-3209,South III,29.97735,67.01817,Non DG,Un Guarded
CI-1974,Central I,31.6992,74.1728,Non DG,Un Guarded
S-3926,South I,24.9789,67.12987,Non DG,Un Guarded
S-3097,South II,25.49705,69.00902,Non DG,Un Guarded
CI-1971,Central I,32.41825,74.39812,Non DG,Un Guarded
2116,North II,33.96034,71.43358,DG,Guarded
CII-2172,Central II,30.91617,72.98228,DG,Un Guarded
N-5954,North I,33.51473,73.10471,Non DG,Un Guarded
N-5956,North I,33.50211,73.07489,Non DG,Un Guarded
N-4474,North I,32.94269,72.47749,Non DG,Un Guarded
CII-2760,Central III,30.32564,71.306,Non DG,Un Guarded
N-4447,North I,33.00417,72.58441,Non DG,Un Guarded
CI-1799,Central I,31.39612,74.17506,Non DG,Guarded
S-3095,South II,27.693108,68.338937,Non DG,Un Guarded
CI-1800,Central I,31.35311,74.18284,Non DG,Un Guarded
N-5457,North I,33.8165,72.35992,Non DG,Un Guarded
N-4058,North I,33.33317,73.38674,Non DG,Un Guarded
N-4065,North I,33.37406,73.35713,Non DG,Un Guarded
CI-1796,Central I,31.41773,74.18641,Non DG,Un Guarded
S-3308,South I,24.84838,67.26057,Non DG,Un Guarded
CI-1303,Central I,31.4752,74.33766,Non DG,Un Guarded
S-3228,South III,29.90377,66.75085,Non DG,Un Guarded
S-7503,South III,28.76564,69.0966,DG,Guarded
9519,South I,24.90568,66.9869,Non DG,Un Guarded
N-5975,North I,33.6805,73.2124,Non DG,Un Guarded
S-7389,South III,25.11051,61.88708,DG,Guarded
N-5793,North II,33.57641,71.46333,Non DG,Un Guarded
S-3358,South III,29.96608,66.47166,Non DG,Un Guarded
2789,North I,34.77963,73.52656,DG,Un Guarded
6469,South I,24.99575,67.06368,Non DG,Un Guarded
S-7391,South III,30.4241,67.3482,DG,Guarded
S-7736,South III,30.8748,66.50394,Non DG,Un Guarded
S-7655,South III,30.91425,66.49042,Non DG,Un Guarded
N-4857,North I,33.40299,72.99226,Non DG,Un Guarded
S-3106,South II,28.44744,68.19006,Non DG,Un Guarded
R016,North I,33.8564699,73.7589205,DG,Guarded
CI-1806,Central I,31.47153,74.45819,Non DG,Un Guarded
CI-1805,Central I,31.46563,74.45359,Non DG,Un Guarded
CI-1807,Central I,31.48026,74.46615,Non DG,Un Guarded
S-3291,South I,24.860914,67.232454,Non DG,Un Guarded
S-7433,South III,30.61037,66.5771,Non DG,Un Guarded
CI-1018,Central I,32.16029,74.16213,Non DG,Un Guarded
S-3506,South I,25.03166,67.13944,Non DG,Un Guarded
S-7394,South III,30.367,67.8084,DG,Guarded
S-3298,South I,24.858746,67.24674,Non DG,Un Guarded
S-7392,South III,30.45381,67.72277,DG,Guarded
N-5817,North I,33.591112,73.077144,Non DG,Un Guarded
N-5744,North I,33.49712,73.13075,Non DG,Un Guarded
S-3081,South II,27.56039,67.93427,Non DG,Un Guarded
S-7767,South III,25.15043,62.3227,Non DG,Un Guarded
S-7390,South III,25.19087,64.61944,DG,Guarded
S-7398,South III,30.2751,68.3455,DG,Guarded
S-7395,South III,30.5044,67.4456,DG,Guarded
S-3171,South III,30.67402,66.7983,Non DG,Un Guarded
N-5743,North I,33.546,73.095,Non DG,Un Guarded
S-3115,South II,28.0941,68.32223,Non DG,Un Guarded
S-7393,South III,30.3439,67.7192,DG,Guarded
N-5547,North I,33.31837,72.55131,Non DG,Un Guarded
N-4442,North I,32.97731,72.23587,Non DG,Un Guarded
N-4487,North I,32.86102,72.20026,Non DG,Un Guarded
CI-1923,Central I,32.22841,74.14722,Non DG,Un Guarded
S-3088,South II,27.51792,68.203162,Non DG,Un Guarded
S-3385,South III,30.45538,67.0642,Non DG,Un Guarded
1471,South III,26.00638,63.06371,DG,Guarded
4119,Central III,30.16701,71.3991,DG,Guarded
N-4388,North II,33.95845,71.70708,Non DG,Un Guarded
CI-1813,Central I,31.40885,74.27327,Non DG,Un Guarded
9461,South I,24.82107,66.93946,Non DG,Guarded
N-4874,North I,34.11801,73.09167,Non DG,Un Guarded
CII-2858,Central II,31.65264,71.07249,Non DG,Un Guarded
N-5417,North II,34.16778,71.96288,Non DG,Un Guarded
7660,Central I,31.2239,74.1452,DG,Un Guarded
CII-2871,Central III,30.29899,71.50456,Non DG,Un Guarded
N-4468,North I,32.84968,73.08041,Non DG,Un Guarded
6242,South I,25.0163,67.05782,Non DG,Guarded
N-4787,North II,34.199039,71.562997,Non DG,Un Guarded
N-4031,North I,33.3678,72.900508,Non DG,Un Guarded
N-4592,North I,33.62296,73.15321,Non DG,Un Guarded
N-5821,North II,33.93212,71.68237,Non DG,Un Guarded
CII-8019,Central II,30.51878,72.69373,Non DG,Un Guarded
CI-1944,Central I,32.508383,74.459837,Non DG,Un Guarded
N-4660,North II,32.74463,70.76789,Non DG,Un Guarded
7705,Central I,32.27356,74.89115,Non DG,Un Guarded
N-4901,North I,34.04723,73.10612,Non DG,Un Guarded
S-3078,South II,27.55891,68.05866,Non DG,Un Guarded
CII-8005,Central III,30.50733,70.95614,Non DG,Un Guarded
S-3056,South II,28.36866,68.33842,Non DG,Un Guarded
6721,North I,33.252254,73.309948,DG,Guarded
N-4100,North II,34.20114,71.81851,Non DG,Un Guarded
N-4891,North II,34.11717,71.85778,Non DG,Un Guarded
CII-2872,Central III,30.47593,70.95583,Non DG,Un Guarded
S-7367,South III,29.56047,67.94107,Non DG,Un Guarded
CI-1410,Central I,32.41505,74.60884,Non DG,Un Guarded
7270,Central I,31.13718,73.91137,DG,Guarded
CI-1950,Central I,32.545367,74.504323,Non DG,Un Guarded
S-3167,South III,30.55131,66.80843,Non DG,Un Guarded
N-4877,North I,34.10397,73.11011,Non DG,Un Guarded
7278,Central I,31.49089,74.34699,Non DG,Guarded
S-3234,South III,30.73264,66.95555,Non DG,Un Guarded
5505,Central II,31.63088,73.0962,DG,Guarded
S-3165,South III,30.57464,66.63621,Non DG,Un Guarded
S-3027,South I,25.01495,67.1656,Non DG,Un Guarded
8020,North I,33.55999,73.0871,DG,Un Guarded
8138,North I,33.54544,73.05412,DG,Un Guarded
S-3269,South III,30.50029,67.69244,Non DG,Un Guarded
2172,North II,34.03205,71.53196,DG,Guarded
4854,Central III,30.194863,71.42599,Non DG,Un Guarded
CII-8007,Central III,30.4567,70.9183,Non DG,Un Guarded
N-4088,North I,33.37516,73.46905,Non DG,Un Guarded
CII-2915,Central II,32.32729,72.25131,Non DG,Un Guarded
S-3368,South I,25.04312,66.90063,Non DG,Un Guarded
S-3333,South III,29.88295,66.86449,Non DG,Un Guarded
S-7701,South III,25.70656,62.62775,DG,Guarded
N-4963,North I,32.88348,73.61702,Non DG,Un Guarded
4518,Central II,30.67386,73.07439,Non DG,Un Guarded
S-3367,South I,25.05998,66.873478,Non DG,Un Guarded
S-7656,South III,27.67659,68.365763,Non DG,Un Guarded
N-4565,North I,33.57718,73.17023,Non DG,Un Guarded
2691,North I,33.53458,72.02535,DG,Un Guarded
S-3384,South I,25.044,66.85078,Non DG,Un Guarded
N-4138,North II,34.2127,71.65316,Non DG,Un Guarded
9564,South I,24.80888,67.05632,Non DG,Un Guarded
5077,Central III,29.56332,70.5271,DG,Guarded
S-3155,South III,30.60879,66.63537,Non DG,Un Guarded
S-7463,South III,27.78054,66.657968,Non DG,Un Guarded
S-3396,South II,27.676592,68.365763,Non DG,Un Guarded
CII-2982,Central II,31.10965,72.71356,Non DG,Un Guarded
S-3369,South I,25.03018,66.89891,Non DG,Un Guarded
4645,Central III,29.46456,71.11426,Non DG,Un Guarded
8108,North I,33.72194,73.08727,DG,Guarded
4726,Central II,31.72641,72.98348,Non DG,Un Guarded
9982,South II,26.89805,68.40621,DG,Guarded
N-4717,North II,32.92269,70.74787,DG,Guarded
S-3334,South III,29.86895,66.86151,Non DG,Un Guarded
CII-8032,Central II,32.84405,71.58247,Non DG,Un Guarded
N-4744,North II,34.0415,71.54574,DG,Guarded
CI-1956,Central I,32.465115,74.554274,Non DG,Un Guarded
CI-1856,Central I,32.484548,74.351444,Non DG,Un Guarded
S-3246,South III,30.13461,66.95806,Non DG,Un Guarded
9940,South II,26.46234,68.31519,DG,Guarded
CI-1857,Central I,32.47077,74.351611,Non DG,Un Guarded
S-7453,South III,26.00352,63.14223,Non DG,Un Guarded
3822,Central I,31.772701,74.115009,Non DG,Un Guarded
S-3253,South III,30.07847,66.98315,Non DG,Un Guarded
S-3380,South III,30.27136,66.9614,Non DG,Un Guarded
1414,South III,30.08743,66.93403,DG,Guarded
CII-8013,Central III,28.8933,70.1804,Non DG,Un Guarded
CII-2873,Central III,31.249327,70.45943,Non DG,Un Guarded
CII-2867,Central III,31.15563,70.45137,Non DG,Un Guarded
S-7447,South III,25.99503,63.11449,Non DG,Un Guarded
CII-8029,Central II,31.75642,72.84247,Non DG,Un Guarded
4732,Central II,32.02196,71.80911,Non DG,Un Guarded
8627,North II,34.22219,71.62635,Non DG,Un Guarded
CI-1642,Central I,31.41688,74.36629,Non DG,Un Guarded
S-3400,South I,24.79543,67.51953,Non DG,Un Guarded
CI-1951,Central I,32.4705,74.52024,Non DG,Un Guarded
6101,South II,27.69228,68.8675,Non DG,Un Guarded
S-3247,South III,30.12047,66.97559,Non DG,Un Guarded
N-4519,North I,33.22941,73.32863,Non DG,Un Guarded
N-4820,North II,32.69689,70.89315,Non DG,Un Guarded
S-7737,South III,30.93029,66.41574,Non DG,Un Guarded
S-3149,South III,27.418787,66.416732,Non DG,Un Guarded
1202,South II,27.712,68.853166667,Non DG,Un Guarded
CII-2879,Central III,30.785131,70.49273,Non DG,Un Guarded
N-4896,North II,34.09428,72.0703,Non DG,Un Guarded
4005,Central II,31.42368,73.06005,DG,Guarded
CI-1964,North I,32.901482,73.765123,Non DG,Un Guarded
N-4931,North I,32.66123,73.30409,Non DG,Un Guarded
4534,Central II,30.63832,73.09677,Non DG,Un Guarded
N-4932,North I,32.64398,73.33888,Non DG,Un Guarded
CII-2185,Central II,31.10478,73.18904,Non DG,Un Guarded
N-4920,North I,32.68217,73.35138,Non DG,Un Guarded
CII-2763,Central II,31.26248,73.24905,Non DG,Un Guarded
S-7749,South III,30.70842,66.62582,Non DG,Un Guarded
S-3229,South III,30.07439,66.75791,Non DG,Un Guarded
6783,South II,27.55763,68.19801,DG,Un Guarded
N-5892,North II,33.94782,72.07091,Non DG,Un Guarded
S-7814,South II,28.426915,69.677612,Non DG,Un Guarded
S-7476,South I,24.97037,67.09423,Non DG,Un Guarded
8880,North I,34.20489,73.22423,DG,Guarded
CII-2978,Central II,30.85697,72.67078,Non DG,Un Guarded
CII-2940,Central III,31.137781,70.64832,Non DG,Un Guarded
S-7829,South III,25.98791,63.09837,Non DG,Un Guarded
N-4794,North II,34.19997,71.41669,Non DG,Un Guarded
S-3172,South III,30.50499,66.49519,Non DG,Un Guarded
N-5044,North I,33.91952,72.83609,Non DG,Un Guarded
5692,Central II,30.68028,73.51605,Non DG,Un Guarded
6720,North I,32.93905,72.30038,DG,Guarded
CII-2859,Central III,30.76473,70.5429,Non DG,Un Guarded
1056,South I,24.890833333,67.057194444,DG,Guarded
4774,Central II,31.30866,73.53313,DG,Guarded
3027,Central I,31.50114,74.36605,DG,Guarded
3006,Central I,31.55161,74.28274,DG,Un Guarded
CII-2878,Central II,30.970307,72.500075,Non DG,Un Guarded
CII-2876,Central II,30.9446,72.502,Non DG,Un Guarded
5382,Central II,31.267581,73.170631,Non DG,Un Guarded
N-4919,North I,32.68966,73.26099,Non DG,Un Guarded
S-3217,South III,29.98293,67.06527,Non DG,Un Guarded
N-4944,North I,32.92521,73.22974,Non DG,Un Guarded
S-3379,South III,30.20382,67.04613,Non DG,Un Guarded
S-3445,South III,30.61561,67.23697,Non DG,Un Guarded
7634,Central I,31.60275,74.39708,Non DG,Un Guarded
CII-8015,Central III,28.839585,70.202379,Non DG,Un Guarded
S-3061,South II,28.1814,68.06442,Non DG,Un Guarded
CII-2935,Central II,31.64457,70.96088,Non DG,Un Guarded
CII-2923,Central II,32.21308,71.46359,Non DG,Un Guarded
CII-2860,Central III,30.67397,70.72881,Non DG,Un Guarded
S-7507,South II,28.59639,68.62137,DG,Guarded
CII-8014,Central III,28.861358,70.22844,Non DG,Un Guarded
N-3403,North II,33.751458,71.52511,DG,Un Guarded
N-3180,North II,33.4941,71.02667,DG,Un Guarded
6078,South II,25.42329,68.35549,DG,Guarded
S-7468,South I,24.869179,67.088427,Non DG,Un Guarded
N-5188,North II,33.91941,71.42581,Non DG,Un Guarded
N-5174,North I,33.13313,71.7489,Non DG,Un Guarded
S-7485,South III,30.15235,67.00149,Non DG,Un Guarded
N-4541,North I,33.28514,73.110023,Non DG,Un Guarded
S-3044,South II,28.06036,68.17123,Non DG,Un Guarded
CII-2986,Central I,32.433132,72.935825,Non DG,Un Guarded
S-3318,South II,25.42393,68.38612,Non DG,Un Guarded
S-7479,South II,25.43838,68.377718,Non DG,Un Guarded
S-3372,South III,30.49337,67.12544,Non DG,Un Guarded
N-4707,North II,34.18903,71.8464,DG,Guarded
N-4844,North I,33.586058,72.98686,Non DG,Un Guarded
N-4942,North I,32.62437,73.06009,Non DG,Un Guarded
S-7606,South III,30.03262,67.09138,DG,Un Guarded
CI-1863,Central I,32.3511,74.35985,Non DG,Un Guarded
CII-8028,Central II,30.75594,72.32142,Non DG,Un Guarded
S-3381,South III,29.18903,67.84572,Non DG,Un Guarded
1203,South II,27.693777778,68.863194444,Non DG,Guarded
2262,North I,33.22512,72.79247,Non DG,Un Guarded
CI-1891,Central I,31.540708,74.340853,DG,Un Guarded
S-3050,South II,28.28157,68.44548,Non DG,Un Guarded
S-7478,South II,25.45887,68.38467,Non DG,Un Guarded
N-4927,North I,32.57503,73.01436,Non DG,Un Guarded
8904,North I,34.3723,73.47207,DG,Guarded
3G-CI-4140,Central I,31.4449,74.339,Non DG,Un Guarded
8191,North I,33.62,73.11356,Non DG,Un Guarded
S-7977,South III,30.16335,66.96748,Non DG,Un Guarded
S-7982,South I,24.89773,67.06152,Non DG,Un Guarded
S-7980,South III,30.91928,66.44725,Non DG,Un Guarded
S-7979,South III,30.92575,66.42546,Non DG,Un Guarded
N-5376,North II,34.0478,71.63942,Non DG,Un Guarded
S-3265,South III,30.455489,67.485708,Non DG,Un Guarded
S-7978,South III,30.11889,66.99642,Non DG,Un Guarded
S-7984,South I,24.9124,67.0667,Non DG,Un Guarded
S-7976,South III,30.32231,66.93288,Non DG,Un Guarded
N-5718,Central II,32.4137,70.4683,Non DG,Un Guarded
S-7981,South I,24.9499,67.0859,Non DG,Un Guarded
S-7848,South III,27.43924,65.77771,DG,Guarded
4439,Central II,30.84788,72.39391,DG,Un Guarded
CI-1337,Central I,32.64958,74.07975,Non DG,Un Guarded
3803,Central I,31.95862,73.12122,DG,Guarded
6945,South II,28.03093,69.6769,DG,Guarded
8264,North I,33.61556,72.99829,Non DG,Un Guarded
S-3828,South I,24.81096,67.03347,Non DG,Un Guarded
8873,North I,33.14368,73.73734,Non DG,Guarded
S-3351,South I,24.79053,67.05019,Non DG,Un Guarded
2035,North I,33.6329,73.04803,DG,Guarded
8351,North I,33.90633,73.39357,Non DG,Un Guarded
4420,Central III,30.44408,72.35419,DG,Un Guarded
1589,South II,28.44479,69.6069,DG,Guarded
9367,South I,24.88358,67.05801,DG,Un Guarded
CI-1329,Central I,32.68439,74.32442,DG,Un Guarded
7963,Central I,31.45757,74.35993,Non DG,Un Guarded
N-5500,North II,34.0013,71.4216,DG,Guarded
CI-1492,Central I,32.16019,74.185,Non DG,Un Guarded
2422,North I,33.78178,73.24966,DG,Guarded
5385,Central II,31.82761,72.80226,Non DG,Un Guarded
9112,South I,24.86687,67.03136,DG,Guarded
9030,South I,24.8563,67.0311,Non DG,Un Guarded
S-3553,South III,30.68905,67.58149,DG,Guarded
1050,South I,24.853,66.995388889,Non DG,Un Guarded
2961,North II,34.17006,71.84422,DG,Guarded
N-4170,North II,33.462227,70.955852,DG,Guarded
1213,South II,27.90225,68.668698,DG,Guarded
N-4452,North I,34.38081,73.47374,Non DG,Un Guarded
5581,Central II,32.04218,72.79684,DG,Guarded
2814,North I,33.94008,72.81892,DG,Guarded
N-4439,North I,32.91233,73.70435,Non DG,Un Guarded
7245,Central I,31.4662,74.3387,Non DG,Un Guarded
4097,Central II,31.47261,73.30168,DG,Guarded
S-3708,South III,26.53556,66.45074,DG,Guarded
3407,Central I,32.50876,74.51757,DG,Guarded
4841,Central III,29.09896,70.33495,DG,Guarded
9514,South I,24.95932,66.99503,Non DG,Un Guarded
8228,North I,33.51801,73.16743,Non DG,Un Guarded
6640,North II,33.61137,71.47252,DG,Guarded
4350,Central II,30.68591,71.76144,DG,Guarded
3950,Central I,32.04469,74.05849,Non DG,Un Guarded
7356,Central I,31.57707,74.31696,Non DG,Un Guarded
2920,North I,33.77339,72.36009,DG,Guarded
9706,South II,27.18056,68.63949,DG,Un Guarded
2463,North II,34.09963,71.47879,DG,Guarded
4991,Central III,30.06129,70.6393,DG,Guarded
4482,Central III,30.46742,70.97333,DG,Guarded
N-4576,North II,32.9914,70.97797,Non DG,Un Guarded
N-4368,North II,34.0278,71.4726,DG,Guarded
S-3701,South III,26.10863,67.0247,DG,Guarded
1786,South II,25.282,70.07056,Non DG,Guarded
S-3527,South III,30.0591,69.6877,DG,Guarded
QTARNC01,South III,30.19920995,67.00728372,Non DG,Un Guarded
1584,South II,27.6016,67.9981,Non DG,Un Guarded
7443,Central I,31.57819,74.3191,Non DG,Un Guarded
CI-1470,Central I,31.44277,74.28107,Non DG,Un Guarded
S-3282,South I,24.95239,67.05093,Non DG,Un Guarded
N-4355,North I,33.57099,73.17682,Non DG,Un Guarded
S-7739,South II,28.180216,68.045878,DG,Un Guarded
N-4732,North II,34.08421,72.02714,Non DG,Un Guarded
1011,South I,24.88325,67.066138889,DG,Guarded
9984,South II,26.94183,68.12189,Non DG,Un Guarded
1670,South II,28.16444,69.73267,Non DG,Guarded
8980,North I,35.92747,74.30992,DG,Guarded
4377,Central II,31.54607,70.76112,DG,Guarded
8004,North I,33.68588,73.04528,Non DG,Guarded
6763,South I,24.92754,67.09122,Non DG,Un Guarded
S-3888,South III,25.423,67.1326,DG,Guarded
8869,North I,33.98538,72.9091,DG,Guarded
1700,South III,29.55286,66.02312,Non DG,Guarded
8265,North I,33.54841,73.14581,Non DG,Un Guarded
7480,Central I,32.49248,74.54121,Non DG,Un Guarded
8872,North I,32.94706,73.73161,DG,Guarded
CII-8057,Central II,,,DG,Un Guarded
2084,North I,33.59756,73.02567,DG,Un Guarded
CI-1641,Central I,31.4612,74.29797,Non DG,Un Guarded
4810,Central II,31.49186,73.07307,Non DG,Un Guarded
CII-8012,Central III,29.14733,70.49199,Non DG,Un Guarded
CII-2035,Central III,30.11983,70.66611,Non DG,Un Guarded
9320,South I,25.01194,67.07451,DG,Un Guarded
3G-S-2728,South III,27.81855,66.6069968,Non DG,Un Guarded
5009,Central III,30.23349,71.5608,DG,Guarded
CI-1275,Central I,31.96255,73.97175,Non DG,Un Guarded
1600,South II,26.248336,68.40611,Non DG,Guarded
UKTR30,South III,28.21619,66.38689,DG,Guarded
6491,South I,24.80487,67.03547,Non DG,Un Guarded
1993,South III,30.16127,67.0072,Non DG,Guarded
5312,Central III,30.35357,71.89584,DG,Guarded
CII-8069,Central II,,,DG,Un Guarded
CII-2178,Central II,31.02058,73.0182,Non DG,Guarded
CII-2694,Central III,30.05234,70.66592,DG,Guarded
1396,South III,30.20572,67.02065,Non DG,Un Guarded
S-3035,South I,24.80817,67.07814,Non DG,Un Guarded
9063,South I,24.86615,67.01489,DG,Guarded
2881,North II,33.98433,71.7922,DG,Guarded
4103,Central III,30.13643,71.39584,DG,Un Guarded
6990,Central III,29.7873433,71.5534246,DG,Un Guarded
5698,Central III,29.40791,71.67055,DG,Un Guarded
7343,Central I,32.27275,74.65568,DG,Un Guarded
9789,South II,27.70352,68.84772,Non DG,Un Guarded
N-4050,North II,32.98875,70.61332,DG,Guarded
9532,South I,24.98631,67.0377,DG,Guarded
1134,South II,25.39198,68.32867,Non DG,Guarded
4957,Central II,32.53139,71.71909,DG,Guarded
9911,South II,25.45719,68.7179,Non DG,Un Guarded
1996,South III,29.2661,67.82381,DG,Guarded
6933,Central III,29.34639,71.23734,DG,Guarded
9185,South I,24.83769,67.0762,Non DG,Un Guarded
3364,Central I,32.23792,74.01479,DG,Guarded
3715,Central I,31.7274,74.26696,Non DG,Un Guarded
ULRR35,South III,30.46976,68.19515,DG,Guarded
N-5520,North II,34.04822,71.57461,Non DG,Un Guarded
CII-2058,Central II,31.60696,70.74645,Non DG,Un Guarded
2166,North II,34.03276,71.49106,DG,Guarded
6911,Central II,32.49902,72.09833,DG,Un Guarded
1275,South II,27.18777,67.82334,DG,Guarded
3665,Central I,32.27125,75.15488,DG,Guarded
9437,South I,24.90533,67.03012,DG,Guarded
3309,Central I,32.125,74.1872,DG,Guarded
6354,South I,24.92579,67.04331,Non DG,Un Guarded
S-3123,South I,24.9563,66.93929,Non DG,Guarded
7873,Central I,32.84519,74.23121,DG,Guarded
4394,Central II,32.3046,72.35689,Non DG,Un Guarded
8694,North II,34.38708,71.83996,Non DG,Un Guarded
9509,South I,24.94012,66.99115,DG,Guarded
9948,South II,26.24533,68.22169,DG,Un Guarded
6074,South II,25.38729,68.37997,Non DG,Un Guarded
6022,South I,24.90115,67.0153,DG,Guarded
S-3363,South I,24.82691,67.06796,Non DG,Un Guarded
5642,Central III,29.0073,70.45072,Non DG,Un Guarded
4926,Central III,30.92367,70.52105,DG,Un Guarded
3587,Central I,30.95803,73.97633,DG,Guarded
9142,South I,24.98688,67.06524,Non DG,Guarded
8257,North I,33.69227,73.03029,DG,Guarded
6401,South I,24.84084,67.023,Non DG,Un Guarded
4470,Central III,29.37939,70.90819,DG,Guarded
5479,Central II,31.0625,73.2562,Non DG,Un Guarded
8648,North II,34.14689,72.19136,Non DG,Un Guarded
4711,Central II,32.01747,72.71366,DG,Guarded
5375,Central II,31.37952,73.19862,Non DG,Un Guarded
CII-2170,Central II,30.84995,72.89647,Non DG,Un Guarded
4181,Central III,30.06448,70.63302,DG,Guarded
6848,Central II,30.66058,73.10432,Non DG,Un Guarded
8251,North I,33.72899,73.05959,Non DG,Un Guarded
R020,North I,34.45455353,73.5593498,Non DG,Guarded
7017,Central I,31.47943,74.5083,Non DG,Un Guarded
4761,Central II,30.85343,72.54793,Non DG,Un Guarded
N-5506,North I,33.68564,73.524,DG,Un Guarded
CI-1584,Central I,31.45929,74.40173,Non DG,Un Guarded
3327,Central I,32.15328,74.19709,DG,Guarded
5651,Central III,29.80104,70.6209,Non DG,Un Guarded
UCHR13,South III,29.25009,63.68537,DG,Guarded
2048,North I,33.71976,73.05364,DG,Guarded
2215,North I,32.92986,73.73269,DG,Guarded
7956,Central I,30.99616,73.77992,DG,Guarded
8284,North I,33.62711,73.03738,Non DG,Un Guarded
S-7143,South II,28.17801,68.04786,DG,Guarded
9298,South I,24.88319,67.07056,DG,Un Guarded
4311,Central II,32.89522,71.59187,DG,Un Guarded
5113,Central II,31.62854,71.09386,Non DG,Un Guarded
S-3813,South III,30.199346,67.020281,Non DG,Un Guarded
CI-1605,Central I,31.48602,74.35639,Non DG,Un Guarded
2233,North I,32.93556,72.86308,Non DG,Un Guarded
9766,South II,28.076938,69.798707,DG,Un Guarded
7015,Central I,31.60443,74.31373,Non DG,Un Guarded
S-3696,South III,27.90742,66.48899,DG,Guarded
8414,North II,32.80526,70.78135,DG,Guarded
S-3183,South II,25.38939,68.3678,Non DG,Un Guarded
4929,Central III,30.796333,70.552611,Non DG,Un Guarded
1105,South II,25.359166667,68.346611111,Non DG,Un Guarded
9217,South I,25.07044,67.19063,DG,Guarded
9507,South I,24.92937,66.98885,Non DG,Un Guarded
4506,Central II,30.7351,73.33204,DG,Guarded
3G-N-3878,North I,33.65163,72.89045,Non DG,Un Guarded
3448,Central I,32.26429,74.658246,Non DG,Un Guarded
6119,South II,27.54973,68.21253,Non DG,Un Guarded
1244,South II,27.53228,68.75318,DG,Guarded
3095,Central I,31.43444,74.23605,DG,Guarded
CII-2044,Central II,30.97974,72.48588,DG,Guarded
N-5048,North I,33.6713,73.01985,Non DG,Un Guarded
7018,Central I,31.59291,74.45484,DG,Guarded
4878,Central III,29.37024,70.90743,DG,Guarded
9976,South II,27.45126,67.79828,DG,Guarded
9583,South I,24.8063,67.07206,Non DG,Un Guarded
N-5623,North II,33.3359,71.16958,DG,Guarded
5912,Central III,30.17062,71.48228,Non DG,Un Guarded
1151,South II,25.35874,68.3525,DG,Un Guarded
9814,South II,25.37615,68.37364,DG,Guarded
2671,North I,32.901,73.75433,DG,Un Guarded
7357,Central I,31.58268,74.31793,Non DG,Un Guarded
S-3018,South I,24.85816,67.05975,Non DG,Un Guarded
1743,South II,25.43036,68.53041,Non DG,Un Guarded
7801,Central I,32.5863,74.06499,DG,Un Guarded
3410,Central I,32.53555,74.55325,DG,Guarded
1661,South II,24.96996,69.30151,Non DG,Un Guarded
7234,Central I,31.4699,74.29909,DG,Guarded
N-4729,North II,34.01297,72.3246,Non DG,Un Guarded
2875,North I,33.89445,72.46285,DG,Un Guarded
S-7494,South III,30.1539,68.64524,DG,Guarded
9715,South II,27.16455,68.95325,DG,Un Guarded
3060,Central I,31.46576,74.24715,Non DG,Un Guarded
9722,South II,28.52132,68.54527,DG,Guarded
5124,Central II,31.81678,70.89273,Non DG,Un Guarded
4102,Central III,30.19161,71.4518,DG,Un Guarded
7846,Central I,32.53491,73.22005,DG,Guarded
1326,South II,25.39697,68.37214,Non DG,Guarded
S-3602,South III,30.12076,67.86813,DG,Guarded
3842,Central I,31.65026,73.93022,Non DG,Un Guarded
4466,Central III,30.28379,71.91795,Non DG,Un Guarded
3123,Central I,31.5885,74.3481,Non DG,Un Guarded
6422,South I,24.84213,67.07549,Non DG,Un Guarded
1381,South III,30.18355,66.96641,Non DG,Un Guarded
9326,South I,24.93874,66.9597,DG,Un Guarded
5149,Central II,31.90638,70.87485,DG,Guarded
6738,North II,34.75183,72.6722,DG,Guarded
9719,South II,27.33111108,68.01922413,Non DG,Un Guarded
9361,South I,24.85515,67.02853,DG,Un Guarded
N-4417,North II,33.54777,71.49569,DG,Un Guarded
2250,North I,32.94919,73.74141,Non DG,Un Guarded
1717,South II,24.88489,68.81375,Non DG,Un Guarded
S-3271,South II,25.43806,68.33183,Non DG,Guarded
8524,North II,34.0055,71.46454,Non DG,Un Guarded
9441,South I,24.93371,66.98725,DG,Guarded
9827,South II,25.33102,68.36203,Non DG,Un Guarded
9764,South II,27.70615,68.87791,DG,Un Guarded
7261,Central I,31.484,74.42454,DG,Guarded
8393,North I,33.69102,72.71268,Non DG,Un Guarded
S-7499,South III,30.27131,68.10979,DG,Guarded
N-4002,North II,33.09328,71.00541,DG,Guarded
9313,South I,24.93598,67.14367,Non DG,Un Guarded
1243,South II,27.52461,68.7634,Non DG,Guarded
9223,South I,24.92544,67.08734,Non DG,Un Guarded
5555,Central II,30.41602,73.33117,Non DG,Guarded
1693,South II,25.635816,68.684701,DG,Guarded
5061,Central II,30.83451,72.07265,Non DG,Un Guarded
9800,South II,25.36388,68.35324,DG,Guarded
5084,Central II,30.74537,71.8123,DG,Guarded
5146,Central II,32.01203,70.88863,Non DG,Un Guarded
7934,Central I,32.54737,73.99003,DG,Un Guarded
4179,Central III,29.12163,71.74738,Non DG,Un Guarded
2541,North I,33.30015,72.96011,DG,Guarded
5131,Central II,31.82714,70.91057,Non DG,Un Guarded
S-3609,South III,30.38631,69.26842,DG,Guarded
8866,North I,33.68819,73.13764,DG,Un Guarded
S-3782,South III,28.59459,63.06722,DG,Guarded
S-3614,South III,30.37143,68.45815,DG,Guarded
3357,Central I,32.21253,73.99841,Non DG,Un Guarded
S-3758,South III,27.2124,67.0416,DG,Guarded
1532,South III,30.15469,66.99605,Non DG,Guarded
S-3705,South III,26.62473,66.82453,DG,Guarded
WH.Bannu,North II,34.03857,71.615016,Non DG,Un Guarded
1304,South II,25.167666667,67.800722222,Non DG,Guarded
S-4465,South I,24.8506,67.14172,Non DG,Un Guarded
S-4378,South I,24.98295,67.13389,Non DG,Un Guarded
N-3021,North I,33.61212,72.9953,Non DG,Un Guarded
N-4650,North II,33.770436,70.241488,Non DG,Un Guarded
S-4375,South I,25.01736,67.03124,Non DG,Un Guarded
N-3112,North I,33.57227,73.13618,Non DG,Un Guarded
N-3268,North I,33.624236,72.917157,Non DG,Un Guarded
S-4372,South I,25.00147,67.13813,Non DG,Un Guarded
S-4556,South I,24.87047,66.92073,Non DG,Un Guarded
N-3444,North I,33.72182,73.05172,Non DG,Un Guarded
S-4374,South I,24.8502,67.4317,Non DG,Un Guarded
N-5641,North I,33.53165,73.06993,Non DG,Un Guarded
S-3530,South III,30.33107,67.97789,DG,Guarded
7810,Central I,32.49923,74.08588,Non DG,Un Guarded
S-3416,South III,29.02635,66.59739,Non DG,Guarded
S-3613,South III,30.4097,68.2609,DG,Guarded
WH.Bahawalnagar,Central III,29.999706,73.257802,Non DG,Un Guarded
CII-2052,Central II,31.39992,70.4065,DG,Guarded
S-4200,South III,30.225012,67.010749,Non DG,Un Guarded
WH.Attock,North I,33.780402,72.364492,Non DG,Un Guarded
N-4769,North II,33.00706,70.66469,DG,Un Guarded
S-3620,South III,30.0825,69.34532,DG,Guarded
WH.Kasur,Central I,31.1037238,74.4692317,Non DG,Un Guarded
CII-2320,Central III,29.639887,70.582067,Non DG,Un Guarded
CII-2332,Central III,29.64762,70.59786,Non DG,Un Guarded
CII-2333,Central III,29.64233,70.60207,Non DG,Un Guarded
CII-2298,Central III,30.01723,70.61989,Non DG,Un Guarded
CI-1559,Central I,31.5392,74.3009,Non DG,Un Guarded
9403,South I,24.875148,67.163569,Non DG,Un Guarded
S-3798,South III,31.2383,67.63892,DG,Un Guarded
HQTABSC03,South III,30.19920995,67.00728372,Non DG,Un Guarded
7779,Central I,32.56112,74.5377,Non DG,Un Guarded
S-3974,South III,31.20791,67.47951,DG,Guarded
S-3585,South III,30.23653,68.09875,Non DG,Guarded
2401,North I,33.81525,72.70389,DG,Guarded
8510,North II,34.191996,72.064856,Non DG,Un Guarded
N-3076,North I,33.53546,73.11193,Non DG,Un Guarded
9480,South I,24.84404,67.18477,DG,Guarded
WH.Multan,Central III,30.2078109,71.5055872,Non DG,Un Guarded
1866,South III,27.00169,64.12316,DG,Guarded
WH.Taunsa,Central III,30.70262012,70.63148988,Non DG,Un Guarded
CI-1734,Central I,31.4714,74.3556,Non DG,Un Guarded
WH.Okara,Central II,30.49134,73.2754,Non DG,Un Guarded
5270,Central III,29.89142,72.55284,DG,Guarded
2855,North I,34.28615,73.25149,Non DG,Un Guarded
S-3627,South III,29.4548,66.5358,DG,Guarded
WH.Sargodha,Central II,32.02045,72.42266,Non DG,Un Guarded
2329,North II,32.92512,70.54585,DG,Guarded
WH.Swat,North II,34.794464,72.37351,Non DG,Un Guarded
N-5329,North II,32.99945,70.54237,DG,Guarded
WH.Bahawalpur,Central III,21.354555,71.669952,Non DG,Un Guarded
7332,Central I,31.49333,74.29659,Non DG,Un Guarded
S-3751,South III,26.25288,66.92897,DG,Guarded
3480,Central I,32.38747,74.28304,DG,Guarded
9390,South I,24.8641,67.0133,Non DG,Un Guarded
S-3762,South III,27.05107,67.0616,DG,Guarded
7231,Central I,31.57495,74.19495,DG,Guarded
2457,North II,34.16918,72.27145,DG,Guarded
WH.Kohat,North II,33.6039925,71.4748583,Non DG,Un Guarded
WH.Khanewal,Central III,30.18552,71.54595,Non DG,Un Guarded
8778,North I,33.80458,73.89512,DG,Guarded
WH.Mirpurkhas,South II,25.50884,69.009527,Non DG,Un Guarded
DTE Hangu,North II,33.52714,71.0582,Non DG,Un Guarded
S-3738,South III,27.9798,67.006,DG,Guarded
2718,North I,34.14638,73.22418,Non DG,Un Guarded
WH.Chakwal,North I,32.937212,72.833437,Non DG,Un Guarded
WH.Mianwali,Central II,32.586266,71.531937,Non DG,Un Guarded
S-3747,South III,27.39543,65.9161,DG,Guarded
9835,South II,25.36547,68.35805,Non DG,Un Guarded
3943,Central I,31.93134,74.18465,DG,Guarded
CII-2256,Central III,30.05434,70.63032,Non DG,Un Guarded
4909,Central III,30.96812,70.95076,Non DG,Un Guarded
2891,North II,35.84918,71.78366,DG,Guarded
WH.Karachi,South I,24.858715,67.059912,Non DG,Un Guarded
WH.Gilgit,North I,35.91433,74.33845,Non DG,Un Guarded
S-3757,South III,27.99943,66.22673,DG,Guarded
3425,Central I,32.49819,74.55176,DG,Un Guarded
WH.Sialkot,Central I,32.496827,74.502769,Non DG,Un Guarded
WH.Loralai,South III,30.22327,68.36068,Non DG,Un Guarded
S-3753,South III,27.38134,66.86119,DG,Guarded
1698,South II,25.57745,68.91291,Non DG,Un Guarded
CI-1733,Central I,32.5826,74.08079,Non DG,Un Guarded
4135,Central III,30.19273,71.48605,DG,Guarded
WH.Jhelum,North I,32.92231251,73.67826914,Non DG,Un Guarded
WH.Layyah,Central III,30.97045,71.216718,Non DG,Un Guarded
S-3698,South III,26.862,66.4639,DG,Guarded
CI-1067,Central I,31.5201,74.4119,Non DG,Un Guarded
WH.Gujranwala,Central I,32.197844,74.192496,Non DG,Un Guarded
WH.Gujrat,Central I,32.594573,74.065781,Non DG,Un Guarded
CII-2602,Central III,30.16165,71.41129,Non DG,Un Guarded
WH.Haripur,North I,34.009407,72.935026,Non DG,Un Guarded
1032,South I,24.945944444,67.104916667,Non DG,Un Guarded
WH.Dalbandin,South III,28.5258,64.24137,Non DG,Un Guarded
8622,North I,33.99327,72.93722,DG,Un Guarded
5162,Central II,32.41908,71.35593,DG,Guarded
WH.Bhakkar,Central II,31.616274,71.072268,Non DG,Un Guarded
CII-2704,Central III,30.19147,71.47334,Non DG,Un Guarded
S-3769,South III,29.28678,64.40935,DG,Guarded
7376,Central I,31.5294,74.37866,Non DG,Un Guarded
CII-2706,Central III,29.47546,70.51098,DG,Guarded
S-3784,South III,27.951,62.8667,DG,Guarded
CII-2707,Central III,29.10612,70.34458,DG,Guarded
WH.Sahiwal,Central II,30.64888,73.10736,Non DG,Un Guarded
5442,Central III,29.20238,70.50768,DG,Guarded
3213,Central I,31.58053,74.3222,Non DG,Un Guarded
N-5098,North I,33.68817,72.829162,Non DG,Un Guarded
N-4894,North I,33.49071,73.10287,Non DG,Un Guarded
S-3919,South III,26.10754,67.38406,DG,Guarded
2483,North II,34.07028,72.3322,Non DG,Un Guarded
WH.Chitral,North I,35.845004,71.783649,Non DG,Un Guarded
WH.Faisalabad,Central II,31.4207759,73.1189489,Non DG,Un Guarded
2995,North I,33.9197,72.36279,DG,Guarded
4084,Central II,31.50467,73.26685,DG,Guarded
S-3857,South III,26.8858,65.4377,DG,Guarded
WH.Lahore,Central I,31.525551,74.263787,Non DG,Un Guarded
S-3905,South III,25.87935,66.34537,DG,Guarded
9075,South I,24.98549,67.21396,DG,Guarded
S-3865,South III,26.44292,65.41724,DG,Guarded
WH.Abbotabad,North I,34.176544,73.222408,Non DG,Un Guarded
5919,Central III,30.24063,71.50447,DG,Guarded
WH.Rajanpur,Central III,29.0925,70.1947,Non DG,Un Guarded
S-3867,South III,26.32453,64.91571,DG,Guarded
3442,Central I,32.44973,74.56748,DG,Guarded
WH.Murree,North I,33.916051,73.393835,Non DG,Un Guarded
S-3870,South III,26.26664,64.76818,DG,Guarded
S-3917,South III,25.672951,66.239592,DG,Guarded
8666,North II,33.98461,71.54204,Non DG,Guarded
WH.Burewala,Central III,30.164317,72.704503,Non DG,Un Guarded
S-3871,South III,26.22694,64.63941,DG,Guarded
WH.Hafizabad,Central I,32.088723,73.676563,Non DG,Un Guarded
S-3874,South III,25.49962,65.97507,DG,Guarded
3813,Central I,31.76896,73.9505,DG,Guarded
CI-1675,Central I,32.24708,74.10128,Non DG,Un Guarded
WH.Larkana,South II,27.563698,68.19838,Non DG,Un Guarded
S-3875,South III,26.36839,65.88163,DG,Guarded
WH.Islamabad,North I,33.639061,73.103609,Non DG,Un Guarded
9527,South II,25.35588,68.18966,DG,Guarded
CI-1674,Central I,32.25357,74.09793,Non DG,Un Guarded
S-3590,South III,30.55023,67.89024,DG,Guarded
WH.Hyderabad,South II,25.35873,68.342895,Non DG,Un Guarded
S-3878,South III,26.33774,65.59521,DG,Guarded
PTCL Tank,Central II,32.2086,70.386676,Non DG,Un Guarded
8247,North I,33.66672,72.98204,DG,Guarded
WH.Mansehra,North I,34.18358,73.11587,Non DG,Un Guarded
WH.Khuzdar,South III,27.786793,66.610823,Non DG,Un Guarded
S-3830,South I,24.89291,67.10262,Non DG,Un Guarded
4922,Central III,30.92798,70.70734,DG,Guarded
S-3879,South III,26.40064,65.64098,DG,Guarded
WH.Peshawar,North II,34.038634,71.614751,Non DG,Un Guarded
9057,South I,24.88189,67.1593,Non DG,Un Guarded
PTCL PEZU,North II,32.30887,70.728962,Non DG,Un Guarded
CII-2537,Central II,31.71585,70.83449,Non DG,Un Guarded
WH.Nawabshah,South II,26.249395,68.395448,Non DG,Un Guarded
PTCL Kirishamozai,Central II,31.39948,70.483061,DG,Un Guarded
S-3117,South III,30.24479,67.00934,Non DG,Un Guarded
S-3880,South III,26.46684,65.69476,DG,Guarded
WH.Jhang,Central II,31.2756325,72.322737,Non DG,Un Guarded
S-3592,South III,30.4823,68.01648,DG,Guarded
3581,Central I,31.75074,73.8262,Non DG,Un Guarded
S-3882,South III,25.22136,66.88386,DG,Guarded
5541,Central III,29.54686,70.60738,DG,Guarded
WH.Shadahra,Central I,31.616524,74.287432,Non DG,Un Guarded
WH.Sheikhupura,Central I,31.707411,74.0040754,Non DG,Un Guarded
S-3989,South III,30.19448,66.99342,Non DG,Un Guarded
S-3886,South III,25.62942,67.15765,DG,Guarded
2241,North I,32.97218,73.5814,DG,Guarded
5359,Central II,31.40107,72.37997,Non DG,Un Guarded
S-3898,South III,26.24262,67.26328,DG,Guarded
S-3835,South I,24.83397,67.05294,Non DG,Un Guarded
1742,South II,24.48083,68.9859,Non DG,Un Guarded
6541,South II,24.655985,68.846066,Non DG,Un Guarded
2866,North I,34.390911,73.108357,Non DG,Un Guarded
7068,Central I,31.57593,74.32632,Non DG,Guarded
S-3899,South III,26.41442,67.22228,DG,Guarded
S-3388,South III,30.1581,67.00088,Non DG,Guarded
S-3909,South III,25.32406,66.90024,DG,Guarded
CI-1374,Central I,31.57025,74.2954,Non DG,Un Guarded
N-4275,North II,33.90136,72.23139,Non DG,Un Guarded
7309,Central I,31.53258,74.32873,Non DG,Un Guarded
3601,Central I,32.70349,73.95416,DG,Guarded
7607,Central I,31.40295,74.02706,DG,Guarded
S-3914,South III,25.41781,65.48357,DG,Guarded
7339,Central I,31.53181,74.31714,Non DG,Un Guarded
5186,Central II,32.78457,71.29728,DG,Guarded
4661,Central III,30.04004,72.34233,DG,Guarded
N-4893,North I,34.0154,72.91273,Non DG,Un Guarded
S-3829,South I,24.81235,67.0397,Non DG,Un Guarded
9084,South I,24.81877,67.05275,Non DG,Un Guarded
S-3915,South III,25.50694,65.72337,DG,Guarded
9157,South I,24.89645,67.04368,Non DG,Un Guarded
4932,Central II,31.63278,73.23242,DG,Guarded
8213,North I,33.52128,73.1195,Non DG,Un Guarded
S-3944,South III,28.58516,65.5414,DG,Guarded
3072,Central I,31.56318,74.32345,Non DG,Un Guarded
S-3661,South III,28.06726,66.22641,DG,Guarded
S-3923,South III,31.16382,69.633,DG,Guarded
S-3942,South III,28.68038,65.48378,DG,Guarded
S-3707,South III,26.81012,66.60758,DG,Guarded
S-3712,South III,27.67133,65.80014,DG,Guarded
S-3730,South III,26.62593,66.33405,DG,Guarded
9100,South I,24.7936,67.06488,Non DG,Guarded
S-3947,South III,28.45367,65.31277,DG,Guarded
S-3737,South III,27.94664,66.93073,DG,Guarded
S-3748,South III,28.44053,66.75111,DG,Guarded
3326,Central I,32.1546,74.2145,DG,Guarded
S-3752,South III,27.3683,67.06752,DG,Guarded
R022,North I,32.7482211,73.0297398,DG,Guarded
S-3754,South III,27.23852,66.91804,DG,Guarded
7737,Central I,31.02902,74.35372,DG,Guarded
5776,Central III,30.04817,70.65204,DG,Guarded
S-3957,South III,28.58507,65.24946,DG,Guarded
CI-1717,Central I,32.4446,74.11327,Non DG,Un Guarded
S-3242,South II,27.56199,68.19088,Non DG,Un Guarded
S-3755,South III,27.29848,66.89555,DG,Guarded
S-3767,South III,28.40846,66.84713,DG,Guarded
9210,South I,25.02956,67.12695,DG,Guarded
S-3945,South III,28.45199,65.49366,DG,Guarded
S-3818,South I,24.90959,67.1364,Non DG,Un Guarded
1127,South II,25.42088,68.33878,Non DG,Guarded
S-7000,South I,24.846225,67.030978,Non DG,Un Guarded
N-4421,North I,33.54832,73.21956,Non DG,Un Guarded
2878,North II,34.75992,72.66681,DG,Guarded
S-3946,South III,28.42987,65.39022,DG,Guarded
S-7001,South I,24.8524,67.03219,Non DG,Un Guarded
S-3632,South III,28.74395,66.24832,DG,Guarded
1462,South III,25.20643,62.34101,DG,Guarded
S-3948,South III,28.36139,65.19675,DG,Guarded
3499,Central I,31.46255,74.24383,Non DG,Un Guarded
9206,South I,24.9214,67.07362,DG,Guarded
N-5119,North II,33.3183,70.5418,Non DG,Un Guarded
S-3949,South III,28.2972,65.08171,DG,Guarded
CI-1637,Central I,31.39316,74.27451,Non DG,Un Guarded
9774,South II,27.98046,69.68143,DG,Guarded
9443,South I,24.8486,67.08631,Non DG,Guarded
4713,Central II,31.88026,73.00315,Non DG,Un Guarded
N-5113,North II,33.5615,70.8488,Non DG,Un Guarded
S-3960,South III,28.42515,64.83402,DG,Guarded
2755,North I,34.70369,72.98062,DG,Guarded
7301,Central I,31.4132,74.35573,DG,Guarded
S-3976,South III,27.94553,65.92596,DG,Guarded
1010,South I,24.867916667,67.083166667,DG,Guarded
7136,Central I,31.57642,74.35916,Non DG,Un Guarded
S-7005,South III,28.8919,64.90761,Non DG,Un Guarded
CII-2314,Central III,29.09821,70.90425,Non DG,Un Guarded
S-3603,South III,30.9245,68.9446,DG,Guarded
N-4403,North II,33.98239,71.55714,Non DG,Un Guarded
CI-1732,Central I,32.6409,74.199,DG,Guarded
S-7043,South I,24.90739,67.01466,Non DG,Un Guarded
S-3605,South III,30.75954,68.90141,DG,Guarded
3185,Central I,31.4341,74.29831,Non DG,Un Guarded
9778,South II,28.43116,69.5863,DG,Guarded
1042,South I,24.786472,67.343444,DG,Guarded
4653,Central III,29.29318,70.45055,DG,Guarded
6095,South I,24.92497,67.07764,Non DG,Un Guarded
S-3615,South III,30.8615,67.528,DG,Guarded
2676,North I,33.24925,73.17849,DG,Guarded
3372,Central I,31.65533,74.27872,DG,Guarded
S-3756,South III,27.2899,67.0147,DG,Guarded
7804,Central I,32.57894,74.08002,Non DG,Un Guarded
S-3912,South III,25.89647,66.21352,DG,Guarded
6597,South III,28.58345,65.4282,Non DG,Un Guarded
S-3884,South III,25.71366,66.78814,DG,Guarded
9954,South II,26.49592,67.97585,DG,Un Guarded
S-3575,South III,30.46271,69.15877,DG,Guarded
S-3990,South III,28.57525,65.41311,Non DG,Un Guarded
S-3715,South III,27.16397,66.29308,DG,Guarded
9166,South I,24.8499,66.98867,DG,Guarded
6150,South I,24.9224,67.11542,Non DG,Un Guarded
S-3885,South III,25.82945,66.79715,DG,Guarded
N-5118,North II,33.1767,70.4023,Non DG,Un Guarded
5898,Central III,30.01453,71.73123,Non DG,Un Guarded
4473,Central III,30.00497,71.4959,DG,Un Guarded
S-7018,South III,30.20633,66.99968,Non DG,Un Guarded
N-5497,North II,33.98131,71.42609,Non DG,Un Guarded
5355,Central II,31.18718,72.35107,DG,Un Guarded
6943,Central II,32.51207,71.55652,DG,Guarded
7119,Central I,31.43715,74.27552,Non DG,Un Guarded
S-7020,South III,30.18616,67.0195,Non DG,Un Guarded
N-5078,North I,33.7475,73.4099,DG,Un Guarded
9239,South I,24.93814,67.03729,Non DG,Un Guarded
S-3806,South III,30.09608,69.9063,DG,Guarded
9851,South II,25.53825,69.01689,DG,Guarded
S-7019,South III,30.18721,67.01037,Non DG,Un Guarded
S-3810,South III,30.03665,69.88651,Non DG,Guarded
3346,Central I,32.06615,73.67038,DG,Guarded
5649,Central III,29.84188,70.72713,Non DG,Un Guarded
6664,North I,33.58952,73.12564,Non DG,Un Guarded
2608,North I,33.21823,72.69029,DG,Guarded
6971,Central II,31.60854,73.16102,DG,Guarded
S-3988,South III,30.22404,66.95689,Non DG,Guarded
9153,South I,24.89963,67.075,Non DG,Un Guarded
9741,South II,27.87679,67.70519,DG,Guarded
7993,Central I,31.55369,74.42019,Non DG,Un Guarded
S-3950,South III,28.20694,65.0303,DG,Guarded
1395,South III,30.21803,67.04324,DG,Guarded
CI-1190,Central I,32.5841,74.60762,Non DG,Un Guarded
9136,South I,24.82052,66.99455,DG,Un Guarded
3533,Central I,31.90654,74.51278,DG,Guarded
CI-1296,Central I,31.45254,74.20399,Non DG,Un Guarded
CII-2469,Central II,31.07132,72.95032,Non DG,Un Guarded
CI-1426,Central I,31.46210101,74.47202875,Non DG,Un Guarded
CI-1429,Central I,31.48944132,74.25315331,Non DG,Un Guarded
CII-2489,Central II,31.49941,73.21879,Non DG,Un Guarded
CII-2354,Central II,31.34059,73.05676,DG,Un Guarded
CI-1267,Central I,32.255822,74.144849,Non DG,Un Guarded
CI-1332,Central I,31.4359,74.2554,Non DG,Un Guarded
CI-1260,Central I,31.4794,74.1194,Non DG,Un Guarded
CI-1283,Central I,32.58392,74.09466,Non DG,Un Guarded
CI-1230,Central I,31.324905,74.244065,Non DG,Un Guarded
CI-1455,Central I,31.601993,74.482326,Non DG,Un Guarded
CI-1149,Central I,31.19914,73.91309,Non DG,Un Guarded
7988,Central I,31.4963,74.33115,Non DG,Un Guarded
S-3964,South III,28.13806,64.86673,DG,Guarded
CII-2486,Central III,29.3835,70.9554,Non DG,Un Guarded
CII-2479,Central III,28.42816,70.3105,Non DG,Un Guarded
CII-2482,Central III,30.14704,71.48474,Non DG,Un Guarded
1218,South II,27.75785,68.74913,DG,Guarded
6009,South I,24.90707,67.13941,DG,Guarded
CII-2888,Central II,32.091143,72.645188,Non DG,Un Guarded
CI-1249,Central I,32.6583702799009,73.6851942342171,Non DG,Un Guarded
CI-1251,Central I,32.6494391986661,73.7179305995709,Non DG,Un Guarded
CII-2360,Central III,29.2505,70.4227,Non DG,Un Guarded
CI-1297,Central I,31.5687,74.2742,Non DG,Un Guarded
CII-2450,Central III,30.293,73.082,Non DG,Un Guarded
S-3876,South III,26.25285,65.82786,DG,Guarded
CII-2460,Central III,30.0094,73.2675,Non DG,Un Guarded
CII-2458,Central III,29.99604,73.24196,Non DG,Un Guarded
CII-2473,Central III,29.3819,71.7274,Non DG,Un Guarded
CII-2424,Central III,30.7127,70.6943,Non DG,Un Guarded
4085,Central II,31.56671,73.33917,DG,Guarded
4278,Central III,30.81101,70.51008,DG,Guarded
CII-2355,Central II,32.949911,71.561036,Non DG,Un Guarded
CII-2344,Central II,30.829643,72.071513,Non DG,Un Guarded
CII-2487,Central III,30.1225,72.7537,Non DG,Un Guarded
CI-1619,Central I,31.47603,74.35894,Non DG,Un Guarded
CI-1308,Central I,32.39263,74.92015,DG,Guarded
CII-2441,Central III,29.80608,72.85438,Non DG,Un Guarded
S-3877,South III,26.28487,65.7388,DG,Guarded
CII-2483,Central III,28.645583,70.671297,Non DG,Un Guarded
CII-2480,Central III,29.51273,71.50758,Non DG,Un Guarded
9803,South II,25.38237,68.37439,Non DG,Guarded
CII-2443,Central III,29.14584,71.23875,Non DG,Un Guarded
CII-2408,Central III,30.48084,71.07535,Non DG,Un Guarded
CII-2488,Central III,30.06697,70.71859,Non DG,Un Guarded
CII-2439,Central III,30.5384,70.7038,Non DG,Un Guarded
CII-2481,Central III,28.64846,70.64153,Non DG,Un Guarded
CII-2451,Central III,29.79605,72.87038,Non DG,Un Guarded
CII-2478,Central III,30.224223,71.554452,Non DG,Un Guarded
CII-2425,Central III,30.8669,70.586,Non DG,Un Guarded
6903,Central II,32.5208,72.53501,DG,Guarded
CII-2381,Central III,30.24711,71.48605,Non DG,Un Guarded
CII-2214,Central III,29.24828,70.31499,DG,Un Guarded
CII-2485,Central III,28.3996,70.3244,Non DG,Un Guarded
CII-2472,Central III,29.4072,71.7174,Non DG,Un Guarded
CII-2389,Central III,29.637,71.904,Non DG,Un Guarded
9819,South II,25.35678,68.38775,Non DG,Guarded
N-3794,North I,33.58365,73.15117,Non DG,Un Guarded
N-3067,North I,34.19716,73.25679,Non DG,Un Guarded
N-3777,North I,33.56578,73.15617,Non DG,Un Guarded
N-3796,North I,33.6419,73.1213,Non DG,Un Guarded
N-3262,North I,33.7413,73.0904,Non DG,Un Guarded
N-3798,North I,33.5251,73.1285,Non DG,Un Guarded
N-3276,North I,33.77172,72.33797,Non DG,Un Guarded
N-5300,North I,33.66193,73.07319,Non DG,Un Guarded
N-3271,North I,33.738013,73.190976,Non DG,Un Guarded
N-3623,North I,33.62199,72.94286,Non DG,Un Guarded
N-3163,North I,33.65354,72.95872,Non DG,Un Guarded
N-3274,North I,33.74573,73.19159,Non DG,Un Guarded
N-3018,North I,33.63359,72.94691,Non DG,Un Guarded
N-3804,North I,33.66515,73.00739,Non DG,Un Guarded
S-3861,South III,26.21085,66.02898,DG,Guarded
N-3136,North I,33.73859,73.17829,Non DG,Un Guarded
9842,South I,25.00154,67.0518,Non DG,Un Guarded
N-3575,North I,33.82154,73.53419,Non DG,Un Guarded
CII-2484,Central III,28.3766,70.3686,Non DG,Un Guarded
N-3764,North I,32.91884,72.4194,Non DG,Un Guarded
N-3793,North I,33.55437,73.15736,Non DG,Un Guarded
N-3524,North I,33.01712,73.63334,Non DG,Un Guarded
N-3594,North I,34.32148,73.17137,Non DG,Un Guarded
N-3660,North I,33.84378,73.74186,Non DG,Un Guarded
N-3797,North I,33.0366,73.8208,Non DG,Un Guarded
N-3213,North I,33.620161,73.10847,Non DG,Un Guarded
N-3800,North II,32.82718,70.8022,Non DG,Un Guarded
N-3607,North I,33.61889,73.02971,Non DG,Un Guarded
N-3787,North I,33.5503,73.1149,Non DG,Un Guarded
N-5438,North I,33.6065,73.0165,Non DG,Un Guarded
N-3656,North I,33.85986,73.74813,Non DG,Un Guarded
N-3608,North I,33.6088,73.0809,Non DG,Un Guarded
4567,Central III,30.29871,73.07152,DG,Guarded
N-3766,North I,32.915283,72.395316,Non DG,Un Guarded
N-4548,North I,33.75158,72.72211,Non DG,Un Guarded
N-3114,North II,33.01339869,70.69142985,Non DG,Un Guarded
N-3738,North II,32.84149,69.87422,Non DG,Un Guarded
N-3333,North II,33.09312,71.28712,Non DG,Un Guarded
N-3138,North II,33.78854,71.04562,Non DG,Un Guarded
N-3635,North II,33.1226,71.1286,Non DG,Un Guarded
N-3298,North II,32.79035,70.74843,DG,Un Guarded
N-3702,North II,32.8501,70.6012,Non DG,Un Guarded
N-3719,North II,32.780196,70.878251,Non DG,Un Guarded
7827,Central I,32.48698,73.66294,DG,Un Guarded
N-3707,North II,33.317684,71.131855,Non DG,Un Guarded
7840,Central I,32.31378,73.98994,Non DG,Un Guarded
N-3481,North II,33.538981,71.083243,Non DG,Un Guarded
N-3355,North II,33.823181,71.888226,Non DG,Un Guarded
N-3172,North II,33.52392,71.04731,Non DG,Un Guarded
S-3866,South III,26.35822,65.05074,DG,Guarded
N-3047,North II,33.55248,71.47308,Non DG,Un Guarded
2659,North II,33.6130457175948,71.405034177168,Non DG,Un Guarded
N-3789,North II,34.013,72.124,Non DG,Un Guarded
N-3498,North II,33.55187,71.46119,Non DG,Un Guarded
N-3371,North II,34.78985,71.58528,Non DG,Un Guarded
N-3578,North II,34.33899,72.06382,DG,Un Guarded
N-3690,North II,34.14677,72.48453,Non DG,Un Guarded
N-3207,North II,33.73256,70.80509,Non DG,Un Guarded
N-3629,North II,34.49802,71.74911,Non DG,Un Guarded
2945,North II,35.1719,72.53171,Non DG,Un Guarded
N-3754,North II,33.98763,72.17172,Non DG,Un Guarded
N-3697,North II,34.27724,71.97313,Non DG,Un Guarded
N-3720,North II,33.91319,71.45406,Non DG,Un Guarded
N-3686,North II,34.262076,72.016849,Non DG,Un Guarded
N-3398,North II,33.97732,71.54198,Non DG,Guarded
N-3308,North II,34.46528,72.48951,Non DG,Un Guarded
5452,Central III,28.40688,70.31801,DG,Guarded
S-4334,South I,24.9468,67.096,Non DG,Un Guarded
S-4137,South I,24.9382,67.05976,Non DG,Un Guarded
S-4355,South I,24.91534,67.14695,Non DG,Un Guarded
S-4171,South I,24.87652,67.16901,Non DG,Un Guarded
S-3883,South III,25.67524,66.94453,DG,Guarded
S-4300,South I,24.93978,67.04839,Non DG,Un Guarded
S-4808,South I,25.0018,67.3157,Non DG,Un Guarded
S-4298,South I,24.883205,67.04658,Non DG,Un Guarded
S-4467,South I,24.90873,67.21427,Non DG,Un Guarded
S-4325,South I,24.82196963,67.10264169,Non DG,Un Guarded
S-7175,South I,24.82503,66.99627,Non DG,Un Guarded
S-4012,South III,31.3134,69.7604,DG,Guarded
S-4304,South I,24.905051,67.103635,Non DG,Un Guarded
S-4827,South II,26.4045,68.3128,Non DG,Un Guarded
S-4147,South II,25.42743,68.34558,Non DG,Un Guarded
S-4816,South I,24.73311,67.89305,Non DG,Un Guarded
S-4825,South II,27.2431,68.3497,Non DG,Un Guarded
S-4166,South I,24.91534,67.14244,Non DG,Un Guarded
S-4340,South I,24.9439,67.1353,Non DG,Un Guarded
S-4295,South I,24.93245,67.04041,Non DG,Un Guarded
S-4754,South II,28.00469,69.32803,Non DG,Un Guarded
2014,North I,33.62199,73.064,DG,Guarded
BSC Khanewal,Central III,30.303232,71.921766,DG,Un Guarded
2044,North I,33.6155,73.05936,DG,Un Guarded
S-4824,South II,27.98426,69.29265,Non DG,Un Guarded
S-4752,South II,26.2376,68.3894,Non DG,Un Guarded
S-3891,South III,26.37003,66.70538,DG,Guarded
2235,North I,32.91331,72.7568,Non DG,Un Guarded
S-4761,South II,28.247052,69.187103,Non DG,Un Guarded
S-7525,South III,30.42782,68.06324,Non DG,Guarded
S-4826,South II,27.2529,68.4788,Non DG,Un Guarded
S-4822,South II,25.443,68.281,Non DG,Un Guarded
S-3516,South III,31.17154,67.78554,DG,Guarded
S-4823,South II,27.515665,68.765964,Non DG,Un Guarded
S-4803,South II,27.501,67.909,DG,Un Guarded
S-4786,South II,25.7652,68.6684,Non DG,Un Guarded
S-4072,South III,25.97226,62.891,Non DG,Guarded
S-4782,South III,25.08347,61.773,Non DG,Un Guarded
S-4445,South II,26.046969,68.951225,Non DG,Un Guarded
S-4606,South II,27.94433343,68.63748416,Non DG,Un Guarded
S-4396,South II,28.632924,69.179276,Non DG,Un Guarded
S-4045,South III,31.3678,69.7664,DG,Guarded
S-4092,South III,27.7013,66.8663,Non DG,Guarded
S-3906,South III,26.29689,66.7568,DG,Guarded
S-3475,South III,28.56146,65.41929,Non DG,Un Guarded
S-4707,South III,30.12187,66.98263,Non DG,Un Guarded
S-7532,South III,30.46976,68.19517,DG,Un Guarded
S-7285,South III,25.10909,62.32937,Non DG,Un Guarded
S-4745,South III,28.46277,66.8314,DG,Un Guarded
S-4580,South III,26.95734,64.06319,Non DG,Un Guarded
S-4413,South III,28.60605,65.41696,Non DG,Un Guarded
S-3460,South III,29.58449,65.98299,Non DG,Un Guarded
S-4095,South III,25.95495,62.86118,Non DG,Guarded
S-4737,South III,25.4511,66.5642,Non DG,Un Guarded
S-3459,South III,29.5505,67.08128,DG,Un Guarded
4465,Central III,30.30894,71.94571,Non DG,Un Guarded
S-4682,South III,30.17868,66.96949,Non DG,Un Guarded
S-4316,South III,30.3639,68.588,Non DG,Un Guarded
S-3918,South III,25.45552,66.8604,DG,Guarded
S-4799,South III,29.5641,65.9818,Non DG,Un Guarded
4924,Central III,30.64884,70.71338,DG,Guarded
S-3922,South III,26.23631,66.79806,DG,Guarded
1999,South III,30.28269,67.01811,Non DG,Guarded
8043,North I,33.61052,73.04437,DG,Guarded
S-3091,South III,29.59273,66.00933,Non DG,Un Guarded
S-3733,South III,26.64406,66.91093,DG,Guarded
N-4414,North I,33.00145,72.93673,Non DG,Un Guarded
S-3759,South III,26.9948,66.9004,DG,Guarded
N-5991,North II,33.018446,70.824408,DG,Guarded
4970,Central III,30.05969,70.64807,DG,Guarded
6353,South I,24.91867,66.97559,Non DG,Guarded
S-3105,South I,24.96305,67.0511,Non DG,Un Guarded
2939,North II,33.92782,72.04101,DG,Guarded
S-3706,South III,26.67358,66.73193,DG,Guarded
9838,South I,24.90848,67.22156,Non DG,Un Guarded
N-4211,North II,33.93187,71.51789,DG,Guarded
1541,South II,26.66907,68.00476,DG,Guarded
S-3686,South III,26.7313,66.5984,DG,Guarded
S-3691,South III,27.61522,66.55016,DG,Guarded
9300,South I,24.86206,67.03037,DG,Guarded
HBWNBSC01,Central III,29.9997127,73.2578294,DG,Un Guarded
4121,Central III,30.21989,71.49299,DG,Guarded
HSKTBSC04,Central I,32.5194009,74.5404915,Non DG,Un Guarded
S-7322,South III,27.80987,66.61292,Non DG,Un Guarded
4717,Central II,32.07688,72.6825,Non DG,Un Guarded
6513,South II,27.6971,68.877,Non DG,Guarded
3560,Central I,31.12585,74.44535,DG,Guarded
N-4781,North II,33.55215,71.1231,DG,Guarded
6689,North II,34.48946,71.85399,Non DG,Un Guarded
4521,Central II,30.64964,73.10763,DG,Guarded
2219,North I,32.67002,73.32821,DG,Guarded
3721,Central I,32.73847,74.10277,DG,Guarded
4450,Central III,29.13995,71.26265,DG,Guarded
6120,South II,27.55322,68.2152,Non DG,Un Guarded
CII-2788,Central III,29.62032,70.58015,Non DG,Un Guarded
CI-1671,Central I,31.69316,73.97414,Non DG,Un Guarded
S-3822,South III,30.979,67.71,DG,Guarded
N-5567,North II,33.81319,70.80831,Non DG,Un Guarded
6394,South I,24.83486,67.24152,DG,Guarded
8605,North I,33.74979,72.81079,DG,Guarded
3375,Central I,31.42778,74.27421,Non DG,Un Guarded
9442,South I,24.83383,67.0726,DG,Guarded
1545,South II,27.41321,68.17795,DG,Guarded
1549,South II,27.84402,67.9018,DG,Guarded
7542,Central I,31.58142,74.32384,Non DG,Un Guarded
N-3272,North I,33.63835,73.11537,Non DG,Un Guarded
3996,Central I,32.24835,73.96809,DG,Un Guarded
5630,Central III,29.00083,70.39143,DG,Guarded
5175,Central II,32.7889,71.5803,Non DG,Un Guarded
9728,South II,28.54096,68.21957,Non DG,Un Guarded
3437,Central I,32.5334,74.5636,DG,Un Guarded
2492,North I,33.59837,72.75973,DG,Guarded
7089,Central I,31.50644,74.2733,Non DG,Un Guarded
2648,North I,32.7068,72.36398,DG,Guarded
9877,South II,24.64094,69.11571,DG,Guarded
7758,Central I,32.5183,74.5014,DG,Un Guarded
CI-1342,Central I,32.47512,74.63843,DG,Guarded
7154,Central I,31.44776,74.39835,DG,Guarded
5107,Central III,31.07506,70.66796,Non DG,Un Guarded
5609,Central III,29.8429,70.4879,Non DG,Un Guarded
7171,Central I,31.27085,74.10491,DG,Guarded
CI-1365,Central I,31.53485,74.347,Non DG,Un Guarded
3078,Central I,31.56027,74.29024,Non DG,Un Guarded
5419,Central II,32.08344,72.27422,DG,Guarded
4839,Central III,29.5801,70.53731,DG,Guarded
S-3528,South III,30.08894,69.72525,DG,Guarded
7197,Central I,31.5887,74.36257,Non DG,Guarded
PTCL PURAN,North II,34.755517,72.675718,Non DG,Un Guarded
S-3232,South I,25.03867,66.87553,DG,Guarded
4733,Central II,31.64367,72.97109,DG,Guarded
S-4450,South II,26.24452,68.39131,Non DG,Un Guarded
2229,North I,32.92261,72.94412,DG,Guarded
PTCL Shelbandi,North II,34.511159,72.544575,Non DG,Un Guarded
7681,Central I,31.46283,74.0139,DG,Guarded
N-4751,North I,33.14725,72.90343,Non DG,Guarded
3924,Central I,32.11524,74.17149,Non DG,Un Guarded
9936,South II,26.03175,68.80321,Non DG,Un Guarded
9055,South I,24.81632,67.04135,Non DG,Un Guarded
3354,Central I,32.34622,74.38949,Non DG,Un Guarded
3270,Central I,31.19874,73.90657,Non DG,Un Guarded
4265,Central III,29.88607,72.56919,Non DG,Un Guarded
2277,North I,32.92841,72.36469,Non DG,Un Guarded
4874,Central III,29.38054,70.91263,Non DG,Un Guarded
2839,North I,34.01941,72.90877,Non DG,Un Guarded
9012,South I,24.91595,67.09997,DG,Guarded
1389,South III,30.18501,67.01435,Non DG,Guarded
S-3799,South III,30.09089,66.9397,Non DG,Un Guarded
9281,South I,24.83283,67.1132,DG,Guarded
7274,Central I,31.49475,74.39887,Non DG,Un Guarded
3530,Central I,32.52806,74.36772,DG,Un Guarded
4524,Central II,30.66911,73.1286,DG,Un Guarded
7051,Central I,31.46807,74.243,Non DG,Guarded
4513,Central II,30.81069,73.43056,DG,Un Guarded
S-3688,South III,27.47117,66.47544,DG,Guarded
S-3559,South III,30.61435,67.97738,DG,Guarded
4025,Central II,31.52337,73.0674,DG,Guarded
5235,Central III,29.7061772,72.7681985,DG,Guarded
6467,South I,24.94766,66.93731,Non DG,Un Guarded
5768,Central II,31.05894,73.1842,Non DG,Un Guarded
N-4695,North I,32.809842,72.10161,Non DG,Un Guarded
4416,Central III,30.44859,72.7618,DG,Un Guarded
1666,South III,30.04238,69.92547,DG,Guarded
7291,Central I,31.62218,74.26941,DG,Un Guarded
3G-CI-1001,Central I,32.7869,73.88496,Non DG,Un Guarded
7187,Central I,31.51148,74.26308,DG,Guarded
S-3669,South I,24.909933,67.015901,DG,Guarded
9305,South I,24.86196,67.01707,DG,Un Guarded
9464,South I,24.9429,67.03758,Non DG,Un Guarded
6023,South I,24.91862,67.10276,Non DG,Un Guarded
8058,North I,33.69237,73.04917,DG,Un Guarded
CII-2571,Central II,31.7516,72.90663,Non DG,Guarded
3903,Central I,32.11518,74.19652,DG,Un Guarded
5184,Central II,31.64045,71.00879,Non DG,Un Guarded
1536,South II,27.52293,68.73554,Non DG,Un Guarded
4857,Central III,28.720556,70.595572,Non DG,Un Guarded
8202,North I,33.55854,73.13322,Non DG,Un Guarded
4549,Central III,30.53648,72.38531,DG,Guarded
4289,Central III,29.98989,70.30759,DG,Guarded
2213,North I,32.65974,73.40295,DG,Un Guarded
6048,South I,24.90407,67.04258,Non DG,Un Guarded
CII-2787,Central III,29.65906,70.60812,Non DG,Un Guarded
5342,Central II,30.86675,72.275,DG,Un Guarded
7992,Central I,31.4353,74.35309,Non DG,Un Guarded
5106,Central II,31.56446,71.15783,DG,Guarded
3462,Central I,32.36959,74.94429,DG,Guarded
S-3765,South III,27.3042,66.4705,DG,Guarded
N-4554,North II,33.9925,72.19132,Non DG,Un Guarded
7957,Central I,30.97037,73.8149,Non DG,Guarded
3G-CII-3226,Central III,29.3943,71.6687,Non DG,Un Guarded
8077,North I,33.5318,73.05977,DG,Un Guarded
S-3643,South III,28.859423,66.75203,DG,Guarded
1945,South II,28.11945,68.81668,DG,Guarded
1163,South II,25.36369,68.34657,Non DG,Un Guarded
6001,South I,24.894152,67.017861,Non DG,Un Guarded
8603,North I,33.738455,72.791029,Non DG,Un Guarded
2864,North I,34.3251,73.19884,Non DG,Guarded
7489,Central I,31.5774,74.31589,Non DG,Un Guarded
5304,Central III,30.16245,73.57196,Non DG,Un Guarded
6066,South I,24.86091,67.08494,Non DG,Un Guarded
2252,North I,32.93113,72.84863,Non DG,Un Guarded
6026,South I,24.84428,67.16992,DG,Guarded
CI-1023,Central I,32.19189,74.19015,Non DG,Un Guarded
S-3610,South III,29.9684,68.0946,DG,Guarded
S-3723,South III,28.0866,66.4915,DG,Guarded
8114,North I,33.66869,73.01234,DG,Guarded
1417,South III,30.19554,67.01612,DG,Guarded
4327,Central II,31.91461,70.74826,DG,Guarded
5655,Central III,30.10208,70.62791,DG,Guarded
CII-2156,Central III,30.23454,72.47307,Non DG,Guarded
3401,Central I,32.50352,74.55961,DG,Guarded
S-3263,South I,24.74357,67.88196,Non DG,Un Guarded
6149,South I,24.92184,67.11577,Non DG,Un Guarded
3423,Central I,32.49389,74.52039,DG,Un Guarded
6648,North II,33.56646,71.48251,Non DG,Un Guarded
3379,Central I,31.57032,74.41002,Non DG,Un Guarded
4398,Central III,29.31368,71.71304,DG,Guarded
1463,South III,25.24571,62.42533,DG,Guarded
5365,Central II,31.39892,72.41428,Non DG,Guarded
N-5835,North I,33.59461,73.1336,Non DG,Un Guarded
S-7376,South I,25.06029,67.31042,Non DG,Un Guarded
N-5923,North I,33.5988,73.0082,Non DG,Un Guarded
1260,South II,27.559439,68.215831,Non DG,Guarded
3504,Central I,31.70668,73.99181,Non DG,Un Guarded
N-5856,North I,33.58921,73.10679,Non DG,Un Guarded
N-5910,North I,33.5755,73.0476,Non DG,Un Guarded
N-5870,North I,33.6152,73.0767,Non DG,Un Guarded
N-5828,North I,33.6416,73.0353,Non DG,Un Guarded
2383,North II,34.40553,72.55468,DG,Guarded
3522,Central I,31.0171,73.84717,DG,Guarded
CII-2276,Central III,30.28771,71.92649,Non DG,Un Guarded
1516,South III,30.2978,66.92,Non DG,Un Guarded
7447,Central I,31.56211,74.32186,Non DG,Un Guarded
N-5877,North I,33.6346,73.0593,Non DG,Un Guarded
6466,South I,24.97227,67.07145,Non DG,Un Guarded
N-5839,North I,33.6255,73.1028,Non DG,Un Guarded
N-5861,North I,33.63313,73.08007,Non DG,Un Guarded
N-5932,North I,33.65271,73.18055,Non DG,Un Guarded
N-5824,North I,33.65957,73.08423,Non DG,Un Guarded
8381,North I,33.63047,73.00907,Non DG,Un Guarded
N-5842,North I,33.5858,73.0373,Non DG,Un Guarded
6393,South I,24.89124,66.98129,Non DG,Un Guarded
N-5880,North I,33.6422,73.0534,Non DG,Un Guarded
N-5855,North I,33.583,73.02122,Non DG,Un Guarded
N-5898,North I,33.69334,73.04523,Non DG,Un Guarded
N-5908,North I,33.56899,73.15118,Non DG,Un Guarded
N-5931,North I,33.65443,72.89828,Non DG,Un Guarded
N-5935,North I,33.58439,73.39189,Non DG,Un Guarded
S-7375,South I,25.03024,67.30803,Non DG,Un Guarded
S-7404,South I,25.0157,67.1287,Non DG,Un Guarded
N-5857,North I,33.59432,72.98241,Non DG,Un Guarded
N-5845,North I,33.6067,73.0705,Non DG,Un Guarded
6128,South II,27.96459,68.63851,Non DG,Guarded
N-5795,North I,33.61108,72.97082,Non DG,Un Guarded
N-5864,North I,33.4941,73.1002,Non DG,Un Guarded
6892,Central III,30.05552,70.63819,Non DG,Un Guarded
N-5818,North I,33.59648,73.05111,Non DG,Un Guarded
S-7427,South III,30.2675,67.01924,Non DG,Un Guarded
S-7430,South III,30.1441,66.9916,Non DG,Un Guarded
N-5968,North I,33.5747,73.1412,Non DG,Un Guarded
S-7423,South III,30.2821,66.9583,Non DG,Un Guarded
5495,Central II,32.2798,71.36858,DG,Un Guarded
S-4152,South III,30.24303,66.928069,Non DG,Un Guarded
N-5969,North I,33.6305,73.0619,Non DG,Un Guarded
5292,Central III,30.1215,72.82488,DG,Guarded
1491,South III,29.898497,69.526837,DG,Guarded
7719,Central I,32.012031,74.535587,Non DG,Un Guarded
N-5862,North I,33.5874,73.0181,Non DG,Un Guarded
N-5966,North I,33.64371,73.16974,Non DG,Un Guarded
N-5971,North I,33.6834,73.1659,Non DG,Un Guarded
S-7425,South III,30.1796,66.9868,Non DG,Un Guarded
N-5964,North I,33.59775,73.03381,Non DG,Un Guarded
S-3186,South II,25.38758,68.33125,Non DG,Un Guarded
9234,South I,24.96262,67.05955,Non DG,Un Guarded
CI-1797,Central I,31.46255,74.22552,Non DG,Un Guarded
N-5949,North I,34.09005,73.16266,Non DG,Un Guarded
S-7419,South III,30.335315,66.936761,Non DG,Un Guarded
CII-2277,Central III,28.65414,70.66127,Non DG,Un Guarded
6759,South I,25.00145,67.0348,Non DG,Un Guarded
5166,Central II,32.38252,72.13478,DG,Un Guarded
S-7615,South III,29.86272,66.79102,DG,Un Guarded
S-7602,South III,30.0091,66.90934,DG,Un Guarded
S-7557,South III,29.41242,67.607,Non DG,Un Guarded
S-7552,South III,28.77653,67.47396,Non DG,Un Guarded
S-7583,South III,28.81961,67.57291,Non DG,Un Guarded
S-7577,South III,28.72166,67.5433,Non DG,Un Guarded
CI-1348,Central I,32.52235,74.08965,DG,Guarded
7766,Central I,32.48122,74.51097,DG,Guarded
3467,Central I,32.17739,74.50875,DG,Guarded
3G-N-2127,North I,33.8234,72.6771,Non DG,Un Guarded
2622,North I,34.14911,73.48458,DG,Guarded
S-3193,South II,25.50795,69.0239,DG,Un Guarded
2123,North II,33.99284,71.55669,DG,Guarded
3417,Central I,32.5187,74.5229,DG,Guarded
S-3699,South III,25.9414,66.946,DG,Guarded
4950,Central III,29.40842,70.3521,DG,Un Guarded
CII-2758,Central II,31.7627,72.9041,Non DG,Un Guarded
S-7437,South III,26.00043,63.0159,Non DG,Un Guarded
S-7740,South III,26.005,63.0533,Non DG,Un Guarded
S-7593,South III,29.82146,66.3417,DG,Un Guarded
S-7745,South III,29.8991,67.1294,Non DG,Un Guarded
S-7555,South III,28.9602,67.4458,Non DG,Un Guarded
CII-2013,Central II,31.45102,73.1299,Non DG,Guarded
S-7646,South III,30.1865,67.006961,Non DG,Un Guarded
S-7652,South III,30.1645,66.98026,Non DG,Un Guarded
S-7654,South III,30.209,66.9977,Non DG,Un Guarded
S-7645,South III,30.1877,66.98794,Non DG,Un Guarded
S-7651,South III,30.1919,66.992241,Non DG,Un Guarded
8210,North I,33.64717,73.0477,DG,Guarded
S-7450,South III,30.3853,68.572761,Non DG,Un Guarded
6650,North II,34.19095,72.02375,DG,Guarded
S-7755,South III,30.1377,66.9452,Non DG,Un Guarded
S-7644,South III,30.1814,67.0027,Non DG,Un Guarded
S-7451,South III,30.374,68.581069,Non DG,Un Guarded
S-7643,South III,30.2027,66.965371,Non DG,Un Guarded
S-7751,South III,30.5878,67.0787,Non DG,Un Guarded
S-7754,South III,30.2352,66.9773,Non DG,Un Guarded
9301,South I,24.85826,67.03281,Non DG,Un Guarded
S-7738,South III,30.2276,66.992685,Non DG,Un Guarded
S-4778,South I,24.83927,67.11294,Non DG,Un Guarded
S-7815,South III,30.1602,67.03184,Non DG,Un Guarded
S-7786,South III,30.6905,66.7403,Non DG,Un Guarded
S-7647,South III,30.1647,67.00584,Non DG,Un Guarded
S-7816,South III,30.1297,67.004,Non DG,Un Guarded
S-7590,South III,30.47289,67.50237,Non DG,Un Guarded
S-3671,South III,31.64869,69.25475,Non DG,Guarded
S-7578,South III,29.2754,68.242,Non DG,Un Guarded
S-7592,South III,29.64804,66.38602,DG,Un Guarded
3G-N-1669,North I,33.916206,73.414116,Non DG,Un Guarded
3529,Central I,31.17359,73.81444,DG,Guarded
S-7612,South III,29.59233,66.46234,DG,Un Guarded
S-7757,South III,30.15057,66.98442,Non DG,Un Guarded
S-7758,South III,30.08356,66.96335,Non DG,Un Guarded
3964,Central I,31.58771,74.37427,DG,Guarded
S-7459,South III,30.24498,66.91328,Non DG,Un Guarded
5530,Central II,30.90606,72.52015,DG,Guarded
8249,North I,33.62744,73.08547,Non DG,Un Guarded
5176,Central II,32.42345,71.89301,Non DG,Guarded
S-4065,South III,29.43377,67.95954,Non DG,Guarded
2283,North I,32.73073,72.99137,Non DG,Un Guarded
N-4124,North I,33.55419,72.75182,DG,Guarded
9528,South I,24.94775,66.96939,DG,Guarded
4283,Central III,30.70402,70.64727,DG,Guarded
N-3335,North II,33.53651,71.49928,Non DG,Un Guarded
CI-1386,Central I,31.264183,74.07584,Non DG,Un Guarded
S-3933,South III,30.688,69.3699,DG,Guarded
CI-1123,Central I,31.36524,74.24378,Non DG,Un Guarded
S-3539,South III,29.83762,69.55014,DG,Guarded
7257,Central I,31.56606,74.28216,DG,Guarded
3089,Central I,31.50701,74.37623,Non DG,Un Guarded
1418,South III,30.19769,66.96024,Non DG,Guarded
1456,South III,27.82668,66.600363,DG,Guarded
CII-2025,Central III,30.20686,71.49569,Non DG,Guarded
N-4201,North II,34.36565,71.34413,Non DG,Un Guarded
S-3387,South III,30.19232,66.98456,Non DG,Guarded
2015,North I,33.72728,73.0477,DG,Un Guarded
1103,South II,25.395916667,68.367722222,DG,Guarded
3759,Central I,32.35916,74.29858,DG,Guarded
9665,South I,24.86467,67.02359,Non DG,Un Guarded
3711,Central I,32.4566,74.20557,DG,Un Guarded
1949,South II,28.07041,68.5969,DG,Guarded
9029,South I,24.86032,67.0464,DG,Guarded
2168,North II,33.96222,71.72908,DG,Guarded
2668,Central II,32.11995,70.27314,DG,Un Guarded
3992,Central I,32.334353,73.863118,Non DG,Un Guarded
4167,Central III,30.06982,71.20874,Non DG,Un Guarded
N-4056,North I,33.71181,73.16333,Non DG,Guarded
S-3198,South II,27.75216,68.44996,Non DG,Un Guarded
6181,South I,24.90944,67.12542,Non DG,Un Guarded
5690,Central II,31.72025,72.9791,Non DG,Un Guarded
3314,Central I,32.18636,74.17171,DG,Guarded
5869,Central III,30.02422,70.6286,DG,Un Guarded
N-4613,North II,32.44352,70.76289,Non DG,Un Guarded
CI-1312,Central I,31.27635,73.97645,DG,Un Guarded
3534,Central I,31.9194,74.49013,Non DG,Un Guarded
N-4278,North II,34.61192,72.46296,Non DG,Un Guarded
6410,South I,24.95543,66.99351,Non DG,Un Guarded
6359,South I,24.8165,67.13425,Non DG,Un Guarded
CII-2757,Central II,31.8414,70.9053,DG,Un Guarded
N-5911,North II,34.06872,71.50474,DG,Guarded
N-5833,North II,34.2205,71.5525,DG,Guarded
7112,Central I,31.50215,74.47763,DG,Guarded
N-5887,North II,33.98109,71.56376,DG,Un Guarded
3744,Central I,31.9677,74.22299,Non DG,Un Guarded
N-5791,North II,33.50008,71.49503,Non DG,Un Guarded
N-5928,North II,33.4105,70.6425,Non DG,Un Guarded
3000,Central I,31.56608,74.31602,DG,Un Guarded
1466,South III,29.53666,67.87439,DG,Guarded
1657,South III,30.07198,66.98936,Non DG,Guarded
8356,North I,33.95547,73.45997,Non DG,Un Guarded
6126,South III,30.18258,66.98231,DG,Un Guarded
S-3542,South III,31.12847,68.027,DG,Guarded
7266,Central I,31.60577,74.41295,DG,Guarded
N-4602,North II,33.06842,70.81229,Non DG,Guarded
CII-2151,Central III,29.5705,73.14915,Non DG,Guarded
9113,South I,24.84842,67.00215,Non DG,Un Guarded
N-4156,North I,32.77366,73.46535,DG,Un Guarded
CI-1465,Central I,31.45761,74.3078,DG,Guarded
5095,Central II,31.41677,71.01568,Non DG,Un Guarded
1409,South III,30.18686,67.02828,DG,Guarded
9831,South II,25.35365,68.38878,DG,Un Guarded
1193,South II,25.77369,68.66883,Non DG,Guarded
7038,Central I,31.43381,74.29035,DG,Guarded
2198,North I,32.95445,73.73093,Non DG,Un Guarded
1676,South II,27.30471,68.40031,DG,Guarded
1291,South II,26.72739,67.766,Non DG,Guarded
3608,Central I,32.56459,74.07376,DG,Un Guarded
8614,North I,33.97356,72.84987,Non DG,Un Guarded
1483,South III,30.37908,68.57797,DG,Guarded
7330,Central I,31.45983,74.31488,Non DG,Un Guarded
PTCL tokhsarai,North II,33.4628533,70.9632883,Non DG,Un Guarded
S-3154,South I,24.97385,67.15797,Non DG,Un Guarded
8664,North II,34.00821,71.6099,DG,Un Guarded
4018,Central II,31.39171,73.1058,DG,Guarded
4117,Central III,30.22074,71.53494,DG,Guarded
N-4119,North I,33.86149,72.43761,Non DG,Un Guarded
4221,Central II,31.28044,72.31913,DG,Un Guarded
6908,Central II,32.02752,71.3459,DG,Guarded
1101,South II,25.345861111,68.276472222,Non DG,Un Guarded
IIB348,North I,25.94641,67.2998,Non DG,Un Guarded
IIB915,North I,28.42856,66.58621,Non DG,Un Guarded
IIB117,North I,33.692173,73.016028,Non DG,Un Guarded
IIB345,North I,24.90239,67.16929,Non DG,Un Guarded
IIB372,North I,27.60891,66.19926,Non DG,Un Guarded
IIB923,North I,28.58485,66.77885,Non DG,Un Guarded
IIBCOW5,North I,30.27798,68.27881,Non DG,Un Guarded
IIB421,North I,29.00302,65.87253,Non DG,Un Guarded
IIB274,North I,28.75484,63.88601,Non DG,Un Guarded
IIB290,North I,33.891345,73.15701,Non DG,Un Guarded
IIB051,North I,28.60221,68.353644,Non DG,Un Guarded
IIB700,North I,27.66563,66.13699,Non DG,Un Guarded
IIB114,North I,33.692173,73.016028,Non DG,Un Guarded
IIB104,North I,28.12968,67.424283,Non DG,Un Guarded
IIB349,North I,28.91372,63.57578,Non DG,Un Guarded
IRP469,North I,30.28076,67.9095,Non DG,Un Guarded
IIB102,North I,28.73751,66.7236,Non DG,Un Guarded
S-3900,South III,26.4283,67.1179,DG,Guarded
1390,South III,30.188,67.02301,DG,Guarded
2610,North I,33.61131,72.8595,Non DG,Un Guarded
9394,South I,24.94548,67.14934,Non DG,Un Guarded
N-4924,North I,33.72181,73.09502,Non DG,Un Guarded
4682,Central II,30.79991,72.34663,DG,Guarded
N-3293,North II,33.54614,71.5185,Non DG,Un Guarded
1975,South III,30.38283,66.95886,Non DG,Guarded
N-4025,Central II,32.16422,70.32654,DG,Guarded
6660,North I,33.72763,73.05531,Non DG,Un Guarded
N-3496,North II,33.59978,71.3924,Non DG,Un Guarded
2686,North I,33.4857,72.5908,Non DG,Guarded
2841,North I,34.02283,72.91696,Non DG,Un Guarded
2318,North II,33.53255,71.05774,DG,Un Guarded
6622,North II,32.95176,70.71383,DG,Guarded
4936,Central II,31.72918,73.57286,DG,Un Guarded
7900,Central I,32.66301,73.83129,DG,Un Guarded
8985,North I,36.321,74.67034,DG,Guarded
9090,South I,24.87305,67.05357,Non DG,Un Guarded
CII-2551,Central II,30.74511,72.82558,DG,Guarded
4657,Central III,29.10256,70.33092,DG,Guarded
2566,North I,32.72325,72.9542,DG,Guarded
CI-1279,Central I,32.18661,74.21317,Non DG,Un Guarded
3805,Central I,32.32101,73.02516,DG,Guarded
N-4420,North II,34.01303,72.14424,Non DG,Un Guarded
6210,South I,24.86262,67.02194,Non DG,Un Guarded
3714,Central I,31.82428,74.20553,Non DG,Guarded
1499,South III,27.75019,67.16389,DG,Guarded
5396,Central II,31.92598,72.63545,DG,Guarded
7047,Central I,31.48569,74.3658,DG,Un Guarded
5136,Central III,31.16229,71.26957,Non DG,Guarded
2647,North I,32.65554,72.49337,DG,Guarded
1524,Central III,28.31775,70.13414,DG,Guarded
R004,North I,34.1488685,73.7070857,DG,Guarded
9798,South II,27.70301,68.8835,DG,Guarded
3165,Central I,31.557,74.28773,Non DG,Guarded
9277,South I,24.87994,67.06337,Non DG,Un Guarded
6215,South I,24.79764,67.04054,Non DG,Un Guarded
9388,South I,24.936245,67.043263,Non DG,Un Guarded
4155,Central III,29.10304,70.90621,DG,Guarded
5189,Central III,30.48529,70.96639,DG,Guarded
2456,North II,34.18717,72.3271,Non DG,Guarded
6114,South I,24.907942,67.120875,Non DG,Un Guarded
6282,South I,24.83114,67.04242,Non DG,Un Guarded
8697,North II,34.51675,71.95392,Non DG,Un Guarded
2669,North I,32.91396,73.79827,Non DG,Un Guarded
1859,South III,27.68987,66.19526,DG,Guarded
9534,South I,24.95641,66.96456,DG,Guarded
S-3434,South I,24.91125,67.22886,DG,Guarded
9039,South I,24.85607,66.98922,DG,Guarded
9017,South I,24.872,67.01693,DG,Guarded
1277,South II,27.36019,68.72304,DG,Guarded
S-7495,South III,30.139,68.5466,DG,Guarded
S-3623,South III,31.20827,69.4977,DG,Guarded
S-3850,South III,31.04647,69.10272,DG,Guarded
S-3927,South III,31.26698,69.68906,DG,Guarded
S-3521,South III,30.7116,69.12527,DG,Guarded
S-3523,South III,30.92471,69.53294,DG,Guarded
1843,South III,30.09733,67.94154,DG,Guarded
S-7837,South III,30.90895,67.88287,DG,Guarded
9238,South I,24.92177,67.04975,Non DG,Un Guarded
S-3928,South III,31.02938,69.60529,DG,Guarded
N-5058,North I,34.34219,73.46113,Non DG,Un Guarded
S-7534,South III,30.263,68.3704,DG,Guarded
CII-2095,Central III,29.10705,70.31748,Non DG,Un Guarded
6357,South I,24.92343,67.0919,Non DG,Guarded
1233,South II,28.27747,68.4356,DG,Guarded
S-3935,South III,31.181,69.3338,DG,Guarded
CI-1700,Central I,31.36741,74.37108,Non DG,Un Guarded
8619,North I,34.00236,72.92883,DG,Guarded
MSCSukkar,South II,27.711604,68.853495,DG,Un Guarded
5533,Central II,30.96873,72.40497,Non DG,Un Guarded
9846,South I,24.94813,67.01493,DG,Guarded
2451,North II,34.11402,72.02018,DG,Guarded
7069,Central I,31.58278,74.33787,Non DG,Guarded
8878,North I,33.62052,73.05162,Non DG,Un Guarded
9193,South I,24.86796,66.93232,DG,Guarded
4147,Central III,30.17998,71.46142,DG,Un Guarded
N-4724,North I,33.83295,72.80867,Non DG,Un Guarded
6703,North II,34.00126,72.03322,DG,Guarded
7490,Central I,31.582,74.31699,Non DG,Un Guarded
6511,South II,27.55456,68.21876,Non DG,Un Guarded
3692,Central I,32.37044,73.1504,DG,Guarded
2703,North I,34.1946,73.23483,DG,Guarded
3405,Central I,32.5191,74.54054,Non DG,Guarded
S-4441,South II,25.37581,68.36348,Non DG,Un Guarded
N-5101,North I,33.62072,73.14061,Non DG,Un Guarded
N-3110,North I,33.57333,73.12749,Non DG,Un Guarded
8840,North I,33.51889,73.09277,Non DG,Un Guarded
8110,North I,33.70862,73.08268,DG,Guarded
6520,South II,25.15578,69.11033,Non DG,Un Guarded
2952,North II,34.13856,71.73675,DG,Guarded
CI-1679,Central I,32.14031,74.20018,Non DG,Un Guarded
1165,South II,26.13883,68.2704,DG,Guarded
2208,North I,32.97475,73.74935,DG,Guarded
3391,Central I,32.08615,74.44697,DG,Guarded
S-3580,South III,30.2513,68.47318,DG,Guarded
3488,Central I,32.51462,74.51685,DG,Guarded
4073,Central II,31.4516,73.06726,DG,Guarded
8534,North II,34.24213,71.56162,Non DG,Un Guarded
S-3426,South II,25.18031,69.56493,Non DG,Un Guarded
5279,Central III,30.10164,72.71711,Non DG,Un Guarded
2666,North I,33.75966,72.35221,DG,Guarded
3059,Central I,31.50826,74.34919,DG,Guarded
9265,South I,24.8814,67.15197,Non DG,Guarded
FSBRNC02,Central II,31.40995,73.10939,DG,Un Guarded
N-4604,North II,33.00517,71.02688,DG,Guarded
3091,Central I,31.47682,74.37246,Non DG,Un Guarded
3535,Central I,31.9104,74.44101,Non DG,Un Guarded
3G-CII-3022,Central II,31.44351,73.04196,DG,Un Guarded
7995,Central I,31.53679,74.2727,Non DG,Un Guarded
7905,Central I,32.80545,74.16895,DG,Guarded
6029,South I,24.91604,67.0871,Non DG,Un Guarded
1937,South II,28.32031,68.26306,DG,Guarded
S-7563,South III,29.04289,67.82462,Non DG,Un Guarded
3506,Central I,31.6875,74.06476,DG,Un Guarded
9904,South II,25.55719,69.53036,DG,Guarded
3846,Central I,31.77063,73.75042,Non DG,Un Guarded
3722,Central I,31.47684,74.38197,Non DG,Un Guarded
CI-1747,Central I,32.51021,74.39619,Non DG,Un Guarded
6123,South I,24.96395,66.93317,Non DG,Guarded
9578,South I,24.917576,67.00785,Non DG,Un Guarded
2592,North I,32.96226,72.40682,DG,Guarded
N-4194,North II,34.29575,72.24087,Non DG,Un Guarded
9636,South I,24.844823,67.024164,Non DG,Un Guarded
9255,South I,24.86375,66.99192,Non DG,Un Guarded
1924,South III,29.58205,66.73162,DG,Guarded
N-4249,North II,34.21732,72.29879,Non DG,Un Guarded
4120,Central III,30.19898,71.5263,DG,Guarded
2238,North I,32.7054,72.88667,DG,Guarded
8721,North I,33.24854,73.76805,DG,Guarded
3911,Central I,32.09956,74.07106,Non DG,Un Guarded
7646,Central I,31.06037,74.3991,DG,Guarded
4566,Central III,30.29758,73.06101,DG,Guarded
S-7027,South III,30.9405,66.99028,DG,Guarded
7106,Central I,31.51463,74.38013,Non DG,Un Guarded
5672,Central III,29.75554,70.45799,DG,Guarded
7787,Central I,32.38121,74.71877,DG,Guarded
S-3869,South III,26.18795,64.78715,DG,Guarded
S-3868,South III,26.2221,64.8577,DG,Guarded
3402,Central I,32.48678,74.51718,DG,Guarded
8176,North I,33.56855,73.06066,DG,Un Guarded
S-7028,South III,31.0788,66.977,DG,Guarded
CI-1678,Central I,32.16,74.17824,Non DG,Un Guarded
CI-1726,Central I,31.5597,74.3257,Non DG,Un Guarded
1173,South II,25.59928,68.43839,DG,Guarded
2449,North II,34.04267,72.4137,DG,Guarded
S-7142,South II,28.54218,68.21217,Non DG,Guarded
N-5571,North II,34.14776,71.29069,Non DG,Un Guarded
N-5578,North II,34.1252,71.32687,Non DG,Un Guarded
7783,Central I,32.4988,74.54639,DG,Un Guarded
CI-1749,Central I,32.51723,74.56972,Non DG,Un Guarded
5393,Central II,31.73595,72.78991,DG,Guarded
N-5142,North II,33.9978,71.85636,Non DG,Un Guarded
N-5143,North II,34.03952,71.74176,Non DG,Un Guarded
2934,North I,33.12619,71.85305,DG,Guarded
N-5144,North I,33.895226,72.417873,Non DG,Un Guarded
S-3589,South III,30.56636,68.09788,DG,Guarded
S-7036,South III,30.13597,66.57334,DG,Guarded
N-5618,North II,33.3598,70.9549,DG,Guarded
S-7180,South III,26.989722,64.053889,Non DG,Un Guarded
4185,Central III,30.04883,70.63093,DG,Un Guarded
5165,Central II,32.24669,72.10553,DG,Un Guarded
6717,North II,33.97968,71.64821,Non DG,Un Guarded
CII-2679,Central III,30.0513,70.64744,Non DG,Un Guarded
S-3854,South III,26.54885,65.33331,DG,Guarded
S-3863,South III,26.27275,65.54961,DG,Guarded
2649,North I,32.82274,72.38002,DG,Guarded
4066,Central II,31.46625,73.10264,DG,Guarded
S-3959,South III,28.56301,65.07468,DG,Guarded
7062,Central I,31.59151,74.3248,Non DG,Un Guarded
S-7509,South II,28.48539,68.98356,DG,Guarded
N-5597,North II,33.31426,71.70563,DG,Guarded
8628,North II,34.19994,72.0691,Non DG,Un Guarded
7800,Central I,32.58664,74.10478,DG,Un Guarded
4034,Central II,31.45733,73.16002,DG,Guarded
CDAS MSC,Central I,31.51772,74.348617,DG,Un Guarded
1796,South II,24.8561,67.77567,DG,Un Guarded
5448,Central III,28.60675,70.179639,Non DG,Un Guarded
S-3169,South III,30.17474,66.96296,Non DG,Un Guarded
2861,North I,34.37914,73.27368,DG,Guarded
3453,Central I,32.2319,74.75911,DG,Un Guarded
7836,Central I,32.2993,74.14679,Non DG,Un Guarded
5390,Central II,31.82306,72.54117,DG,Guarded
S-3281,South I,24.88296,67.1647,Non DG,Un Guarded
2323,North II,33.52626,71.05458,DG,Guarded
N-4563,North I,33.60026,73.20807,Non DG,Guarded
S-3840,South III,30.84207,68.62354,DG,Guarded
S-7135,South I,24.78676,67.08091,Non DG,Un Guarded
9889,South II,25.40289,68.3902,DG,Guarded
9150,South I,24.92456,67.00774,DG,Guarded
1513,South III,30.17602,67.01587,Non DG,Un Guarded
CII-2022,Central III,30.21742,71.52313,Non DG,Un Guarded
2487,North II,33.01433,70.70239,DG,Guarded
CI-1683,Central I,32.16941,74.21915,Non DG,Un Guarded
N-4035,North I,33.64279,72.95198,Non DG,Guarded
6279,South I,24.8787,67.0541,Non DG,Un Guarded
5104,Central III,31.04853,70.48669,DG,Guarded
9132,South I,24.84998,67.0071,DG,Guarded
1013,South I,24.926083333,67.046972222,DG,Guarded
9978,South II,26.86317,68.36177,Non DG,Un Guarded
2929,North I,33.65874,72.52661,DG,Un Guarded
2724,North I,33.90536,73.38825,DG,Un Guarded
2883,North II,34.057056,71.720597,Non DG,Un Guarded
4496,Central III,29.80481,72.17954,DG,Un Guarded
6071,South II,25.36514,68.36789,Non DG,Un Guarded
9163,South I,24.85178,67.0035,DG,Guarded
8577,North II,33.02434,70.75791,DG,Guarded
8443,North I,33.67547,73.06654,Non DG,Un Guarded
8589,North II,33.42645,70.74131,DG,Guarded
6032,South I,24.82601,67.17221,Non DG,Un Guarded
CI-1026,Central I,32.47733,74.5237,Non DG,Un Guarded
6688,North II,34.00454,71.69833,DG,Un Guarded
6425,South I,24.87403,67.06702,Non DG,Un Guarded
8186,North I,33.72707,73.09289,Non DG,Un Guarded
4128,Central III,30.1999,71.48774,DG,Guarded
PTCL Shahdadpur,South II,25.92422,68.61986,Non DG,Un Guarded
PTCL Sakrand,South II,26.136435,68.27284,Non DG,Un Guarded
PTCL Hydrabad City Exchange,South II,25.38566,68.36074,Non DG,Un Guarded
1469,South III,29.63046,67.92185,DG,Guarded
1995,South III,28.98786,68.00928,DG,Guarded
3121,Central I,31.5975,74.29658,Non DG,Un Guarded
PTCL Naushero Feroz,South II,26.84164,68.119558,Non DG,Un Guarded
PTCL Mirpur Mathelo,South II,28.02452,69.55136,Non DG,Un Guarded
PTCL TMK,South II,25.12322,68.54011,Non DG,Un Guarded
N-4122,North I,33.36745,71.91683,DG,Un Guarded
PTCL Thul,South II,28.23864,68.77321,Non DG,Un Guarded
2356,North II,34.50913,72.42902,DG,Guarded
2127,North II,33.96006,71.50783,DG,Guarded
8567,North II,33.58336,71.43503,Non DG,Un Guarded
N-4149,North II,33.48339,70.70418,Non DG,Un Guarded
4654,Central III,29.29783,70.45417,DG,Guarded
8227,North I,33.52939,73.17595,Non DG,Un Guarded
CII-2590,Central III,31.13165,70.51134,Non DG,Un Guarded
1067,South I,24.904861111,67.020611111,Non DG,Un Guarded
S-3593,South III,30.59261,69.09801,DG,Guarded
2923,North I,33.76981,72.32677,Non DG,Un Guarded
3626,Central I,32.526742,73.969921,Non DG,Un Guarded
5736,Central III,30.17846,71.51206,Non DG,Guarded
9249,South I,24.94309,67.0866,DG,Un Guarded
9743,South II,27.971168333,67.649496666,DG,Guarded
S-3121,South I,24.97939,66.99754,Non DG,Un Guarded
3540,Central I,31.21619,73.95915,DG,Un Guarded
4834,Central III,29.1038,70.3265,Non DG,Un Guarded
S-3795,South III,27.41748,63.23436,DG,Guarded
S-3551,South III,30.9636,67.75075,DG,Guarded
1823,South III,29.03151,66.59273,DG,Guarded
6529,South II,28.00747,69.3195,Non DG,Un Guarded
2021,North I,33.58502,73.02592,DG,Guarded
9346,South I,24.82932,67.07352,DG,Un Guarded
6900,Central II,32.30127,72.05465,DG,Un Guarded
4402,Central II,30.53587,72.69811,DG,Un Guarded
CI-1821,Central I,31.4536,74.2311,Non DG,Un Guarded
CI-1833,Central I,31.5109,74.2501,Non DG,Un Guarded
CI-1824,Central I,31.4248,74.2409,Non DG,Un Guarded
CI-1818,Central I,31.3664,74.260905,Non DG,Un Guarded
CI-1825,Central I,31.3396,74.149848,Non DG,Un Guarded
4875,Central III,29.11762,71.48015,Non DG,Un Guarded
7288,Central I,31.53201,74.2841,Non DG,Un Guarded
S-3016,South I,24.88743,67.20077,Non DG,Un Guarded
CII-2776,Central II,30.787472,72.860411,Non DG,Un Guarded
CI-1918,Central I,31.69892,74.0428,Non DG,Un Guarded
CI-1943,Central I,31.3178783,74.37398,Non DG,Un Guarded
CI-1905,Central I,32.77581,73.93814,Non DG,Un Guarded
CII-2820,Central III,29.88217,70.7381,Non DG,Un Guarded
CI-1927,Central I,32.83191,73.86369,Non DG,Un Guarded
CII-2883,Central II,31.248896,72.955,Non DG,Un Guarded
N-4454,North I,33.02707,72.80284,DG,Un Guarded
CII-2778,Central II,30.781898,72.797312,Non DG,Un Guarded
CI-1919,Central I,31.69156,74.03486,Non DG,Un Guarded
3578,Central I,31.37648,74.36393,Non DG,Un Guarded
CII-2843,Central II,32.34915,71.49426,Non DG,Un Guarded
CI-1906,Central I,32.68604,73.95934,Non DG,Un Guarded
CI-1817,Central I,31.3806,74.2645,Non DG,Un Guarded
CI-1822,Central I,31.3642,74.1897,Non DG,Un Guarded
CI-1830,Central I,32.4904,74.5164,Non DG,Un Guarded
CI-1909,Central I,31.46408,74.20285,Non DG,Un Guarded
N-4522,North I,33.17774,73.16566,Non DG,Un Guarded
N-4446,North I,32.94558,72.17093,Non DG,Un Guarded
N-4569,North I,32.81411,73.51377,Non DG,Un Guarded
N-4532,North I,33.197,73.21925,Non DG,Un Guarded
N-4851,North I,33.69472,72.71496,Non DG,Un Guarded
N-5844,North I,32.93959,72.85908,Non DG,Un Guarded
N-4425,North I,32.991792,72.676837,DG,Un Guarded
N-4458,North I,32.83531,72.28983,Non DG,Un Guarded
N-4512,North I,33.19965,73.17623,Non DG,Un Guarded
CII-2036,Central II,30.65086,73.09744,Non DG,Un Guarded
N-4409,North I,33.06574,72.18285,Non DG,Un Guarded
N-4551,North I,33.4749,73.13109,Non DG,Un Guarded
N-4040,North I,33.21098,72.91629,Non DG,Un Guarded
N-4465,North I,32.86722,72.32498,Non DG,Un Guarded
N-4528,North I,33.25244,73.26872,Non DG,Un Guarded
1201,South II,27.69649,68.871872,Non DG,Un Guarded
CI-1178,Central I,32.5638,74.13312,Non DG,Un Guarded
3956,Central I,31.70142,74.06713,DG,Un Guarded
3799,Central I,32.0951,74.9752,DG,Guarded
N-4529,North I,33.146669,73.33494,Non DG,Un Guarded
4821,Central II,30.56089,72.78794,DG,Guarded
S-3042,South II,28.3824,69.16245,Non DG,Un Guarded
S-3329,South III,30.82988,67.77332,Non DG,Un Guarded
S-3037,South II,28.19107,69.13568,Non DG,Un Guarded
S-3039,South II,28.30288,69.31674,Non DG,Un Guarded
S-3321,South II,27.93485,68.58782,Non DG,Un Guarded
S-3053,South II,28.13497,67.82387,Non DG,Un Guarded
S-3322,South II,27.9776,68.68551,Non DG,Un Guarded
S-3103,South II,28.46819,68.27947,Non DG,Un Guarded
3G-CI-1549,Central I,31.1517,73.91824,Non DG,Un Guarded
S-3079,South II,27.6718,68.06243,Non DG,Un Guarded
9293,South I,24.91344,67.1126,Non DG,Guarded
N-4460,North II,32.99856,70.78513,DG,Guarded
9061,South I,24.90905,67.13045,Non DG,Guarded
S-3256,South III,30.125294,66.945647,Non DG,Un Guarded
S-3111,South II,25.98505,68.89647,Non DG,Un Guarded
S-3323,South II,27.95864,68.64986,Non DG,Un Guarded
S-3045,South II,27.98807,67.96275,Non DG,Un Guarded
2704,North I,34.16393,73.26093,DG,Guarded
S-3354,South III,30.35641,66.95816,Non DG,Un Guarded
S-3038,South II,28.24008,68.47124,Non DG,Un Guarded
S-3231,South III,30.74004,66.88968,Non DG,Un Guarded
3231,Central I,31.55792,74.39222,Non DG,Un Guarded
4507,Central II,30.82239,73.45669,DG,Un Guarded
S-3162,South III,30.92422,66.4909,Non DG,Un Guarded
8992,North I,33.03305,73.85357,DG,Guarded
S-7790,South III,27.76876,66.51887,Non DG,Un Guarded
S-7620,South III,29.54912,66.5769,Non DG,Un Guarded
S-3349,South III,30.35298,66.93871,Non DG,Un Guarded
S-3040,South II,28.36583,69.21689,Non DG,Un Guarded
S-3347,South III,30.36826,66.9408,Non DG,Un Guarded
S-3099,South II,28.43971,68.08918,Non DG,Un Guarded
S-3174,South III,30.82996,67.69655,Non DG,Un Guarded
CII-2146,Central III,29.98663,70.696031,Non DG,Un Guarded
6369,South I,24.84435,67.10267,DG,Guarded
8518,North II,34.99712,72.0341,Non DG,Un Guarded
4175,Central III,29.349,71.55129,DG,Un Guarded
5837,Central II,31.30502,72.31974,DG,Guarded
2685,North I,33.44017,72.01538,DG,Un Guarded
9212,South I,24.90988,67.06343,Non DG,Un Guarded
3015,Central I,31.48699,74.30572,DG,Guarded
8602,North I,33.73692,72.81802,DG,Un Guarded
1262,South II,27.55072,68.219156,DG,Guarded
1475,South III,30.0988,67.9365,DG,Guarded
9989,South II,26.68933,67.61324,Non DG,Un Guarded
9204,South I,24.93375,67.07932,Non DG,Un Guarded
7254,Central I,31.58081,74.292,Non DG,Un Guarded
9060,South I,24.86031,67.08176,DG,Un Guarded
3334,Central I,32.1218,74.1769,DG,Un Guarded
7643,Central I,31.42186,74.29832,Non DG,Guarded
1094,South I,24.96917,67.18675,DG,Guarded
8639,North II,34.13578,72.46922,DG,Guarded
6049,South I,24.8909,67.02843,Non DG,Un Guarded
R018,North I,33.6065839,73.2208056,DG,Guarded
3G-N-1869,North I,33.7116,73.0573,Non DG,Un Guarded
5715,Central II,31.26195,72.3426,Non DG,Un Guarded
8070,North I,33.69674,73.04173,DG,Un Guarded
6968,Central III,29.65842,70.97411,Non DG,Un Guarded
6618,North I,33.75494,72.76249,DG,Guarded
2700,North I,34.14709,73.20509,DG,Guarded
8283,North I,33.56784,73.0499,Non DG,Un Guarded
7014,Central I,31.51164,74.43923,Non DG,Guarded
N-4042,North I,33.59934,73.13225,Non DG,Un Guarded
CII-2072,Central III,31.16919,71.10925,DG,Guarded
4498,Central III,28.68544,69.95037,DG,Guarded
S-3774,South III,28.947652,65.074572,DG,Guarded
8026,North I,33.68069,73.00917,Non DG,Un Guarded
CII-2683,Central III,30.06184,70.65257,DG,Guarded
8055,North I,33.71988,73.07707,DG,Un Guarded
3189,Central I,31.48169,74.41925,Non DG,Un Guarded
4704,Central II,32.08339,72.69701,DG,Un Guarded
3266,Central I,31.52919,74.3588,Non DG,Un Guarded
3126,Central I,31.60952,74.33992,Non DG,Un Guarded
8160,North I,33.58462,73.10626,DG,Guarded
3323,Central I,32.17069,74.1795,DG,Guarded
5364,Central II,31.64918,72.32952,DG,Guarded
8886,North II,34.02469,71.57397,Non DG,Un Guarded
CII-2283,Central III,30.7712,70.9333,Non DG,Un Guarded
2821,North I,33.73966,72.79869,DG,Guarded
8053,North I,33.6615,73.06682,DG,Guarded
CI-1092,Central I,32.07256,73.6985,Non DG,Un Guarded
6153,South I,24.903367,67.115304,Non DG,Un Guarded
6677,North II,34.00661,71.59466,Non DG,Un Guarded
3322,Central I,32.17139,74.165,DG,Guarded
8672,North II,34.00828,71.4997,DG,Guarded
1310,South I,24.85734,67.08401,Non DG,Un Guarded
S-3047,South III,30.5903,67.02998,Non DG,Un Guarded
8631,North II,34.24621,71.85031,Non DG,Un Guarded
CI-1625,Central I,31.53312,74.31628,Non DG,Un Guarded
8187,North I,33.53029,73.13544,Non DG,Un Guarded
2530,North I,33.22955,73.12293,DG,Guarded
9381,South I,24.93906,67.00556,Non DG,Un Guarded
8440,North I,33.71214,73.05762,Non DG,Un Guarded
1035,South I,24.887833333,67.1495,DG,Un Guarded
N-4818,North II,35.22116,71.98761,Non DG,Un Guarded
9314,South I,24.84951,67.22738,DG,Guarded
2911,North II,34.12174,72.46645,DG,Guarded
9504,South I,24.98909,67.07298,DG,Guarded
S-3073,South II,27.9505,68.64872,DG,Un Guarded
S-3734,South III,28.27511,67.21034,DG,Guarded
9337,South I,24.95278,67.11319,Non DG,Guarded
7818,Central I,31.36865,74.18211,Non DG,Guarded
4424,Central III,30.42612,72.30951,DG,Guarded
8255,North I,33.58578,73.02058,Non DG,Un Guarded
1855,South III,28.97493,61.55413,DG,Guarded
7088,Central I,31.54568,74.41648,Non DG,Un Guarded
3497,Central I,32.21065,74.58343,DG,Guarded
5512,Central II,30.62839,73.0134,Non DG,Un Guarded
6439,South I,24.8807,67.1352,Non DG,Un Guarded
6941,Central II,32.080194,71.608361,Non DG,Un Guarded
7248,Central I,31.51868,74.3597,Non DG,Un Guarded
6896,Central III,30.0575,70.63876,Non DG,Un Guarded
2118,North II,33.96051,71.56105,DG,Guarded
1987,South III,30.09919,66.9911,DG,Un Guarded
6625,North II,32.99485,70.62479,DG,Un Guarded
6769,South II,25.34089,68.2635,Non DG,Un Guarded
S-3557,South III,30.8081,69.01667,DG,Guarded
3125,Central I,31.57731,74.32959,Non DG,Un Guarded
CI-1263,Central I,31.54384,74.48632,Non DG,Guarded
CI-1570,Central I,31.46233,74.36564,Non DG,Un Guarded
7079,Central I,31.54853,74.39216,Non DG,Un Guarded
2036,North I,33.60886,73.0209,DG,Guarded
3101,Central I,31.57086,74.41809,Non DG,Un Guarded
8517,North II,34.86204,71.96164,Non DG,Un Guarded
7549,Central I,31.58419,74.32059,Non DG,Un Guarded
N-4639,North I,33.626333,72.92514,Non DG,Un Guarded
8784,North I,33.60722,73.94894,Non DG,Un Guarded
7255,Central I,31.57602,74.30317,Non DG,Guarded
CII-2699,Central III,30.9572,70.7439,DG,Un Guarded
8536,North II,34.0243,72.04042,Non DG,Un Guarded
CII-2244,Central II,31.72368,72.98908,Non DG,Un Guarded
1555,South II,26.03255,68.93679,DG,Guarded
9861,South I,24.92691,67.00042,Non DG,Un Guarded
3515,Central I,31.7218,73.9679,DG,Un Guarded
N-4464,North II,33.90777,71.6953,Non DG,Un Guarded
S-3780,South III,29.47181,64.76545,DG,Guarded
2507,North I,33.36277,73.2402,DG,Guarded
S-3005,South I,24.81578,67.08211,Non DG,Un Guarded
8950,North I,33.72937,73.67859,DG,Guarded
8533,North II,34.21796,71.74709,Non DG,Un Guarded
1846,South III,29.34627,66.63651,DG,Guarded
PTCL OSN,Central II,31.423738,73.079135,Non DG,Un Guarded
3032,Central I,31.56664,74.29698,Non DG,Guarded
4538,Central II,30.65167,73.14212,DG,Guarded
4918,Central III,30.69781,70.94311,DG,Guarded
2293,North I,33.13011,73.17164,Non DG,Un Guarded
1644,Central III,28.6505,70.65439,DG,Guarded
1779,South II,25.17718,69.54591,Non DG,Un Guarded
1092,South I,24.868805556,67.008861111,Non DG,Guarded
CII-2639,Central III,29.72052,70.88303,Non DG,Un Guarded
6871,Central III,30.19335,71.46652,Non DG,Un Guarded
9001,South I,24.84572,66.97801,Non DG,Guarded
1980,South III,29.88754,69.19971,DG,Guarded
CI-1032,Central I,32.33507,74.29735,Non DG,Un Guarded
3531,Central I,31.98917,74.6638,Non DG,Un Guarded
N-4750,North II,34.02418,71.67352,DG,Guarded
9413,South I,24.93027,67.05743,Non DG,Un Guarded
N-4618,North I,33.01051,73.86925,Non DG,Un Guarded
1452,South III,30.58212,66.99698,DG,Guarded
6311,South I,24.83084,67.07447,Non DG,Un Guarded
7821,Central I,32.4795,73.97899,DG,Guarded
1247,South II,27.45647,68.76556,DG,Guarded
6421,South I,24.83815,67.19653,Non DG,Un Guarded
1741,South II,24.65308,68.5383,Non DG,Un Guarded
8239,North I,33.709,73.05541,DG,Un Guarded
2988,North I,33.86057,72.45109,DG,Guarded
4695,Central II,30.44582,73.69999,DG,Un Guarded
8068,North I,33.74355,73.13591,DG,Guarded
9111,South I,24.8665,67.05704,DG,Un Guarded
S-3422,South II,27.83444,67.91007,Non DG,Un Guarded
4788,Central II,31.32939,73.41173,Non DG,Un Guarded
6861,Central III,30.32233,70.54268,Non DG,Un Guarded
4272,Central III,30.583576,72.024597,DG,Guarded
9452,South I,24.93162,67.03129,DG,Guarded
6157,South I,24.91063,67.12447,Non DG,Un Guarded
S-3720,South III,27.3594,66.553,DG,Guarded
9737,South II,27.3804435,67.91758446,Non DG,Un Guarded
7730,Central I,32.32128,74.56059,DG,Un Guarded
CII-2010,Central III,29.39422,71.64843,Non DG,Un Guarded
3G-CI-1000,Central I,31.673,74.271,Non DG,Un Guarded
CII-2529,Central II,30.83215,72.87547,Non DG,Un Guarded
2055,North I,33.64892,73.05953,DG,Guarded
N-5588,North II,33.10981,71.7009,DG,Guarded
5374,Central II,31.2342,72.62435,Non DG,Un Guarded
6293,South II,25.367,68.34919,Non DG,Un Guarded
1295,South II,26.42162,67.86507,DG,Guarded
8136,North I,33.61758,73.07051,DG,Un Guarded
1991,South III,29.86514,67.33157,DG,Guarded
5347,Central II,30.86609,72.77485,DG,Un Guarded
8062,North I,33.71611,73.04325,DG,Guarded
N-4155,North I,32.75737,73.5124,DG,Un Guarded
5190,Central III,30.57518,71.23416,Non DG,Un Guarded
2842,North I,34.02971,72.67853,Non DG,Un Guarded
9121,South I,24.91118,67.02292,DG,Guarded
2797,North I,34.58254,73.1414,DG,Un Guarded
2697,North II,33.83701,72.14181,Non DG,Un Guarded
6751,South I,25.0336,67.05697,DG,Guarded
9406,South I,24.90026,67.11544,DG,Guarded
5821,Central II,30.80685,73.45085,Non DG,Un Guarded
9396,South I,24.86439,67.0093,Non DG,Un Guarded
3191,Central I,31.59692,74.3688,Non DG,Guarded
1552,South II,26.04645,68.95379,DG,Guarded
4902,Central II,31.25844,71.42991,DG,Guarded
1669,South III,27.81311,66.60973,DG,Guarded
9359,South I,24.85538,67.01278,Non DG,Un Guarded
4967,Central III,30.0438,70.6225,DG,Guarded
2826,North I,33.85262,72.85054,DG,Guarded
8344,North I,33.7152,73.1019,,
4440,Central III,30.407,71.86436,DG,Guarded
9552,South I,24.80475,67.05723,Non DG,Un Guarded
N-4950,North II,32.9806,70.60047,DG,Guarded
6697,North I,33.13363,73.42158,DG,Guarded
1126,South II,25.38597,68.35095,DG,Guarded
1071,South I,24.887805556,67.019972222,DG,Guarded
7629,Central I,31.64384,74.0845,DG,Guarded
8092,North I,33.58865,73.03175,DG,Guarded
8763,North I,33.12607,73.88078,DG,Guarded
3373,Central I,32.04281,74.25481,DG,Guarded
4553,Central III,30.10726,72.52286,DG,Guarded
CI-1484,Central I,31.4043,74.35884,Non DG,Un Guarded
2016,North I,33.69313,73.05951,DG,Guarded
2557,North I,33.44708,73.50581,DG,Guarded
1511,Central III,28.47929,70.40144,DG,Guarded
4850,Central II,30.88212,72.78307,DG,Un Guarded
1649,South II,27.85689,69.11225,Non DG,Un Guarded
N-5138,North I,33.6105,73.1468,Non DG,Un Guarded
5283,Central III,30.16071,72.70463,Non DG,Un Guarded
5041,Central III,30.14162,71.56194,DG,Guarded
N-5456,North II,33.930855,71.45531,Non DG,Un Guarded
6572,South I,25.032363,67.068523,Non DG,Un Guarded
9067,South I,24.87185,67.19664,DG,Guarded
3152,Central I,31.54127,74.29018,Non DG,Un Guarded
9040,South I,24.85031,67.02935,DG,Un Guarded
6102,South II,27.69314,68.8678,Non DG,Un Guarded
8180,North I,33.66819,73.0663,DG,Guarded
7533,Central I,31.58126,74.31314,Non DG,Un Guarded
1637,South II,28.061418,69.338351,Non DG,Un Guarded
CII-2098,Central II,30.6972,72.69787,Non DG,Un Guarded
4148,Central III,30.23574,71.49251,DG,Guarded
6385,South I,24.79973,67.14572,Non DG,Guarded
2757,North I,34.74482,72.9824,DG,Guarded
6920,Central II,31.07342,72.1841,Non DG,Un Guarded
9709,South II,28.37925,69.36651,DG,Un Guarded
6902,Central II,32.50305,72.44288,DG,Guarded
CII-2559,Central III,30.02821,70.64642,Non DG,Un Guarded
6718,North I,33.03511,73.67995,DG,Un Guarded
3G-N-2023,North II,34.00096,71.47383,Non DG,Un Guarded
9828,South II,25.35607,68.26781,DG,Un Guarded
N-4282,North II,34.49769,72.39847,Non DG,Un Guarded
N-4705,North II,33.50909,71.38361,DG,Un Guarded
1051,South I,24.873388889,66.98375,DG,Guarded
CI-1658,Central I,31.53393,74.29914,Non DG,Un Guarded
8735,North I,35.36098,74.8568,Non DG,Un Guarded
3468,Central I,32.30655,74.68201,DG,Guarded
3G-N-1776,North I,34.21427,73.24282,Non DG,Un Guarded
6546,South III,30.15724,67.00762,Non DG,Un Guarded
N-4260,North II,34.1877,71.75893,Non DG,Guarded
4944,Central III,29.19251,71.37744,Non DG,Guarded
5346,Central II,30.82987,72.8101,DG,Guarded
N-4157,North I,32.89855,73.64969,Non DG,Un Guarded
2503,North I,33.13612,73.4031,DG,Un Guarded
8008,North I,33.63226,73.10649,Non DG,Un Guarded
1072,South I,24.858555556,67.009166667,Non DG,Guarded
4495,Central III,29.79932,72.17206,DG,Guarded
5474,Central II,31.29041,72.86982,Non DG,Un Guarded
5417,Central II,32.09085,72.20163,DG,Guarded
2856,North I,34.40239,73.38057,DG,Guarded
1026,South I,24.829194444,67.079194444,DG,Un Guarded
CII-2166,Central II,30.64631,73.19637,Non DG,Un Guarded
4519,Central II,30.90003,73.40936,DG,Un Guarded
N-4129,North I,33.97435,73.74557,Non DG,Un Guarded
7763,Central I,32.43509,74.53082,DG,Guarded
3851,Central I,31.12415,74.03095,DG,Guarded
ULRR33,South III,30.5962,68.03442,DG,Guarded
3517,Central I,31.70193,74.00432,Non DG,Un Guarded
3703,Central I,32.41451,74.46191,DG,Guarded
4616,Central III,29.02159,70.97253,DG,Guarded
9316,South I,24.91392,67.08114,DG,Un Guarded
3596,Central I,31.324,73.79755,DG,Guarded
9834,South II,25.35485,68.35851,DG,Guarded
1470,South III,29.52962,68.13431,DG,Guarded
4224,Central II,31.26955,72.32983,DG,Un Guarded
5156,Central II,32.45723,71.47672,DG,Un Guarded
S-3637,South III,28.90188,66.58811,DG,Guarded
1052,South I,24.860277778,67.031777778,DG,Guarded
8948,North I,34.15587,73.83715,DG,Guarded
N-4007,North I,33.58832,73.102,Non DG,Un Guarded
9046,South I,24.82797,67.02436,Non DG,Un Guarded
7033,Central I,31.56751,74.39692,Non DG,Guarded
7311,Central I,31.61897,74.2698,Non DG,Un Guarded
3614,Central I,32.59329,74.0668,DG,Un Guarded
N-4411,North II,34.05725,71.46982,DG,Un Guarded
3035,Central I,31.44035,74.26809,DG,Guarded
2242,North I,33.08073,73.63012,DG,Guarded
6411,South I,24.92495,67.02121,Non DG,Un Guarded
5778,Central III,30.49841,70.7201,DG,Guarded
7545,Central I,31.58419,74.32059,Non DG,Un Guarded
5450,Central III,28.42002,70.2857,DG,Guarded
2039,North I,33.5548,73.06025,DG,Guarded
7781,Central I,32.52716,74.60765,Non DG,Un Guarded
6453,South I,24.88331,67.14756,Non DG,Un Guarded
1614,South III,30.11445,66.97522,DG,Guarded
CI-1065,Central I,32.2888,74.9775,DG,Un Guarded
8565,North II,33.39323,71.34117,DG,Un Guarded
8233,North I,33.48988,73.04251,Non DG,Un Guarded
1339,South II,24.93468,68.70953,DG,Guarded
6223,South I,24.91888,67.07586,Non DG,Guarded
2302,North II,33.5873055555555,71.4351111111111,DG,Guarded
2429,North I,33.79975,73.29702,DG,Guarded
FSBRNC01,Central II,31.40995,73.10939,DG,Un Guarded
6083,South I,24.93151,67.13182,Non DG,Un Guarded
7227,Central I,31.55737,74.28161,Non DG,Un Guarded
1317,South II,25.51192,69.01922,DG,Un Guarded
S-3690,South III,27.7917,66.3666,DG,Guarded
1515,South II,28.10033,68.93436,DG,Un Guarded
7320,Central I,31.42,74.2928,Non DG,Un Guarded
3120,Central I,31.58364,74.28735,Non DG,Un Guarded
8052,North I,33.63765,73.08173,DG,Guarded
CII-2361,Central III,29.357048,70.471033,Non DG,Un Guarded
3753,Central I,31.8698,73.67425,DG,Guarded
9548,South I,24.89723,67.04732,Non DG,Un Guarded
CI-1354,Central I,32.53335,74.48802,Non DG,Un Guarded
6107,South II,25.96057,67.49911,DG,Un Guarded
CII-2378,Central III,30.978877,70.950809,Non DG,Un Guarded
9284,South I,24.8871,67.02894,Non DG,Un Guarded
5234,Central III,29.86663,72.84008,DG,Guarded
CII-2379,Central III,30.17001,72.69863,Non DG,Un Guarded
CI-1164,Central I,31.4678,74.294,Non DG,Un Guarded
N-3020,North I,33.62512,72.97569,Non DG,Un Guarded
S-3362,South III,31.33837,69.4232,Non DG,Un Guarded
S-4238,South II,28.63544,69.1948,Non DG,Un Guarded
S-7041,South II,27.56983,68.20231,Non DG,Un Guarded
S-4218,South III,30.10728,66.92646,Non DG,Un Guarded
S-3342,South III,26.97084,64.13861,Non DG,Un Guarded
S-4149,South II,27.84718,67.89595,Non DG,Un Guarded
2253,North I,32.9406,73.7407,Non DG,Un Guarded
N-3031,North I,33.61752,73.11805,Non DG,Un Guarded
N-3034,North II,32.94651,70.67111,Non DG,Un Guarded
S-7421,South III,25.99496,62.95928,Non DG,Un Guarded
CII-2359,Central II,30.736813,72.644003,Non DG,Un Guarded
3157,Central I,31.51059,74.34359,Non DG,Un Guarded
4380,Central II,31.62506,71.06435,Non DG,Un Guarded
2465,North II,34.18258,71.54905,DG,Guarded
CII-2342,Central III,30.442587,70.5727,Non DG,Un Guarded
7534,Central I,31.58297,74.31323,Non DG,Un Guarded
S-3201,South II,25.53565,69.02992,DG,Guarded
PSHBSC02,North II,34.012026,71.56674,Non DG,Un Guarded
PSHBSC01,North II,34.012026,71.56674,Non DG,Un Guarded
CI-1224,Central I,32.556313,74.073943,Non DG,Un Guarded
N-4382,North II,34.76292,72.37603,Non DG,Un Guarded
CI-1217,Central I,31.38505,74.15012,Non DG,Un Guarded
1083,South I,24.850611111,67.134055556,DG,Guarded
6046,South I,24.88286,67.05017,Non DG,Un Guarded
CII-2215,Central III,28.41911,70.33802,Non DG,Un Guarded
7483,Central I,32.49564,74.53758,Non DG,Un Guarded
4827,Central III,29.17963,70.38393,DG,Guarded
7623,Central I,31.24472,73.97477,DG,Guarded
CI-1208,Central I,31.47334,74.29597,Non DG,Un Guarded
N-3600,North I,33.674047,72.97914,Non DG,Un Guarded
8205,North I,33.58185,73.0309,Non DG,Un Guarded
N-3597,North I,33.54876,73.05676,Non DG,Un Guarded
N-5927,North II,32.97623,70.60101,Non DG,Un Guarded
N-3042,North II,32.94106,70.73285,Non DG,Un Guarded
S-7400,South III,30.22855,66.95265,Non DG,Un Guarded
N-3052,North II,33.60884,71.43201,Non DG,Un Guarded
S-7882,South I,25.054682,66.896928,Non DG,Un Guarded
N-3053,North II,32.9687,70.695,Non DG,Un Guarded
2657,North I,33.64389,73.23417,Non DG,Un Guarded
N-5389,North II,34.00681,71.38228,Non DG,Un Guarded
CII-8047,Central III,28.94869,70.34566,Non DG,Un Guarded
N-5094,North I,33.83202,73.76211,Non DG,Un Guarded
N-3040,North II,32.96492,70.57352,Non DG,Un Guarded
N-4310,North I,32.90359,73.75927,Non DG,Un Guarded
N-4490,North I,33.67042,72.86612,Non DG,Un Guarded
N-3255,North I,33.65559,72.98793,Non DG,Un Guarded
6956,Central II,30.699016,73.233,Non DG,Un Guarded
4795,Central II,30.81429,72.8117,DG,Guarded
N-3546,North I,33.71786,73.0731,Non DG,Un Guarded
N-5810,North I,33.69492,72.97755,Non DG,Un Guarded
3063,Central I,31.58127,74.33032,DG,Guarded
5641,Central III,29.85313,70.50704,DG,Guarded
N-3054,North I,33.52414,73.15251,Non DG,Un Guarded
N-5251,North I,33.6851,73.21305,Non DG,Un Guarded
N-3102,North II,34.014,72.029,Non DG,Un Guarded
8137,North I,33.60544,73.05716,DG,Un Guarded
6838,Central II,31.40825,73.09881,Non DG,Un Guarded
9487,South I,24.84526,67.22678,DG,Guarded
S-3662,South III,28.20033,66.41766,DG,Guarded
N-3258,North I,33.64439,72.90389,Non DG,Un Guarded
N-5854,North I,33.63702,72.96923,Non DG,Un Guarded
N-3250,North I,33.77642,73.81089,Non DG,Un Guarded
N-3356,North II,34.05866,71.750315,Non DG,Un Guarded
N-3259,North I,33.64888,72.896,Non DG,Un Guarded
2736,North I,33.59382,73.38631,DG,Guarded
7361,Central I,31.58083,74.31757,Non DG,Un Guarded
N-3079,North I,33.73477,73.17575,Non DG,Un Guarded
4710,Central II,32.07755,72.65452,DG,Un Guarded
N-5841,North II,33.86829,71.43431,Non DG,Un Guarded
S-3441,South I,24.965796,67.126612,Non DG,Un Guarded
S-4388,South I,24.97592,67.16401,Non DG,Un Guarded
5619,Central II,32.10188,72.65819,Non DG,Un Guarded
S-4313,South I,24.934855,67.148338,Non DG,Un Guarded
6206,South I,24.79575,67.04909,Non DG,Un Guarded
S-3151,South III,27.369447,66.374055,Non DG,Un Guarded
S-4400,South II,28.63141,69.17142,Non DG,Un Guarded
S-7885,South III,30.24036,67.0099,Non DG,Un Guarded
S-4397,South II,28.625648,69.17675,Non DG,Un Guarded
S-4268,South II,24.73807,69.80316,Non DG,Un Guarded
S-7966,South I,25.04377,66.87325,Non DG,Un Guarded
S-3046,South II,28.23326,69.16736,DG,Un Guarded
N-5248,North I,33.55188,73.1392,Non DG,Un Guarded
9143,South I,24.9694,67.04148,DG,Guarded
9439,South I,24.95922,66.97464,DG,Guarded
S-3295,South II,27.54332,68.21452,DG,Un Guarded
N-4109,North I,33.5468,73.0189,Non DG,Un Guarded
S-4371,South I,24.99723,67.133579,Non DG,Un Guarded
S-4703,South II,28.48377,69.59283,Non DG,Un Guarded
S-4142,South I,24.88779,66.97553,Non DG,Un Guarded
S-4286,South I,24.9135,67.09044,Non DG,Un Guarded
4032,Central II,31.43798,73.09453,Non DG,Un Guarded
9615,South I,24.8271,67.03794,Non DG,Un Guarded
S-7339,South II,27.84855,67.9175,Non DG,Un Guarded
S-4179,South I,24.90062,67.11368,Non DG,Un Guarded
S-3504,South I,24.89655,67.15695,Non DG,Un Guarded
S-7334,South I,24.85003,67.03744,Non DG,Un Guarded
S-3824,South III,30.90226,67.62897,DG,Guarded
S-4063,South III,30.1738,67.8918,DG,Guarded
7059,Central I,31.58931,74.42154,Non DG,Un Guarded
S-3520,South III,30.58294,68.43537,DG,Guarded
6832,Central II,31.418,73.07913,Non DG,Un Guarded
8282,North I,33.55473,73.17318,Non DG,Un Guarded
5516,Central II,31.22746,72.28002,DG,Guarded
S-4696,South III,25.28967,62.26266,DG,Guarded
S-4064,South III,29.60324,67.84048,DG,Guarded
S-4718,South I,24.9311,67.06669,Non DG,Un Guarded
S-4074,South III,26.04222,63.1455,DG,Guarded
9187,South I,24.84027,67.09908,DG,Guarded
5065,Central III,30.29732,72.13375,DG,Guarded
9551,South I,24.81575,67.07463,Non DG,Un Guarded
S-4337,South I,24.963545,66.925271,Non DG,Un Guarded
S-4464,South I,24.87802,67.14666,Non DG,Un Guarded
S-4367,South I,25.03091,66.89349,DG,Un Guarded
S-4498,South I,24.81342,67.10479,Non DG,Un Guarded
S-3251,South II,27.84387,67.89826,Non DG,Un Guarded
3G-CII-3405,Central II,31.26896,72.32359,Non DG,Un Guarded
S-4741,South II,25.30501,69.45947,Non DG,Un Guarded
S-7918,South II,25.37984,68.31742,Non DG,Un Guarded
8294,North I,33.5585376,72.8357059,DG,Guarded
S-4326,South I,25.010074,67.11856,Non DG,Un Guarded
S-4522,South I,24.96595,67.0916,Non DG,Un Guarded
1093,South I,24.873694444,67.184583333,DG,Guarded
N-3823,North II,32.93274,70.66928,Non DG,Un Guarded
7517,Central I,31.56383,74.31871,Non DG,Un Guarded
3170,Central I,31.62227,74.28182,Non DG,Un Guarded
2279,North I,32.92785,72.4108,DG,Guarded
6566,South I,24.98804,67.06088,Non DG,Un Guarded
7803,Central I,32.6096,74.0768,Non DG,Un Guarded
5691,Central II,30.70797,73.62233,Non DG,Un Guarded
4611,Central III,29.38009,71.67207,Non DG,Un Guarded
6865,Central III,30.19375,71.47575,Non DG,Un Guarded
9049,South I,24.78712,67.0575,Non DG,Guarded
6056,South I,24.96753,67.06318,Non DG,Un Guarded
5851,Central III,30.1724,71.47505,Non DG,Un Guarded
8928,North I,34.03525,73.58098,DG,Guarded
N-4015,North I,34.00465,72.85751,Non DG,Un Guarded
9216,South I,24.89651,67.05842,DG,Guarded
CII-2132,Central III,30.108889,71.042056,Non DG,Un Guarded
3304,Central I,32.15529,74.16603,DG,Guarded
2969,North II,34.28392,72.14992,Non DG,Un Guarded
3044,Central I,31.62609,74.30597,DG,Guarded
S-7766,South III,25.13629,62.32234,Non DG,Un Guarded
S-7785,South III,27.77091,66.66832,Non DG,Un Guarded
S-7765,South III,25.12354,62.32254,Non DG,Un Guarded
S-7819,South III,30.18199,67.71418,Non DG,Un Guarded
S-7448,South III,27.8633,66.60447,Non DG,Un Guarded
S-7820,South III,30.07328,67.95556,Non DG,Un Guarded
S-7746,South III,29.07099,66.58876,Non DG,Un Guarded
S-7445,South III,27.801725,66.618758,Non DG,Un Guarded
S-7768,South III,25.193851,62.328351,Non DG,Un Guarded
S-7449,South III,27.79182,66.58939,Non DG,Un Guarded
1060,South I,24.938833333,67.051388889,DG,Guarded
8957,North I,33.28095,73.62879,DG,Un Guarded
5331,Central II,30.8733,72.81596,DG,Guarded
7283,Central I,31.55932,74.30387,Non DG,Un Guarded
8630,North II,34.22121,71.60038,DG,Guarded
S-7438,South III,27.81509,66.6061,Non DG,Un Guarded
S-7446,South III,27.80818,66.6112,Non DG,Un Guarded
S-7441,South III,27.8054,66.59666,Non DG,Un Guarded
S-7443,South III,27.82363,66.60449,Non DG,Un Guarded
S-7457,South III,27.74552,66.64298,Non DG,Un Guarded
S-7805,South III,27.71824,66.81172,Non DG,Un Guarded
S-7744,South III,31.49474,67.8318,DG,Guarded
9880,South II,24.62808,69.1794,DG,Guarded
4486,Central III,30.4788,70.9637,DG,Guarded
3944,Central I,31.97635,74.20799,DG,Guarded
S-7807,South III,30.48757,66.59316,Non DG,Un Guarded
S-7442,South III,27.7881,66.60949,Non DG,Un Guarded
N-5683,North II,33.588,71.43834,Non DG,Un Guarded
CII-2755,Central II,31.8349,70.9059,Non DG,Un Guarded
S-7609,South III,29.55067,66.38764,DG,Un Guarded
S-7594,South III,29.6961,66.6053,DG,Un Guarded
SKTRNC01,Central I,32.5194009,74.5404915,Non DG,Un Guarded
S-7718,South III,26.978,64.24333,DG,Guarded
N-5837,North II,34.02236,71.59027,Non DG,Un Guarded
S-7717,South III,27.1438,64.46347,DG,Guarded
5401,Central II,31.90663,72.29854,DG,Guarded
9137,South I,24.86263,67.00809,Non DG,Un Guarded
S-7743,South III,31.49166,67.74422,DG,Guarded
S-7677,South III,26.04754,63.27447,DG,Guarded
S-7460,South III,26.19393,66.31769,Non DG,Un Guarded
N-5904,North II,33.9742,71.4783,DG,Guarded
2714,North I,34.14106,73.20562,DG,Guarded
N-5669,North II,33.36024,70.54745,Non DG,Un Guarded
N-5848,North II,34.28678,71.55936,Non DG,Un Guarded
S-7761,South III,26.0240368,62.9244941,Non DG,Un Guarded
N-5393,North II,33.9837,71.3921,Non DG,Un Guarded
S-7762,South III,25.993825,63.083326,Non DG,Un Guarded
N-5846,North II,33.9857,71.506,Non DG,Un Guarded
S-7764,South III,26.0064,63.0778,Non DG,Un Guarded
N-5869,North II,33.9845,71.5314,Non DG,Un Guarded
1245,South II,27.5329,68.7589,Non DG,Un Guarded
S-4308,South I,24.89293,67.1775,Non DG,Un Guarded
N-5670,North II,34.18323,72.04037,Non DG,Un Guarded
S-7763,South III,25.99869,62.98496,Non DG,Un Guarded
S-7760,South III,26.0392,62.98075,Non DG,Un Guarded
S-7759,South III,25.99778,63.0496,Non DG,Un Guarded
N-5512,North II,34.02513,71.65826,Non DG,Un Guarded
3567,Central I,31.25,74.38299,DG,Guarded
N-5913,North II,34.0361,71.59617,Non DG,Un Guarded
UPGR01,South III,0.0,0.0,DG,Un Guarded
8857,North I,33.62746,73.06546,Non DG,Un Guarded
2874,North II,34.06129,71.66876,Non DG,Guarded
5255,Central III,29.88877,72.03534,DG,Un Guarded
2350,North II,33.10362,71.09813,DG,Guarded
2543,North I,33.46965,73.34325,DG,Guarded
N-5384,North II,34.0695,71.40124,Non DG,Un Guarded
N-5895,North II,33.93061,71.48207,Non DG,Un Guarded
N-5903,North II,33.91708,71.4731,Non DG,Un Guarded
N-5921,North II,33.98749,71.99274,Non DG,Un Guarded
N-5684,North II,33.59433,71.44117,Non DG,Un Guarded
CI-1370,Central I,32.44534,74.31604,Non DG,Un Guarded
7022,Central I,31.46773,74.34514,DG,Guarded
9849,South I,24.86605,67.29691,Non DG,Un Guarded
N-5906,North II,33.99758,71.42193,Non DG,Un Guarded
N-5859,North II,34.0035,71.52655,Non DG,Un Guarded
6240,South I,24.847868,67.060964,Non DG,Un Guarded
N-5943,North II,33.5985,71.4388,Non DG,Un Guarded
N-5868,North II,33.9996,71.49145,Non DG,Un Guarded
S-3582,South III,30.11811,68.35781,DG,Guarded
N-5693,North II,33.50621,71.03714,Non DG,Un Guarded
N-5838,North II,34.0094,71.4746,Non DG,Un Guarded
N-5789,North II,33.606,71.413,Non DG,Un Guarded
1356,South III,30.73124,66.65745,DG,Guarded
2968,North II,34.41558,72.1626,DG,Guarded
4014,Central II,31.4209,73.08947,DG,Un Guarded
S-4515,South I,24.9773,67.04566,Non DG,Un Guarded
4782,Central II,30.83648,72.7974,DG,Guarded
4613,Central III,29.38237,71.71063,DG,Guarded
8741,North I,33.49908,73.92608,Non DG,Un Guarded
4688,Central II,30.79811,72.58875,DG,Un Guarded
N-4777,North II,34.23685,71.54733,Non DG,Un Guarded
4160,Central III,30.07888,71.19384,DG,Un Guarded
1113,South II,25.41379,68.35149,Non DG,Guarded
N-4676,North II,33.769683,71.679444,Non DG,Un Guarded
N-4822,North II,34.278319,71.562174,Non DG,Un Guarded
N-4313,North II,33.90396,71.32079,Non DG,Un Guarded
S-9949,South II,26.24179,68.40481,Non DG,Un Guarded
9308,South I,24.85618,67.00923,DG,Un Guarded
1265,South II,27.55513,68.21138,Non DG,Un Guarded
N-4344,North II,34.02578,71.74253,Non DG,Un Guarded
6068,South I,25.00232,67.06869,DG,Guarded
N-5237,North II,34.0349,71.44706,Non DG,Un Guarded
4405,Central II,30.510739,72.6094,Non DG,Un Guarded
3849,Central I,31.85989,73.33758,DG,Un Guarded
5583,Central II,32.1441,72.643,DG,Un Guarded
5951,Central II,31.38747,73.20317,Non DG,Un Guarded
3041,Central I,31.59892,74.33464,DG,Guarded
S-7326,South III,30.3554,68.5996,Non DG,Un Guarded
3995,Central I,32.25339,73.90788,Non DG,Un Guarded
3083,Central I,31.57421,74.43291,DG,Guarded
S-7327,South III,30.3702,68.5877,Non DG,Un Guarded
CII-2582,Central III,29.58458,70.59139,DG,Guarded
S-7328,South III,30.3772,68.6131,Non DG,Un Guarded
N-4163,North II,34.1143,71.17623,Non DG,Un Guarded
4826,Central III,29.04018,70.33175,DG,Guarded
9617,South I,24.848028,67.0055,Non DG,Un Guarded
2108,North II,33.99735,71.56678,DG,Guarded
S-7329,South III,30.3816,68.6039,Non DG,Un Guarded
S-7335,South III,29.8029,66.8421,Non DG,Un Guarded
S-7341,South III,30.3746,68.5971,Non DG,Un Guarded
N-5682,North II,33.58773,71.43153,Non DG,Un Guarded
6228,South I,24.99709,67.15786,Non DG,Un Guarded
4308,Central II,32.56985,71.52174,DG,Un Guarded
S-7338,South III,27.83,66.6,Non DG,Un Guarded
3785,Central I,32.57874,73.2982,DG,Guarded
UMKR44,South III,30.57313,68.86505,DG,Guarded
CI-1051,Central I,32.18312,75.25141,Non DG,Un Guarded
3438,Central I,32.52391,74.54721,DG,Un Guarded
4604,Central III,29.37901,71.69173,DG,Guarded
S-7337,South III,27.82,66.59,Non DG,Un Guarded
N-5672,North II,33.5174,71.48436,Non DG,Un Guarded
N-5676,North II,33.56032,71.48261,Non DG,Un Guarded
N-5678,North II,33.54773,71.43071,Non DG,Un Guarded
S-3034,South I,24.81761,67.06859,Non DG,Un Guarded
N-5679,North II,33.5577,71.41853,Non DG,Un Guarded
S-3160,South III,30.15563,66.9892,DG,Guarded
N-5675,North II,33.55139,71.48102,Non DG,Un Guarded
5321,Central III,29.38326,71.69465,Non DG,Un Guarded
3733,Central I,31.86942,74.32716,DG,Guarded
7230,Central I,31.53808,74.35106,Non DG,Un Guarded
2548,North I,33.23927,71.89571,Non DG,Un Guarded
5225,Central III,29.75481,73.23959,DG,Un Guarded
3457,Central I,32.47762,74.34941,Non DG,Guarded
2584,North I,33.14162,72.72677,DG,Guarded
2178,North II,33.96885,71.53865,DG,Guarded
6141,South II,25.11838,68.54345,DG,Un Guarded
4700,Central II,32.07264,72.66908,Non DG,Un Guarded
N-5628,North II,33.22221,71.30228,DG,Guarded
5780,Central III,30.69992,70.64906,Non DG,Un Guarded
9134,South I,24.87108,67.05904,DG,Guarded
1261,South II,27.544997,68.21,DG,Guarded
8566,North II,33.38501,71.33881,DG,Guarded
1455,South III,27.80705,66.60438,DG,Guarded
7802,Central I,32.55986,74.0468,Non DG,Un Guarded
4945,Central III,29.76053,71.06308,Non DG,Un Guarded
9537,South I,24.951889,67.128907,DG,Guarded
8215,North I,33.63336,73.09493,Non DG,Un Guarded
1579,South II,26.25228,68.40605,Non DG,Un Guarded
1863,South III,27.72154,64.80779,DG,Guarded
1799,South III,28.90063,64.40127,Non DG,Un Guarded
6614,North II,33.13756,71.33966,DG,Guarded
7932,Central I,32.6604,73.79752,DG,Guarded
UKSR28,South III,30.81845,67.5734,DG,Un Guarded
2593,North I,33.00436,72.11074,DG,Guarded
1726,South II,25.21628,68.782092,DG,Guarded
5568,Central III,28.96286,70.36641,DG,Un Guarded
9400,South I,24.8811,67.0207,Non DG,Un Guarded
7633,Central I,31.58498,74.41782,DG,Un Guarded
6534,South I,24.74975043,67.92297077,Non DG,Un Guarded
8128,North I,33.62102,73.02513,DG,Un Guarded
1464,South III,25.11718,62.3264,Non DG,Un Guarded
PSHRNC01,North II,34.012063,71.566812,DG,Guarded
8542,North II,32.9055,70.72756,DG,Guarded
5434,Central III,29.07686,70.78785,Non DG,Un Guarded
7769,Central I,32.50511,74.51291,DG,Un Guarded
3579,Central I,31.03851,73.91416,Non DG,Un Guarded
2334,North II,32.6069,70.90589,DG,Guarded
4319,Central II,32.29037,72.27127,DG,Guarded
2461,North II,34.1749,71.98476,Non DG,Un Guarded
4528,Central II,30.65635,73.09939,DG,Un Guarded
4681,Central II,30.81439,72.49858,DG,Guarded
2916,North II,34.14744,71.73299,DG,Guarded
8896,North I,33.41077,73.9981,DG,Guarded
6536,South II,26.24274,68.39664,DG,Guarded
CII-2108,Central III,30.23761,71.88261,Non DG,Un Guarded
2636,North II,33.02366,70.62626,Non DG,Un Guarded
N-5863,North II,33.888,71.4369,Non DG,Un Guarded
CI-1005,Central I,31.38872,74.36179,Non DG,Un Guarded
N-5305,North I,33.55384,73.01592,Non DG,Un Guarded
N-5775,North II,33.02157,71.10224,Non DG,Un Guarded
S-7289,South II,28.64757,69.18901,Non DG,Un Guarded
S-7959,South I,24.85618,66.98272,Non DG,Un Guarded
S-7021,South III,29.551288,67.892462,Non DG,Un Guarded
S-4230,South I,24.93142,67.10676,Non DG,Un Guarded
S-7320,South I,24.866,67.0608,Non DG,Un Guarded
CI-1179,Central I,32.52439,74.50907,Non DG,Un Guarded
S-4240,South II,25.36932,68.32908,Non DG,Un Guarded
4660,Central III,30.04555,72.35666,DG,Guarded
2393,North II,34.74009,72.28277,DG,Guarded
PTCL Sheringle,North II,35.293054,72.018037,Non DG,Un Guarded
4898,Central III,29.68024,71.21966,Non DG,Guarded
KHI-CloudCG01,South I,24.88792,67.168161,DG,Guarded
5016,Central III,30.15876,71.4594,Non DG,Un Guarded
6079,South II,25.3677,68.3342,Non DG,Un Guarded
6562,South I,24.94366,67.05219,Non DG,Un Guarded
8882,North I,33.99388,72.94637,DG,Guarded
6003,South I,25.0069,67.05939,Non DG,Un Guarded
CI-1138,Central I,32.59723,73.49911,Non DG,Un Guarded
CII-2030,Central II,30.7993,73.44451,Non DG,Un Guarded
S-3127,South I,24.95147,66.96642,DG,Guarded
3563,Central I,31.12556,74.4555,DG,Guarded
6864,Central III,30.19275,71.47396,Non DG,Un Guarded
2193,North II,33.9356,71.47123,Non DG,Guarded
N-4331,North I,33.7269,73.1871,Non DG,Un Guarded
S-7867,South III,26.17979,66.8283,DG,Guarded
S-7866,South III,26.311504,67.221549,DG,Guarded
N-5543,North II,34.03193,71.59037,Non DG,Un Guarded
4683,Central II,30.70385,72.5738,DG,Guarded
5199,Central III,31.17845,71.21444,DG,Guarded
S-7727,South III,27.07557,65.09857,DG,Un Guarded
S-7963,South I,24.9254,67.03405,Non DG,Un Guarded
9211,South I,25.04507,67.01807,DG,Guarded
N-3057,North I,33.67609,73.01407,Non DG,Un Guarded
S-4232,South I,24.91357,67.01372,Non DG,Un Guarded
5656,Central III,30.17671,70.62337,DG,Guarded
3773,Central I,32.34913,75.06413,DG,Guarded
S-4231,South I,24.88659,67.14558,Non DG,Un Guarded
CI-1162,Central I,31.463,74.2879,Non DG,Un Guarded
5797,Central III,30.05192,70.65142,Non DG,Un Guarded
9000,South I,25.019472222,67.130666667,DG,Un Guarded
N-4147,North I,34.16894,73.25577,Non DG,Un Guarded
N-5544,North II,33.97362,71.4625,Non DG,Un Guarded
N-4949,North II,34.16911,71.59862,DG,Guarded
2693,North I,34.15124,73.19798,Non DG,Un Guarded
7732,Central I,32.315725,74.510925,Non DG,Un Guarded
CI-1336,Central I,32.67003,74.40683,Non DG,Un Guarded
2047,North I,33.56529,73.04557,DG,Guarded
8115,North I,33.6592,73.0192,DG,Guarded
8699,North II,34.6137,72.01934,Non DG,Un Guarded
DTE Mardan,North II,34.19437,72.03644,Non DG,Un Guarded
6358,South I,24.82004,67.1986,Non DG,Un Guarded
5295,Central III,30.05589,73.20059,DG,Guarded
8363,North I,33.63946,73.07551,Non DG,Un Guarded
7754,Central I,32.47574,74.54846,DG,Guarded
3029,Central I,31.53791,74.29621,Non DG,Un Guarded
7107,Central I,31.5044,74.42318,DG,Guarded
5665,Central III,30.20923,70.64834,DG,Guarded
6785,South II,27.58576,67.99836,Non DG,Un Guarded
4740,Central II,31.03014,73.12899,DG,Guarded
5995,Central III,29.381,71.71648,Non DG,Un Guarded
7026,Central I,31.53511,74.36856,DG,Guarded
6060,South I,24.92953,67.12108,DG,Guarded
N-5081,North II,34.148,71.162,Non DG,Un Guarded
1530,Central III,28.42344,69.91389,DG,Guarded
8583,North II,32.97929,70.58023,DG,Guarded
CI-1589,Central I,31.47294,74.37784,Non DG,Un Guarded
7556,Central I,31.5152,74.3292,Non DG,Un Guarded
1442,South III,30.927896,66.446628,Non DG,Un Guarded
S-3370,South I,24.77723,67.08786,Non DG,Un Guarded
CI-1338,Central I,32.60749,74.0864,DG,Un Guarded
9304,South I,24.89705,67.03234,DG,Un Guarded
2698,North I,33.7879,72.36023,Non DG,Un Guarded
8432,North I,33.68879,72.99215,Non DG,Un Guarded
2815,North I,33.7659,72.7299,Non DG,Un Guarded
9892,South II,25.3878,68.67772,Non DG,Un Guarded
8972,North I,33.08246,73.75334,DG,Guarded
2454,North II,34.23094,72.22785,DG,Guarded
7355,Central I,31.57921,74.31853,Non DG,Un Guarded
2212,North I,32.65409,73.23731,DG,Guarded
4666,Central III,30.04017,72.33043,DG,Guarded
9242,South I,25.02831,67.07145,DG,Guarded
8091,North I,33.58133,73.05899,Non DG,Un Guarded
4783,Central II,31.55583,73.42774,Non DG,Un Guarded
4630,Central III,29.19578,72.85549,DG,Guarded
9385,South I,24.85756,67.00674,Non DG,Guarded
9010,South I,24.87438,67.0485,Non DG,Un Guarded
4182,Central III,30.0576088,70.63702184,DG,Guarded
5571,Central III,29.48411,71.29876,DG,Un Guarded
3G-CII-3545,Central II,31.81606,70.90405,Non DG,Un Guarded
4417,Central II,30.49658,73.05441,DG,Guarded
N-4643,North I,33.68338,72.98729,Non DG,Un Guarded
8671,North II,34.003416,71.600802,Non DG,Un Guarded
4622,Central III,30.00322,73.26533,DG,Guarded
S-3563,South III,30.86729,68.76102,DG,Guarded
3005,Central I,31.51218,74.27349,DG,Un Guarded
8965,North I,33.34196,73.68483,DG,Guarded
7514,Central I,31.5746,74.31159,Non DG,Un Guarded
4500,Central II,30.80516,73.43692,Non DG,Un Guarded
2087,North I,33.64892,73.21731,DG,Guarded
6261,South I,24.99089,67.06741,Non DG,Un Guarded
S-3175,South III,27.80001,66.59816,DG,Guarded
8139,North I,33.55076,73.02239,DG,Un Guarded
1061,South I,24.95652,67.05164,DG,Un Guarded
7996,Central I,31.46839,74.2894,Non DG,Un Guarded
1571,South II,27.5897,68.01122,DG,Guarded
8027,North I,33.68253,72.9805,DG,Guarded
N-4020,North II,33.01182,70.55963,DG,Guarded
7207,Central I,31.55271,74.41331,DG,Guarded
2500,North I,33.5507,73.2057,DG,Un Guarded
6381,South I,24.90473,66.99142,Non DG,Un Guarded
3G-N-1664,North I,34.1751,73.2211,Non DG,Un Guarded
3227,Central I,31.581,74.3157,Non DG,Un Guarded
5352,Central III,30.09294,72.5036,Non DG,Guarded
9345,South I,24.83688,67.22443,DG,Guarded
2099,North I,33.60255,73.03835,DG,Un Guarded
3508,Central I,31.70287,73.98895,DG,Guarded
5191,Central III,30.477,70.96922,DG,Guarded
1604,South II,26.25554,68.40261,DG,Guarded
4624,Central III,29.99489,73.25108,DG,Guarded
3955,Central I,32.14341,74.26448,DG,Guarded
8835,North I,33.59355,73.02735,Non DG,Un Guarded
7885,Central I,32.84756,74.06229,Non DG,Un Guarded
3702,Central I,32.3098,74.32349,DG,Guarded
5554,Central II,30.47355,73.59798,Non DG,Un Guarded
8034,North I,33.68821,73.0261,DG,Guarded
2827,North I,33.76401,72.80871,DG,Guarded
2165,North II,33.98288,71.47904,DG,Guarded
2909,North II,34.18812,72.03293,DG,Guarded
N-5603,North II,33.21363,71.15846,DG,Guarded
6831,Central II,31.41795,73.07935,Non DG,Un Guarded
CI-1646,Central I,31.47031,74.34113,Non DG,Un Guarded
3801,Central I,31.89445,73.57464,DG,Guarded
6243,South I,24.98993,67.0546,Non DG,Un Guarded
S-3373,South III,30.73975,66.92529,Non DG,Un Guarded
4638,Central III,30.2471,73.70129,Non DG,Un Guarded
1106,South II,25.392361111,68.380305556,DG,Un Guarded
1370,South II,27.18095,67.82297,Non DG,Un Guarded
1567,South II,28.00751,67.84744,DG,Guarded
9745,South II,27.3015,68.61214,DG,Un Guarded
2264,North I,33.26844,72.87808,DG,Guarded
6192,South I,24.91208,67.12177,Non DG,Un Guarded
S-7252,South III,30.39875,68.62673,Non DG,Un Guarded
1025,South I,24.8095,67.062888889,DG,Guarded
2419,North I,34.00658,73.08513,DG,Guarded
3660,Central I,32.64766,74.21196,DG,Guarded
CI-1058,Central I,31.60402,73.86751,Non DG,Un Guarded
2910,North II,34.12883,72.47435,DG,Guarded
N-4960,North II,34.07299,71.21788,Non DG,Un Guarded
2251,North I,32.94111,73.7251,Non DG,Un Guarded
N-4709,North II,33.99972,71.37433,Non DG,Un Guarded
3169,Central I,31.6319,74.2851,DG,Guarded
5674,Central III,29.74148,70.63606,Non DG,Un Guarded
N-5890,North II,33.99178,71.46139,Non DG,Un Guarded
6062,South I,24.85528,67.06391,Non DG,Un Guarded
S-7351,South III,30.1771,67.009,Non DG,Un Guarded
S-7356,South III,30.1254,66.9752,Non DG,Un Guarded
N-4327,North I,33.651013,73.202491,Non DG,Un Guarded
S-7368,South III,30.15732,66.98471,Non DG,Un Guarded
S-7360,South III,30.205042,66.984592,Non DG,Un Guarded
3564,Central I,31.11046,74.45141,DG,Guarded
35-SU-KHI-800-1000,South I,24.865232,67.064769,Non DG,Un Guarded
5282,Central III,30.15058,72.674,DG,Guarded
CII-2459,Central I,32.50206,72.98287,Non DG,Un Guarded
4590,Central III,29.696,72.55562,Non DG,Un Guarded
2533,North I,33.13211,73.25903,Non DG,Un Guarded
UKTR02,South III,29.30056,66.89125,Non DG,Un Guarded
6932,Central III,29.46959,71.64822,Non DG,Un Guarded
7143,Central I,31.5329,74.41935,Non DG,Un Guarded
4330,Central II,31.78055,70.86807,DG,Guarded
S-7546,South III,29.75275,68.80875,DG,Guarded
3496,Central I,32.37635,74.52112,DG,Guarded
S-3794,South III,27.2939,63.3739,DG,Guarded
1236,South II,28.28791,68.43948,DG,Guarded
9521,South I,24.93173,67.00477,DG,Guarded
S-3628,South III,29.20162,66.47896,DG,Guarded
8635,North I,34.18947,73.25025,Non DG,Un Guarded
2940,North II,34.00368,71.98339,DG,Guarded
S-3833,South I,24.82156,67.02661,Non DG,Un Guarded
CI-1129,Central I,31.58446,74.36458,Non DG,Un Guarded
4900,Central II,31.34797,71.69588,DG,Guarded
5424,Central III,28.305692,70.132162,Non DG,Un Guarded
6226,South I,24.98201,67.08467,Non DG,Un Guarded
CI-1629,Central I,31.55862,74.32348,Non DG,Un Guarded
1629,South II,28.05049,69.70505,DG,Guarded
5657,Central III,30.139056,70.625917,Non DG,Un Guarded
1650,South II,27.80914,69.13142,DG,Guarded
S-3569,South III,30.20325,68.99429,DG,Guarded
4637,Central III,30.28413,73.78358,DG,Guarded
5180,Central II,32.84671,71.3623,Non DG,Un Guarded
5058,Central III,30.27355,71.95588,DG,Guarded
2904,North II,34.19896,72.02939,DG,Guarded
S-7591,South III,29.467,66.3281,DG,Un Guarded
3870,Central I,32.48133,72.9054,DG,Un Guarded
9405,South I,24.94888,67.00807,DG,Guarded
8222,North I,33.65017,72.9631,DG,Guarded
1766,South II,25.36216,69.72886,DG,Guarded
N-4505,North II,34.73924,72.42233,Non DG,Un Guarded
8945,North I,33.34832,73.80183,DG,Guarded
6388,South I,24.87792,66.91083,Non DG,Guarded
4886,Central III,29.22241,71.43509,Non DG,Guarded
3141,Central I,31.45219,74.36304,Non DG,Un Guarded
CI-1101,Central I,31.12745,74.45014,Non DG,Un Guarded
7620,Central I,31.24496,74.2095,DG,Guarded
9455,South II,25.25617,67.96218,DG,Guarded
1136,South II,25.37513,68.335,Non DG,Guarded
4123,Central III,30.2145,71.47764,DG,Guarded
7125,Central I,31.47967,74.3526,Non DG,Un Guarded
1592,South II,28.23753,69.18458,DG,Guarded
4396,Central III,28.98875,71.66024,Non DG,Guarded
3961,Central I,31.52695,74.37721,Non DG,Un Guarded
3G-N-1663,North I,34.20688,73.23966,Non DG,Un Guarded
6177,South I,24.904337,67.120515,Non DG,Un Guarded
5127,Central II,31.80673,70.88969,DG,Guarded
4427,Central III,30.44221,72.36279,Non DG,Un Guarded
3G-CII-3642,Central II,31.74814,72.91977,Non DG,Un Guarded
6217,South I,24.80005,67.06937,Non DG,Un Guarded
5220,Central III,29.60977,73.14579,DG,Guarded
4443,Central III,30.40739,71.85672,Non DG,Un Guarded
3908,Central I,31.65286,74.3008,DG,Guarded
8318,North I,33.61165,73.05655,Non DG,Un Guarded
N-4277,North II,34.51171,72.28847,Non DG,Un Guarded
5854,Central III,30.19419,71.4372,Non DG,Un Guarded
5169,Central II,32.39833,72.03094,DG,Guarded
4207,Central II,31.14584,72.68638,Non DG,Un Guarded
N-5501,North II,33.58962,71.4412,Non DG,Un Guarded
3482,Central I,32.33538,74.35228,Non DG,Un Guarded
9376,South I,24.96109,67.07299,DG,Guarded
2067,North I,33.57127,73.14493,DG,Guarded
S-7006,South I,24.802837,67.053703,Non DG,Un Guarded
1618,South II,26.45656,68.31799,DG,Guarded
S-3938,South III,29.0782,65.8036,DG,Guarded
1307,South I,24.97224,67.06115,DG,Guarded
S-3939,South III,28.72439,65.83917,DG,Guarded
6947,Central II,31.99911,72.85165,DG,Guarded
S-3940,South III,28.9051,65.6509,DG,Guarded
S-3941,South III,28.9373,65.455,DG,Guarded
6602,North II,32.98673,70.618,Non DG,Un Guarded
S-3961,South III,28.3129,64.2487,DG,Guarded
1281,South II,27.1745,67.828,Non DG,Un Guarded
S-3962,South III,28.30737,64.50681,DG,Guarded
4743,Central II,30.90003,72.72645,DG,Un Guarded
S-3963,South III,28.2954,65.7061,DG,Guarded
S-3967,South III,27.72569,65.04155,DG,Guarded
9576,South I,24.86318,67.02526,Non DG,Un Guarded
3093,Central I,31.52865,74.3268,Non DG,Guarded
8914,North I,33.77644,73.8315,DG,Guarded
S-3968,South III,28.0596,65.53,DG,Guarded
S-3969,South III,28.01573,65.75182,DG,Guarded
8088,North I,33.60049,73.06136,DG,Un Guarded
2368,North II,34.49536,71.82257,DG,Guarded
4659,Central III,29.09888,70.32424,DG,Guarded
S-3970,South III,27.81561,65.64729,DG,Guarded
S-3973,South III,27.45847,64.52273,DG,Guarded
1763,South II,25.06409,69.21717,Non DG,Un Guarded
S-3975,South III,27.57416,65.45151,DG,Guarded
6005,South I,24.86901,67.36446,Non DG,Un Guarded
5755,Central II,31.39974,73.13006,Non DG,Un Guarded
S-3987,South III,27.47709,64.14151,DG,Guarded
7117,Central I,31.4581,74.2805,Non DG,Guarded
CII-2645,Central III,29.3693,70.75302,Non DG,Guarded
1986,South III,30.00873,66.97111,DG,Guarded
5377,Central II,31.10264,72.90632,Non DG,Guarded
2845,North I,34.01255,72.65075,DG,Un Guarded
1266,South II,27.56384,68.19877,DG,Guarded
6960,Central II,30.76313,73.4518,DG,Guarded
6545,South III,30.24727,66.96404,Non DG,Un Guarded
N-4207,North II,34.01542,72.16735,Non DG,Un Guarded
9816,South II,25.36979,68.361981,DG,Guarded
8028,North I,33.67465,72.99963,DG,Guarded
7184,Central I,31.53601,74.27737,Non DG,Un Guarded
9354,South I,24.87909,67.04928,DG,Un Guarded
N-4763,North II,33.01458,70.60867,DG,Guarded
1595,South II,26.84422,68.12086,DG,Guarded
3653,Central I,32.57827,73.4955,Non DG,Un Guarded
N-5068,North I,33.51128,73.17698,Non DG,Un Guarded
2529,North I,33.39406,72.29975,Non DG,Un Guarded
1871,South I,24.84933,66.99663,Non DG,Un Guarded
S-3700,South III,25.7805,67.0399,DG,Guarded
N-4493,North I,33.48933,74.10191,Non DG,Un Guarded
3110,Central I,31.57323,74.31238,Non DG,Un Guarded
7129,Central I,31.48152,74.40927,Non DG,Un Guarded
7329,Central I,31.52076,74.30234,Non DG,Un Guarded
1854,South III,28.94943,61.58885,DG,Un Guarded
9097,South I,24.92564,66.96603,DG,Guarded
2987,North II,34.46712,72.53242,Non DG,Un Guarded
1393,South III,30.18415,66.99029,DG,Guarded
2470,North II,33.78583,71.56863,DG,Guarded
7084,Central I,31.57376,74.40653,Non DG,Un Guarded
7235,Central I,31.4311,74.3349,DG,Guarded
9397,South I,24.88721,67.04075,Non DG,Guarded
9417,South I,24.87046,67.0704,Non DG,Un Guarded
N-4712,North II,34.16411,71.42066,Non DG,Un Guarded
8610,North I,32.732401,73.541896,DG,Un Guarded
1943,South II,26.73493,67.77932,Non DG,Un Guarded
3071,Central I,31.54342,74.3057,DG,Guarded
3G-CI-4679,Central I,32.5914,74.0736,Non DG,Un Guarded
3590,Central I,31.62541,74.23355,DG,Guarded
7544,Central I,31.58419,74.32059,Non DG,Un Guarded
7796,Central I,32.53139,74.33729,DG,Un Guarded
CII-2305,Central II,31.05453,72.95361,DG,Guarded
CII-2272,Central II,31.26254,72.30883,Non DG,Un Guarded
3329,Central I,32.14889,74.17419,DG,Guarded
5010,Central III,30.23417,71.53261,DG,Guarded
N-4069,North I,33.71031,73.07471,Non DG,Un Guarded
3192,Central I,31.49417,74.33799,Non DG,Un Guarded
7903,Central I,32.57381,73.77137,DG,Guarded
CI-1173,Central I,31.19439,73.94678,Non DG,Un Guarded
CI-1196,Central I,32.11144,74.17798,Non DG,Un Guarded
CI-1199,Central I,32.10412,74.19109,Non DG,Un Guarded
CI-1193,Central I,32.15217,74.14751,Non DG,Un Guarded
CI-1194,Central I,32.12514,74.15203,Non DG,Un Guarded
CI-1160,Central I,31.41319,74.24031,Non DG,Un Guarded
CI-1170,Central I,31.43702,74.36817,Non DG,Un Guarded
CI-1184,Central I,32.08935,74.19552,Non DG,Un Guarded
CI-1182,Central I,32.1363,74.1487,Non DG,Un Guarded
CI-1192,Central I,32.19361,74.20766,Non DG,Un Guarded
CI-1181,Central I,32.2007,74.2205,Non DG,Un Guarded
1180,South II,24.65672,68.83822,DG,Guarded
7348,Central I,32.15809,74.18363,Non DG,Un Guarded
CI-1158,Central I,31.59237,74.23749,Non DG,Un Guarded
5621,Central II,32.08747,72.65838,Non DG,Un Guarded
2436,North I,33.98808,73.3665,DG,Guarded
2053,North I,33.69734,73.05053,DG,Guarded
2405,North II,34.00106,72.00077,Non DG,Un Guarded
2221,North I,32.93241,72.83173,DG,Guarded
9395,South I,24.93013,67.01644,Non DG,Guarded
2506,North I,32.9129,73.06635,DG,Guarded
4142,Central III,30.17559,71.50498,DG,Guarded
6780,South III,30.10544,66.98661,Non DG,Un Guarded
7200,Central I,31.6047,74.32811,DG,Un Guarded
3300,Central I,32.13924,74.20583,DG,Un Guarded
N-4356,North I,33.56891,73.0388,Non DG,Un Guarded
2778,North I,34.43416,73.2245,DG,Un Guarded
2535,North I,33.07976,73.18797,DG,Guarded
5678,Central III,29.75835,70.68806,DG,Guarded
7220,Central I,31.45935,74.30262,DG,Un Guarded
S-3279,South I,25.05904,67.10593,Non DG,Guarded
7144,Central I,31.52177,74.36822,Non DG,Un Guarded
6993,Central III,29.63817,71.59575,Non DG,Un Guarded
7912,Central I,32.80606,74.02343,DG,Guarded
1869,South III,26.99928,64.08611,DG,Guarded
7042,Central I,31.47734,74.30093,DG,Un Guarded
CI-1152,Central I,31.65216,74.26842,Non DG,Un Guarded
CI-1151,Central I,31.66858,74.28109,Non DG,Un Guarded
CI-1191,Central I,32.45977,74.53135,Non DG,Un Guarded
CI-1068,Central I,32.48605,74.49365,Non DG,Un Guarded
7901,Central I,32.82246,73.9112,DG,Guarded
2752,North I,34.62666,73.07436,Non DG,Un Guarded
CII-2001,Central II,32.58185,71.569,Non DG,Un Guarded
CII-2005,Central II,32.58936,71.52521,Non DG,Un Guarded
CII-2007,Central II,32.5763,71.5404,Non DG,Un Guarded
CII-2009,Central III,29.6317,70.5909,Non DG,Un Guarded
N-5337,North I,33.63713,73.12618,Non DG,Un Guarded
N-5759,North I,32.9248,72.88398,Non DG,Un Guarded
N-4365,North II,34.05639,71.42315,Non DG,Un Guarded
N-5266,North I,33.60331,73.07723,Non DG,Un Guarded
N-4186,North I,34.00016,72.93377,Non DG,Un Guarded
N-5551,North I,33.5517,73.0015,Non DG,Un Guarded
N-5301,North I,33.5868,72.9955,Non DG,Un Guarded
N-5241,North I,33.532534,73.16634,Non DG,Un Guarded
2207,North I,33.04979,73.71474,DG,Guarded
N-5948,North I,33.526409,73.1604,Non DG,Un Guarded
N-5017,North I,33.57257,72.86177,Non DG,Un Guarded
N-5937,North II,33.00676,70.69852,Non DG,Un Guarded
2553,North II,33.016382,70.73702,Non DG,Un Guarded
N-4971,North II,32.8337,70.50203,Non DG,Un Guarded
N-5996,North II,33.5151,70.80143,Non DG,Un Guarded
N-5960,North II,33.57394,71.44808,Non DG,Un Guarded
2523,North II,33.56237,71.41777,DG,Un Guarded
N-5714,North II,34.20541,71.5866,Non DG,Un Guarded
N-5711,North II,34.15658,72.04574,Non DG,Un Guarded
N-5710,North II,34.20244,72.0185,Non DG,Un Guarded
N-5725,North II,34.1337,71.169,Non DG,Un Guarded
N-5941,North II,33.9833,71.512248,Non DG,Un Guarded
N-5733,North II,34.00377,71.42572,Non DG,Un Guarded
N-5478,North II,34.03783,71.46178,Non DG,Un Guarded
3716,Central I,31.68841,74.27468,Non DG,Un Guarded
2681,North II,34.7923,71.8439,Non DG,Un Guarded
N-5552,North II,34.02238,71.59733,Non DG,Un Guarded
9886,South II,27.590836,68.77902868,Non DG,Un Guarded
S-7900,South I,24.93645,67.15323,Non DG,Un Guarded
S-7910,South I,25.00854,67.13142,Non DG,Un Guarded
S-7147,South I,25.01439,67.14103,Non DG,Un Guarded
S-7873,South I,24.86982,67.18946,Non DG,Un Guarded
S-7894,South I,24.98577,67.04764,Non DG,Un Guarded
S-7895,South I,24.99553,67.04324,Non DG,Un Guarded
S-3494,South I,24.99824,66.99322,Non DG,Un Guarded
S-7896,South I,24.98029,67.00109,Non DG,Un Guarded
S-3432,South I,24.97356,67.05337,Non DG,Un Guarded
S-7906,South I,24.94159,67.02498,Non DG,Un Guarded
6820,Central II,31.42016,73.07715,Non DG,Un Guarded
S-7893,South I,24.96135,67.10352,Non DG,Un Guarded
S-7897,South I,24.92528,67.15411,Non DG,Un Guarded
S-7471,South I,25.01762,67.07331,Non DG,Un Guarded
S-3009,South I,25.06772,67.10251,Non DG,Un Guarded
S-7905,South I,24.9419,67.01667,Non DG,Un Guarded
9848,South I,24.832949,67.04567,Non DG,Un Guarded
S-7924,South II,26.05318,68.94592,Non DG,Un Guarded
S-7039,South II,25.415,68.3397,Non DG,Un Guarded
S-3033,South II,28.63934,69.21491,Non DG,Un Guarded
CII-2006,Central II,31.7636,72.9145,Non DG,Un Guarded
S-7961,South I,25.03612,66.89832,Non DG,Un Guarded
S-7232,South III,30.08826,66.9706,Non DG,Un Guarded
S-3375,South III,30.25257,66.95073,Non DG,Un Guarded
S-7227,South III,30.14501,67.01265,Non DG,Un Guarded
5557,Central II,30.42413,73.27617,DG,Un Guarded
2327,North II,32.99381,70.61448,DG,Guarded
N-4797,North I,32.72512,72.63244,Non DG,Guarded
9882,South II,25.249887,68.53868,DG,Un Guarded
6366,South I,24.95888,66.9582,Non DG,Un Guarded
2148,North II,34.0477,71.52181,Non DG,Guarded
CII-2655,Central III,29.09684,71.6726,Non DG,Un Guarded
6907,Central II,31.9828,70.97216,DG,Guarded
7997,Central I,31.5,74.2518,Non DG,Un Guarded
9020,South I,24.81666,67.14592,DG,Guarded
3179,Central I,31.57841,74.40443,Non DG,Un Guarded
3019,Central I,31.42903,74.17726,Non DG,Un Guarded
S-3197,South II,25.51723,69.02238,Non DG,Guarded
7375,Central I,31.5294,74.37866,Non DG,Un Guarded
N-5530,North II,33.96122,71.45977,DG,Un Guarded
2052,North I,33.63903,73.05761,DG,Guarded
3G-N-2285,North I,33.62069,72.95932,Non DG,Un Guarded
7092,Central I,31.51474,74.30187,Non DG,Un Guarded
4540,Central II,30.87427,73.59123,DG,Un Guarded
8170,North I,33.62872,73.04433,Non DG,Un Guarded
7335,Central I,31.47971,74.36544,Non DG,Un Guarded
9248,South I,24.9402,67.07457,Non DG,Un Guarded
2398,North II,34.84366,72.57907,DG,Guarded
6280,South I,24.81611,67.02176,Non DG,Un Guarded
1594,South II,28.0027,68.72932,DG,Guarded
9744,South II,28.28735,67.45458,DG,Guarded
4946,Central III,29.84273,71.10745,DG,Guarded
9793,South II,27.71196,68.8449,DG,Un Guarded
S-3815,South I,24.91681,67.13277,Non DG,Un Guarded
WH.DIKhan,North II,31.48434,70.53381,Non DG,Un Guarded
3905,Central I,32.10032,74.20188,DG,Guarded
8600,North I,33.72286,72.8079,DG,Guarded
1677,South II,27.38063,68.51887,DG,Guarded
9350,South I,24.8713,67.04394,DG,Guarded
2587,North I,33.16624,72.11697,DG,Un Guarded
5260,Central III,29.89511,72.33997,DG,Un Guarded
5017,Central III,30.18882,71.50816,Non DG,Un Guarded
4161,Central III,30.07179,71.18909,DG,Guarded
N-4292,North II,34.01162,71.78298,Non DG,Un Guarded
6585,South II,28.57104,68.16313,DG,Guarded
N-4148,North II,33.4815,70.782,Non DG,Un Guarded
7452,Central I,31.56115,74.3208,Non DG,Un Guarded
5253,Central III,29.96163,72.91398,DG,Guarded
7390,Central I,31.55409,74.3143,Non DG,Un Guarded
3840,Central I,31.63099,73.91886,DG,Un Guarded
N-4603,North II,32.94904,70.96423,Non DG,Un Guarded
1088,South I,24.836111111,67.234166667,DG,Guarded
4559,Central II,30.74471,73.82447,DG,Un Guarded
4478,Central III,29.5558,70.37479,DG,Guarded
7936,Central I,32.61469,73.81905,DG,Un Guarded
1791,South I,24.54105,67.62829,DG,Guarded
4007,Central II,31.43399,73.12269,DG,Guarded
7218,Central I,31.49294,74.24867,DG,Guarded
8047,North I,33.62565,73.05114,DG,Un Guarded
3760,Central I,32.18861,74.291,Non DG,Un Guarded
6778,South III,30.23282,67.00936,Non DG,Guarded
6784,South II,27.85014,67.89895,DG,Guarded
7009,Central I,31.44157,74.35604,DG,Guarded
5137,Central III,31.11973,71.07208,Non DG,Guarded
9378,South I,24.97691,67.08365,Non DG,Guarded
3561,Central I,31.11582,74.44504,Non DG,Un Guarded
9476,South I,24.8088,67.14642,DG,Guarded
7160,Central I,31.4533,74.3152,Non DG,Guarded
5037,Central III,29.69231,71.50902,DG,Guarded
8552,North II,33.5481,71.39214,DG,Guarded
4144,Central III,30.17341,71.44102,DG,Un Guarded
4511,Central II,30.82698,73.47187,DG,Un Guarded
7994,Central I,31.567,74.3309,Non DG,Un Guarded
8181,North I,33.49389,73.09275,DG,Guarded
7767,Central I,32.49257,74.53673,DG,Guarded
9987,South II,25.35853,68.27443,Non DG,Un Guarded
8535,North II,34.04722,71.78114,Non DG,Un Guarded
R027,North I,33.50534,73.97141,Non DG,Un Guarded
2792,North I,34.90265,73.64831,DG,Guarded
8250,North I,33.64459,73.05903,Non DG,Un Guarded
1490,South III,29.54651,67.87563,Non DG,Un Guarded
CI-1596,Central I,31.49734,74.4125,Non DG,Un Guarded
9752,South II,27.680355,67.978282,DG,Un Guarded
S-3786,South III,28.09184,63.18523,DG,Guarded
7440,Central I,31.53094,74.35286,Non DG,Un Guarded
3016,Central I,31.517805,74.348564,DG,Un Guarded
3023,Central I,31.5035,74.33069,Non DG,Un Guarded
1496,South III,27.81731,66.61021,DG,Guarded
3047,Central I,31.55678,74.3401,DG,Guarded
S-3704,South III,26.55117,66.90748,DG,Guarded
8174,North I,33.55206,73.00701,Non DG,Un Guarded
2097,North I,33.68046,73.02215,Non DG,Guarded
7606,Central I,31.43629,74.18089,DG,Guarded
6550,South I,24.92781,66.96059,Non DG,Un Guarded
N-4757,North II,32.90677,70.70129,DG,Guarded
2133,North II,33.9514,71.43243,DG,Guarded
S-3588,South III,30.49831,68.29282,DG,Guarded
5343,Central II,30.9188,72.41535,DG,Guarded
6040,South I,25.00547,67.09786,Non DG,Un Guarded
8774,North I,33.86409,73.8838,DG,Guarded
4340,Central II,31.63021,71.06886,DG,Un Guarded
8961,North I,33.42749,73.87278,DG,Guarded
8856,North I,33.58739,73.13593,Non DG,Un Guarded
9708,South II,27.34997,68.524832,Non DG,Un Guarded
1922,South III,28.49436,66.28511,DG,Guarded
4197,Central III,29.91726,71.06619,Non DG,Un Guarded
7771,Central I,32.50965,74.53194,Non DG,Un Guarded
1920,South III,25.80243,66.62683,DG,Guarded
6906,Central II,32.25717,71.16768,DG,Guarded
2805,North I,33.99419,72.92866,DG,Un Guarded
S-3438,South I,24.87216,67.17378,Non DG,Un Guarded
6782,South II,27.572334,68.214497,Non DG,Un Guarded
9760,South II,28.16875,68.36697,DG,Un Guarded
5285,Central III,30.21957,72.83014,DG,Un Guarded
CII-2248,Central III,30.05586,70.6488,DG,Guarded
7319,Central I,31.41754,74.27509,Non DG,Un Guarded
7237,Central I,31.59927,74.31032,Non DG,Un Guarded
3161,Central I,31.49044,74.26685,Non DG,Un Guarded
S-3177,South III,30.73437,68.24687,Non DG,Un Guarded
1351,South II,24.734725,69.80091,DG,Guarded
6295,South II,25.37383,68.34417,Non DG,Un Guarded
CI-1615,Central I,31.49241,74.39223,Non DG,Un Guarded
3G-CI-4129,Central I,31.4471,74.2695,Non DG,Un Guarded
3552,Central I,31.6858,73.7386,Non DG,Un Guarded
9043,South I,24.83195,67.04645,Non DG,Un Guarded
1774,South II,24.46805,69.58334,Non DG,Un Guarded
4606,Central III,29.40054,71.68859,Non DG,Un Guarded
3547,Central I,32.12592,74.19262,Non DG,Un Guarded
9908,South II,25.1102,68.36367,DG,Guarded
2673,North I,32.89662,73.73761,Non DG,Un Guarded
4882,Central III,29.64492,70.60017,DG,Guarded
2307,North II,33.55265,71.50377,DG,Guarded
3424,Central I,32.4958,74.5322,DG,Guarded
S-3227,South II,24.65655,68.84212,Non DG,Un Guarded
1667,South II,25.924983,68.620027,Non DG,Un Guarded
S-3601,South III,30.17141,67.81258,DG,Guarded
S-3517,South II,28.63435,69.20631,Non DG,Un Guarded
3113,Central I,31.60558,74.28346,Non DG,Un Guarded
2832,North I,34.05309,73.15612,DG,Guarded
CII-2070,Central III,29.78135,70.6016,DG,Guarded
3082,Central I,31.61975,74.27559,DG,Guarded
2059,North I,33.71678,73.02319,DG,Un Guarded
8195,North I,33.61847,73.07964,Non DG,Un Guarded
7815,Central I,32.51077,74.04072,Non DG,Un Guarded
1098,South I,24.921,67.118472222,Non DG,Un Guarded
8224,North I,33.72137,73.04714,DG,Un Guarded
1976,South III,31.3317,69.4521,Non DG,Guarded
9873,South I,24.78531,67.53046,Non DG,Un Guarded
3435,Central I,32.49443,74.49912,DG,Guarded
1130,South II,25.37815,68.34252,Non DG,Un Guarded
6085,South I,24.90299,67.09938,Non DG,Un Guarded
3490,Central I,32.165681,74.810034,Non DG,Un Guarded
2623,North I,34.2034,73.49764,DG,Guarded
3353,Central I,32.33516,74.3603,DG,Un Guarded
S-3586,South III,30.38197,67.97254,DG,Guarded
9447,South I,24.91865,67.11014,DG,Guarded
2840,North I,34.13585,72.99415,DG,Guarded
9853,South II,25.51392,69.00948,DG,Un Guarded
3386,Central I,32.61381,74.21231,DG,Guarded
8508,North II,33.98729,71.55504,DG,Guarded
1160,South I,25.04678,66.87992,DG,Guarded
7374,Central I,31.52941,74.37866,Non DG,Un Guarded
4487,Central III,29.5429,70.60896,DG,Guarded
5946,Central II,31.590377,73.08975388,Non DG,Un Guarded
2472,North II,33.92356,71.5617,Non DG,Un Guarded
3131,Central I,31.46003,74.25048,Non DG,Un Guarded
5348,Central II,31.5406,71.16603,DG,Un Guarded
6953,Central III,28.74125,69.93744,DG,Guarded
4126,Central III,30.1828,71.5056,DG,Guarded
9171,South I,24.88582,67.13486,Non DG,Un Guarded
N-4500,North II,32.81218,70.698,DG,Guarded
9961,South II,26.49579,67.43308,DG,Guarded
4329,Central II,31.82994,70.89338,DG,Guarded
7324,Central I,31.48732,74.37409,Non DG,Un Guarded
CII-2701,Central III,30.64732,70.66682,Non DG,Un Guarded
2397,North II,34.89457,71.97849,Non DG,Un Guarded
2764,North I,33.14928,73.73369,Non DG,Un Guarded
CI-1119,Central I,31.47128,74.30349,Non DG,Un Guarded
7305,Central I,31.52903,74.39911,Non DG,Un Guarded
9934,South II,26.26888,68.92949,DG,Guarded
6165,South I,24.90577,67.11415,Non DG,Un Guarded
9742,South II,27.87299,67.70834,DG,Un Guarded
6868,Central III,30.19144,71.47193,Non DG,Un Guarded
S-7261,South III,29.60015,67.98679,Non DG,Un Guarded
CII-2748,Central III,30.03162,70.627,Non DG,Un Guarded
6244,South I,24.95965,67.06,Non DG,Un Guarded
CII-2744,Central III,30.0589,70.6351,Non DG,Un Guarded
N-4600,North II,33.42466,70.77986,Non DG,Un Guarded
CII-2745,Central III,30.03256,70.64199,Non DG,Un Guarded
2188,North II,34.00054,71.54508,Non DG,Un Guarded
CII-2803,Central III,30.053,70.6579,Non DG,Un Guarded
2041,North I,33.72992,73.08919,DG,Un Guarded
S-7265,South III,29.801278,66.84617,Non DG,Un Guarded
2788,North I,34.46886,73.35553,DG,Guarded
S-7213,South III,25.44083,65.52856,Non DG,Un Guarded
2032,North I,33.72965,73.07677,DG,Guarded
3709,Central I,31.90578,74.234136,Non DG,Un Guarded
CII-2574,Central III,29.34598,70.52966,Non DG,Guarded
8467,North I,33.5907,73.05526,Non DG,Un Guarded
4734,Central II,31.64745,73.01467,DG,Guarded
S-7214,South III,25.38624,65.43845,Non DG,Un Guarded
1217,South II,27.73423,68.80939,Non DG,Un Guarded
S-7182,South III,25.44334,65.24561,Non DG,Un Guarded
S-7215,South III,25.3947,65.36182,Non DG,Un Guarded
S-7266,South III,30.10346,67.93685,Non DG,Un Guarded
N-5102,North I,33.61921,73.13628,DG,Guarded
S-7301,South III,30.69774,68.32353,DG,Guarded
CI-1606,Central I,31.51686,74.39177,Non DG,Un Guarded
S-7038,South I,24.807187,66.981733,Non DG,Un Guarded
5830,Central III,30.16546,72.67368,Non DG,Un Guarded
CI-1654,Central I,31.5526,74.3668,Non DG,Un Guarded
1508,Central III,28.42355,70.29511,DG,Un Guarded
S-7294,South III,27.78851,66.60148,Non DG,Un Guarded
3491,Central I,32.18036,74.87148,DG,Un Guarded
5338,Central II,31.0381,72.95479,DG,Guarded
S-7253,South III,27.80677,66.62457,Non DG,Un Guarded
S-7280,South III,27.4019,66.3992,Non DG,Un Guarded
1482,South III,30.3756,68.60408,DG,Guarded
8820,North I,33.69526,72.96988,Non DG,Un Guarded
S-7281,South III,27.338189,66.372508,Non DG,Un Guarded
7113,Central I,31.49825,74.34068,Non DG,Un Guarded
9382,South I,24.95536,66.95271,DG,Guarded
N-4754,North II,32.92057,70.55899,DG,Guarded
9930,South I,24.551325,67.62564,DG,Guarded
CII-2596,Central III,29.64531,70.59668,Non DG,Un Guarded
S-7237,South II,28.62407,69.18531,Non DG,Un Guarded
UKZR68,South III,28.09446,67.17139,DG,Guarded
3676,Central I,32.64307,73.72266,DG,Guarded
1972,South III,30.209191,66.994316,Non DG,Un Guarded
S-7254,South III,28.57282,65.42753,Non DG,Un Guarded
2812,North I,33.79895,72.98589,DG,Guarded
6901,Central II,32.2954,72.1473,DG,Guarded
CI-1903,Central I,31.271835,74.196673,Non DG,Un Guarded
CI-1904,Central I,31.271835,74.196673,Non DG,Un Guarded
CI-1902,Central I,31.271835,74.196673,Non DG,Un Guarded
8010,North I,33.67351,73.02003,DG,Guarded
8234,North I,33.70831,73.15425,Non DG,Un Guarded
7536,Central I,31.58555,74.32021,Non DG,Un Guarded
4634,Central III,29.74864,73.24535,Non DG,Un Guarded
CII-2051,Central II,31.39604,70.61766,Non DG,Un Guarded
4187,Central III,30.02495,70.62391,DG,Guarded
CI-1002,Central I,31.57256,74.32499,Non DG,Un Guarded
S-3341,South I,24.81355,67.04868,Non DG,Un Guarded
2482,North II,34.105773,72.015349,Non DG,Un Guarded
2192,North II,34.13468,71.50806,DG,Un Guarded
N-4300,North I,33.60766,73.07488,Non DG,Un Guarded
2109,North II,34.00635,71.55179,Non DG,Un Guarded
CII-2726,Central III,30.18079,71.47651,Non DG,Un Guarded
3775,Central I,32.11688,75.04124,DG,Guarded
4451,Central III,29.10589,71.27333,DG,Un Guarded
2134,North II,33.96447,71.44103,Non DG,Un Guarded
CII-2041,Central II,32.082,72.679,Non DG,Un Guarded
CII-2732,Central II,32.6109,71.52924,Non DG,Un Guarded
1495,South III,29.15318,67.56233,DG,Guarded
CII-2741,Central II,32.29459,72.18908,Non DG,Un Guarded
2746,North I,34.50085,73.22378,DG,Guarded
4163,Central III,30.07629,71.18322,DG,Guarded
S-3244,South II,25.52035,68.97872,Non DG,Un Guarded
CII-2737,Central II,32.07343,72.7104,Non DG,Un Guarded
CII-2031,Central II,30.79638,73.46116,Non DG,Un Guarded
3031,Central I,31.47126,74.39155,Non DG,Un Guarded
8850,North I,34.16501,73.26535,Non DG,Un Guarded
7752,Central I,32.48866,74.50678,DG,Un Guarded
6707,North I,33.6228,72.9697,Non DG,Un Guarded
4934,Central II,31.4919,72.52706,Non DG,Guarded
CII-2180,Central II,31.06219,72.89028,Non DG,Guarded
2991,North I,33.86924,72.43337,Non DG,Un Guarded
9227,South I,25.00873,67.05731,DG,Guarded
3164,Central I,31.53676,74.31368,Non DG,Un Guarded
3055,Central I,31.48466,74.4026,DG,Un Guarded
CII-2746,Central III,30.04707,70.64262,Non DG,Un Guarded
CII-2751,Central III,29.88972,70.65173,Non DG,Un Guarded
CII-2791,Central III,29.84624,70.49551,Non DG,Un Guarded
CII-2752,Central III,29.1001,70.32998,Non DG,Un Guarded
7359,Central I,31.58049,74.31723,Non DG,Un Guarded
8543,North II,32.95971,70.63796,DG,Guarded
2200,North I,32.92331,73.72005,DG,Guarded
6475,South I,24.83416,67.06952,Non DG,Un Guarded
6847,Central II,31.41701,73.07949,Non DG,Un Guarded
5397,Central II,31.76615,72.69599,Non DG,Un Guarded
4628,Central III,30.00573,73.26089,Non DG,Un Guarded
2994,North I,33.96001,72.4437,DG,Un Guarded
CI-1768,Central I,31.59393,74.4397,Non DG,Un Guarded
1444,South III,30.91557,66.43816,Non DG,Guarded
N-5275,North I,34.2247,73.23555,Non DG,Un Guarded
4550,Central II,30.48986,72.54075,DG,Un Guarded
2612,North I,33.00078,72.64644,Non DG,Un Guarded
N-5270,North I,32.99483,72.38992,Non DG,Un Guarded
N-5211,North II,34.03135,72.6039,Non DG,Un Guarded
N-5276,North II,34.07426,72.61879,Non DG,Un Guarded
N-5256,North II,34.49589,71.73008,Non DG,Un Guarded
N-5242,North II,33.9897,71.88294,Non DG,Un Guarded
N-5249,North II,34.07487,71.75868,Non DG,Un Guarded
N-5225,North II,32.8934,70.97479,Non DG,Un Guarded
N-5223,North II,32.96719,70.901,Non DG,Un Guarded
N-5335,North II,33.93563,71.45194,DG,Guarded
1685,South II,27.57032,68.20658,DG,Guarded
N-5617,North II,33.79835,70.60402,Non DG,Un Guarded
7226,Central I,31.59399,74.29999,Non DG,Un Guarded
2442,North I,33.80651,72.90988,DG,Guarded
6671,North I,33.14978,73.74034,DG,Un Guarded
4698,Central II,30.43574,73.70417,DG,Un Guarded
N-5626,North II,33.82721,70.64598,Non DG,Un Guarded
4865,Central III,29.12937,71.26783,DG,Guarded
N-5566,North II,33.82789,70.72511,Non DG,Un Guarded
N-5233,North II,34.01596,71.57321,Non DG,Un Guarded
7755,Central I,32.46795,74.53154,DG,Guarded
N-5255,North II,34.0407,71.52621,Non DG,Un Guarded
N-5257,North II,34.0309,71.62934,Non DG,Un Guarded
CII-2286,Central III,30.44875,72.360278,Non DG,Un Guarded
8994,North I,33.05625,73.78865,DG,Guarded
3685,Central I,32.73807,73.92305,DG,Guarded
4237,Central II,31.26277,72.35544,Non DG,Un Guarded
R023,North I,34.5943748,73.0998525,DG,Guarded
3311,Central I,32.14123,74.19162,DG,Guarded
N-4091,North II,33.95967,71.44225,Non DG,Guarded
N-5240,North II,34.3031,71.65142,Non DG,Un Guarded
N-5336,North I,33.58208,73.00387,Non DG,Un Guarded
8037,North I,33.65589,73.03804,DG,Guarded
3916,Central I,32.131,74.2082,Non DG,Un Guarded
N-5227,North I,33.5371,73.05495,Non DG,Un Guarded
N-4483,North II,34.79482,71.41107,Non DG,Un Guarded
CII-2254,Central II,31.82435,70.8933,DG,Un Guarded
7806,Central I,32.56783,74.065968,Non DG,Un Guarded
N-5700,North II,34.0408,71.3923,Non DG,Un Guarded
N-5272,North I,33.741,72.8403,Non DG,Un Guarded
N-5323,North I,33.8121,72.728,Non DG,Un Guarded
1139,South II,25.37055,68.35223,Non DG,Guarded
4527,Central II,30.68233,73.1068,DG,Un Guarded
9801,South II,25.42151,68.27158,DG,Guarded
6300,South I,24.90812,67.12174,Non DG,Un Guarded
1421,South III,30.21591,67.0016,Non DG,Guarded
CI-1014,Central I,31.72402,73.98221,Non DG,Un Guarded
7624,Central I,31.18894,73.99307,DG,Guarded
N-4142,North I,32.92404,74.07675,DG,Un Guarded
1323,South II,25.49774,69.56005,Non DG,Guarded
3622,Central I,32.81459,73.86378,DG,Un Guarded
9263,South I,24.83449,67.13056,DG,Guarded
2857,North I,34.3888,73.2091,Non DG,Guarded
2984,North II,34.55163,72.44821,DG,Guarded
N-4429,North II,34.01079,71.98457,Non DG,Un Guarded
8625,North I,34.09851,73.06609,DG,Un Guarded
N-4929,North II,34.5886,71.70767,Non DG,Un Guarded
6606,North II,34.00019,72.11532,DG,Guarded
6736,North I,33.5518,73.1177,Non DG,Un Guarded
S-3534,South III,30.28897,69.89428,DG,Guarded
6403,South I,24.85635,67.21171,Non DG,Un Guarded
1121,South II,25.35876,68.35672,Non DG,Un Guarded
9081,South I,24.90742,67.05893,DG,Guarded
1593,South II,28.24142,69.17597,DG,Guarded
N-5120,North II,32.99066,70.60507,DG,Guarded
5836,Central III,30.29169,71.93259,Non DG,Un Guarded
4771,Central II,31.7185,73.3726,Non DG,Un Guarded
3G-N-1600,North II,33.994203,72.012997,Non DG,Un Guarded
5770,Central II,32.57236,71.54355,Non DG,Un Guarded
6461,South I,24.94401,67.10063,Non DG,Un Guarded
4554,Central III,30.11751,72.52188,DG,Guarded
4031,Central II,31.44985,73.11253,DG,Guarded
8024,North I,33.60028,72.98281,DG,Guarded
4153,Central III,29.92141,71.16203,DG,Un Guarded
6092,South II,25.51353,69.01341,Non DG,Un Guarded
5866,Central III,30.0603,70.64419,Non DG,Un Guarded
2254,North I,32.635695,73.005462,Non DG,Guarded
S-7307,South I,25.03508,66.88088,Non DG,Un Guarded
6762,South I,24.92323,67.17792,DG,Guarded
6756,South I,24.90393,67.0886,Non DG,Un Guarded
1777,South II,24.83351,69.60395,DG,Guarded
7040,Central I,31.47326,74.32101,DG,Guarded
1518,South III,30.21957,67.03109,DG,Guarded
1851,South III,26.93927,63.963071,DG,Guarded
4939,Central III,30.08026,73.45726,Non DG,Guarded
1110,South II,25.37933,68.33506,DG,Guarded
8991,North I,33.14476,73.76874,DG,Guarded
CI-1468,Central I,31.46869,74.373,Non DG,Un Guarded
N-5717,North II,33.954,71.493206,Non DG,Un Guarded
N-5715,North II,34.0041,71.55738,Non DG,Un Guarded
N-5745,North II,33.5442,71.439529,Non DG,Un Guarded
N-5448,North II,34.1216,71.3889,Non DG,Un Guarded
N-5782,North II,33.0182,70.60397,Non DG,Un Guarded
N-5746,North II,33.6011,71.435856,Non DG,Un Guarded
3602,Central I,32.44044,74.10554,DG,Guarded
N-3775,North II,34.1863052,71.712876,DG,Un Guarded
N-5697,North II,32.9882,70.5925,Non DG,Un Guarded
N-5698,North II,33.0052,70.572307,Non DG,Un Guarded
N-5784,North II,33.5342,71.061033,Non DG,Un Guarded
N-5712,North II,33.9179,71.46684,Non DG,Un Guarded
N-5740,North II,32.9811,70.608453,Non DG,Un Guarded
CI-1612,Central I,31.52634,74.38605,Non DG,Un Guarded
6459,South I,24.87987,67.05829,Non DG,Un Guarded
3355,Central I,31.64482,74.2865,DG,Guarded
N-5720,North II,34.0279,71.57002,Non DG,Un Guarded
N-5689,North II,32.9723,70.61378,Non DG,Un Guarded
N-5719,North II,33.9871,71.46463,Non DG,Un Guarded
CII-2328,Central II,31.24925,72.88809,Non DG,Un Guarded
N-5747,North II,33.5967,71.40417,Non DG,Un Guarded
8943,North I,33.77176,73.89718,DG,Guarded
N-5722,North II,33.9014,71.47321,Non DG,Un Guarded
N-5441,North II,33.1301,71.2294,Non DG,Un Guarded
S-4016,South III,31.2456,70.1107,Non DG,Guarded
S-4002,South III,31.75369,69.59721,Non DG,Guarded
S-4907,South II,26.46251,68.4031,Non DG,Un Guarded
S-4024,South III,30.4195,69.9519,Non DG,Guarded
S-7524,South III,30.385,68.12798,Non DG,Guarded
S-4023,South III,30.5163,69.9811,Non DG,Guarded
S-4015,South III,31.3689,70.142,Non DG,Guarded
4830,Central III,29.1078,70.3135,DG,Guarded
N-5451,North II,34.1392,71.4174,Non DG,Un Guarded
N-5449,North II,33.8472,71.5089,Non DG,Un Guarded
N-5440,North II,33.1607,71.2805,Non DG,Un Guarded
2563,North I,32.74869,72.74919,DG,Guarded
3699,Central I,31.71979,73.9535,DG,Guarded
N-5753,North II,33.5971,71.354145,Non DG,Un Guarded
N-5446,North II,34.067,71.5803,Non DG,Un Guarded
1723,South II,25.29394,68.9062,DG,Guarded
7428,Central I,31.53251,74.316286,Non DG,Un Guarded
2020,North I,33.62224,73.03591,DG,Guarded
S-3019,South I,24.86163,67.15118,Non DG,Un Guarded
1794,South II,24.86186,68.33264,Non DG,Un Guarded
N-5121,North II,32.9927,70.6195,DG,Guarded
7478,Central I,32.4958,74.53492,Non DG,Un Guarded
CI-1174,Central I,32.72583,73.74453,Non DG,Un Guarded
N-5122,North II,32.9855,70.60028,DG,Guarded
N-4284,North II,34.45843,72.49541,Non DG,Un Guarded
S-4077,South III,26.03291,63.97829,Non DG,Guarded
6788,South II,25.81151,68.42323,DG,Un Guarded
8656,North II,33.90784,72.16542,DG,Guarded
N-5128,North II,32.95443,70.58999,DG,Guarded
4162,Central III,30.08278,71.18488,DG,Guarded
N-5800,North II,33.00017,70.61177,DG,Guarded
N-4922,North I,33.67718,72.82207,Non DG,Un Guarded
2488,North II,33.18099,70.95322,Non DG,Un Guarded
S-7501,South III,28.95051,69.3543,DG,Guarded
5645,Central III,29.86808,70.56981,Non DG,Un Guarded
5026,Central III,30.0688,71.33025,DG,Guarded
1613,South III,30.14067,66.99001,Non DG,Un Guarded
2936,North II,33.9412,71.96934,Non DG,Guarded
8902,North I,34.31508,73.48201,DG,Guarded
HKASBSC02,Central I,31.118874,74.451721,DG,Un Guarded
5333,Central III,30.16301,73.46087,DG,Guarded
CI-1107,Central I,31.57975,74.30549,Non DG,Un Guarded
2473,North II,33.60944,71.24994,DG,Guarded
7915,Central I,32.37127,74.07326,Non DG,Un Guarded
CII-2096,Central II,31.91891,71.14862,DG,Un Guarded
3918,Central I,32.17119,74.21339,Non DG,Un Guarded
N-5091,North I,33.701302,72.949768,Non DG,Un Guarded
6440,South I,24.9062,67.03946,Non DG,Un Guarded
2406,North II,34.00566,71.77872,DG,Guarded
2194,North II,33.90842,71.4731,DG,Guarded
S-3211,South III,30.22678,66.99757,Non DG,Un Guarded
7526,Central I,31.5802,74.32059,Non DG,Un Guarded
9178,South I,24.89339,67.08656,DG,Un Guarded
4779,Central II,30.82889,72.79908,DG,Guarded
9146,South I,24.94685,67.07238,DG,Un Guarded
4818,Central II,31.42107,72.82719,Non DG,Un Guarded
7952,Central I,31.20801,73.9436,DG,Un Guarded
9149,South I,24.93826,66.99639,DG,Un Guarded
4620,Central III,30.0,73.25799,DG,Un Guarded
1190,South II,25.76879,68.65919,DG,Guarded
4933,Central II,31.49124,72.86199,DG,Guarded
2927,North I,33.78825,72.28656,DG,Un Guarded
1634,South II,27.93925,69.31973,Non DG,Un Guarded
8888,North I,33.6345,73.08881,Non DG,Un Guarded
2146,North II,34.0316,71.57545,DG,Guarded
1305,South II,25.315527778,68.100166667,DG,Guarded
S-3070,South III,30.18089,66.97401,Non DG,Guarded
6487,South I,24.78877,67.06946,Non DG,Un Guarded
6755,South I,25.03041,67.17805,DG,Guarded
3062,Central I,31.55868,74.40607,Non DG,Un Guarded
N-4348,North II,34.027951,71.825303,Non DG,Un Guarded
N-4636,North II,33.90691,71.56021,Non DG,Un Guarded
6000,South I,24.88271,67.00191,DG,Guarded
6058,South I,25.00347,67.0851,Non DG,Un Guarded
2347,North II,34.61366,71.96334,DG,Un Guarded
CII-2589,Central III,29.64432,70.60577,DG,Un Guarded
CI-1216,Central I,32.17784,74.35174,DG,Un Guarded
CI-1692,Central I,32.13357,74.21104,Non DG,Un Guarded
R025,North I,34.69403,72.9675002,DG,Un Guarded
9852,South II,25.52216,69.00239,DG,Guarded
7120,Central I,31.39821,74.2282,DG,Guarded
3013,Central I,31.45815,74.35132,DG,Un Guarded
N-4315,North I,33.64151,73.11713,Non DG,Un Guarded
9352,South I,24.87384,67.13558,DG,Guarded
4279,Central III,30.70393,70.65397,Non DG,Guarded
7001,Central I,31.55805,74.36896,DG,Guarded
CI-1561,Central I,31.58376,74.32263,Non DG,Un Guarded
S-3746,South III,27.67546,66.7849,DG,Guarded
CII-2020,Central III,30.1998,71.50517,Non DG,Guarded
5545,Central III,29.32625,71.54574,DG,Un Guarded
CII-2576,Central III,30.71406,70.6531,DG,Un Guarded
S-3682,South III,26.95441,66.11462,DG,Guarded
2493,North I,33.67861,72.64162,DG,Guarded
2527,North I,33.39661,72.48367,DG,Guarded
1903,South III,26.00213,63.08501,DG,Guarded
6649,North II,34.08256,71.62093,DG,Guarded
4877,Central III,29.63755,70.59041,Non DG,Un Guarded
2954,North II,34.392159,71.981504,Non DG,Un Guarded
S-3418,South I,24.82085,67.13002,DG,Un Guarded
5087,Central II,30.91118,72.0953,DG,Guarded
9915,South II,25.70299,68.29527,DG,Un Guarded
5002,Central III,30.19538,71.49613,DG,Guarded
1012,South I,24.900722222,67.033944444,DG,Guarded
4986,Central III,30.325,70.974,Non DG,Un Guarded
9285,South I,24.87603,67.01812,Non DG,Un Guarded
7906,Central I,32.798901,73.953857,Non DG,Un Guarded
1856,South III,29.23824,61.57726,DG,Guarded
2843,North I,34.01212,72.90753,Non DG,Un Guarded
9064,South I,24.91279,67.11881,Non DG,Un Guarded
8269,North I,33.57574,73.13689,Non DG,Un Guarded
6543,South II,25.15342,67.8033,Non DG,Un Guarded
9510,South I,24.94908,67.02401,DG,Guarded
2285,North I,32.58873,73.04334,DG,Guarded
9123,South I,24.86415,67.02306,Non DG,Un Guarded
6980,Central III,28.71358,69.89466,Non DG,Un Guarded
7165,Central I,31.49455,74.27348,DG,Guarded
5332,Central III,29.39177,71.70668,DG,Guarded
9958,South II,26.7931,67.98659,DG,Un Guarded
1158,South II,25.39545,68.33362,DG,Guarded
2086,North I,33.58582,73.08894,DG,Un Guarded
2068,North I,33.67803,73.06374,DG,Un Guarded
9219,South I,24.89197,67.20221,DG,Guarded
CI-1061,North I,32.84882,73.67345,Non DG,Un Guarded
5596,Central II,31.72838,73.53475,DG,Guarded
5427,Central III,28.89956,70.61078,DG,Guarded
9198,South I,24.97367,67.120941,Non DG,Un Guarded
6030,South I,24.83049,67.16527,Non DG,Un Guarded
QTARNC02,South III,30.19920995,67.00728372,Non DG,Un Guarded
PTCL Mithi,South II,24.72968,69.80005,Non DG,Un Guarded
3021,Central I,31.20754,73.93859,DG,Guarded
3751,Central I,32.24734,74.26273,DG,Guarded
1394,South III,30.22488,66.98914,Non DG,Guarded
5528,Central III,28.70798,70.436,DG,Guarded
N-4311,North II,34.0381,71.58882,Non DG,Un Guarded
9553,South I,24.80428,67.0471,Non DG,Un Guarded
4305,Central II,32.60714,71.66035,DG,Guarded
1727,South II,25.26019,68.65922,DG,Guarded
3428,Central I,32.48713,74.5288,DG,Guarded
S-3729,South III,27.55567,65.77493,DG,Guarded
9289,South I,24.89105,67.04954,Non DG,Un Guarded
S-3215,South III,30.0895,66.95816,DG,Guarded
9009,South I,24.93955,67.04252,DG,Guarded
6898,Central III,30.0694,71.18107,DG,Guarded
CI-1012,Central I,31.42467,74.36991,Non DG,Guarded
2110,North II,34.0223,71.58136,DG,Guarded
S-3412,South II,27.58871,68.00642,Non DG,Un Guarded
9159,South I,24.8181,67.3416,DG,Guarded
2158,North II,34.00398,71.59034,Non DG,Guarded
1838,South III,29.5522,66.0305,Non DG,Guarded
1961,South II,27.94537,68.64739,DG,Guarded
9306,South I,24.85976,67.02053,DG,Guarded
N-4269,North II,33.15558,71.32098,DG,Un Guarded
6446,South I,24.89382,67.15225,Non DG,Un Guarded
8833,North I,33.60331,73.01947,Non DG,Un Guarded
8069,North I,33.69229,73.03855,DG,Guarded
N-4248,North II,34.196,72.22932,Non DG,Guarded
N-4742,North II,34.22167,72.34778,Non DG,Guarded
5114,Central II,31.61407,71.06313,DG,Un Guarded
8323,North I,33.58852,73.0562,Non DG,Un Guarded
6289,South II,25.3956,68.3416,Non DG,Un Guarded
1027,South I,24.850888889,67.065944444,DG,Guarded
6521,South III,28.61298,67.48705,DG,Guarded
N-4478,North II,34.91279,72.01364,DG,Un Guarded
1938,South II,26.72829,67.78318,Non DG,Un Guarded
1577,South II,28.25064,69.18478,DG,Guarded
S-3845,South II,25.39638,68.33699,Non DG,Un Guarded
5036,Central III,29.98858,71.61712,Non DG,Guarded
9500,South I,24.9187,67.25693,DG,Guarded
7951,Central I,30.73025,74.11455,Non DG,Un Guarded
8098,North I,33.46392,72.91427,DG,Guarded
CI-1357,Central I,31.04853,74.49834,DG,Un Guarded
3436,Central I,32.55109,74.5531,DG,Guarded
7087,Central I,31.53768,74.38297,Non DG,Un Guarded
4895,Central III,29.7754,71.24554,Non DG,Un Guarded
2336,Central II,32.21657,70.38093,DG,Guarded
CII-2700,Central III,31.20211,70.52357,DG,Un Guarded
4601,Central III,29.40504,71.67665,DG,Guarded
7685,Central I,31.44141,73.62537,DG,Guarded
CI-1565,Central I,31.52203,74.43971,Non DG,Un Guarded
CII-2607,Central III,30.05894,71.18963,Non DG,Guarded
4773,Central II,31.31002,73.66324,Non DG,Un Guarded
S-3788,South III,27.82745,63.03881,DG,Guarded
3261,Central I,31.56152,74.32799,Non DG,Un Guarded
N-4192,North II,34.2685,72.21735,Non DG,Un Guarded
6209,South I,24.8238,67.07407,Non DG,Un Guarded
4572,Central III,30.15382,72.66228,DG,Un Guarded
CII-2323,Central II,31.457845,72.968978,Non DG,Un Guarded
8296,North I,33.57533,73.15097,Non DG,Un Guarded
4425,Central III,30.40229,72.24728,DG,Guarded
9006,South I,24.86032,67.07428,Non DG,Guarded
8107,North I,33.73395,73.09023,DG,Un Guarded
6775,South III,30.17497,67.01264,Non DG,Un Guarded
1840,South III,30.15309,68.56755,DG,Guarded
6342,South II,25.46596,68.72252,Non DG,Un Guarded
5196,Central III,29.97983,73.25549,Non DG,Un Guarded
S-3407,South II,27.54203,68.19582,DG,Un Guarded
CII-2024,Central III,30.20405,71.50569,Non DG,Un Guarded
1498,South III,27.97809,66.5389,Non DG,Un Guarded
3230,Central I,31.55746,74.39397,Non DG,Un Guarded
5637,Central III,29.4111,70.29245,DG,Guarded
1322,South II,25.31364,69.1545,Non DG,Un Guarded
S-3777,South III,28.994,64.403,DG,Guarded
1412,South III,30.19678,67.02564,Non DG,Guarded
5764,Central II,31.54701,73.20314,DG,Guarded
N-4223,North I,33.40709,73.19818,Non DG,Un Guarded
1737,South II,28.130694,69.567369,DG,Guarded
3028,Central I,31.53793,74.3207,Non DG,Un Guarded
CII-2236,Central II,31.4863,73.26041,Non DG,Un Guarded
9147,South I,24.94046,67.06912,DG,Un Guarded
9686,South II,25.39219,68.3716,Non DG,Un Guarded
3610,Central I,32.55955,74.08193,DG,Guarded
4286,Central III,31.13194,70.505417,Non DG,Un Guarded
4228,Central II,31.26305,72.31843,DG,Un Guarded
5215,Central III,29.6045,72.84114,DG,Un Guarded
1621,South II,28.02483,69.56608,DG,Guarded
3301,Central I,32.16217,74.18797,DG,Un Guarded
7247,Central I,31.53956,74.30975,Non DG,Un Guarded
S-3631,South III,28.88533,66.30641,DG,Guarded
2486,North II,33.1159,70.9114,Non DG,Guarded
1426,South III,30.19244,67.02512,Non DG,Guarded
2274,North I,34.4273821,73.2504291,Non DG,Un Guarded
9177,South I,24.83263,66.98394,DG,Un Guarded
9083,South I,24.87742,67.00634,DG,Guarded
5044,Central III,29.9213,71.54518,Non DG,Un Guarded
2515,North I,33.19148,73.34635,Non DG,Un Guarded
S-3639,South III,28.67644,66.59643,DG,Guarded
CI-1649,Central I,31.56373,74.28615,Non DG,Un Guarded
9965,South II,26.88666,67.41897,DG,Guarded
3099,Central I,31.5432,74.27966,DG,Guarded
5269,Central II,30.89167,73.299417,Non DG,Un Guarded
UKTR05,South III,29.08305,67.14742,Non DG,Un Guarded
S-4429,South II,25.33734,68.36575,Non DG,Un Guarded
5150,Central II,32.15747,71.26861,DG,Un Guarded
3G-S-4975,South I,24.802125,67.031211,Non DG,Un Guarded
S-7605,South III,30.08822,67.23695,DG,Un Guarded
S-7610,South III,30.06284,67.21347,DG,Un Guarded
N-4274,North I,34.2189,73.24208,Non DG,Un Guarded
1509,Central III,28.4357,70.29103,DG,Un Guarded
S-4256,South II,27.212968,68.810253,Non DG,Un Guarded
2985,North II,34.55694,72.3538,DG,Guarded
8983,North I,33.46755,73.67623,DG,Guarded
6285,South II,25.4087,68.34837,DG,Guarded
2106,North II,34.0183888888888,71.5379444444444,DG,Guarded
CII-2039,Central II,30.65128,73.10227,Non DG,Un Guarded
N-5762,North I,32.925008,72.85839,Non DG,Un Guarded
4531,Central II,30.64577,73.07774,DG,Guarded
6842,Central III,30.20091,71.53673,Non DG,Un Guarded
6665,North I,33.5925,73.12225,Non DG,Guarded
4649,Central III,29.28945,70.45177,DG,Guarded
8761,North I,34.04629,73.6448,DG,Guarded
CII-2228,Central III,28.4255,70.31611,Non DG,Un Guarded
3441,Central I,32.342854,74.70211,DG,Guarded
7525,Central I,31.5112,74.32047,Non DG,Un Guarded
5696,Central II,30.4673,72.67552,Non DG,Un Guarded
8155,North I,33.5306,73.11209,DG,Un Guarded
8056,North I,33.72399,73.08393,Non DG,Un Guarded
2025,North I,33.6877,73.0329,Non DG,Un Guarded
5075,Central II,30.68541,71.74633,DG,Un Guarded
2239,North I,32.78255,73.1001,DG,Guarded
N-4735,North II,34.18367,72.34886,Non DG,Un Guarded
N-4437,North I,32.7368,72.8549,Non DG,Un Guarded
6604,North II,32.95664,70.50314,DG,Guarded
N-4136,North I,32.94823,72.6316,DG,Guarded
N-5760,North I,32.937868,72.88541,Non DG,Un Guarded
9139,South I,24.93914,67.14021,DG,Un Guarded
8424,North I,33.66197,73.05834,Non DG,Un Guarded
9821,South II,25.38744,68.42863,DG,Guarded
CI-1234,Central I,31.25617,74.23805,Non DG,Un Guarded
4422,Central III,30.4299,72.358,DG,Un Guarded
2115,North II,33.98977,71.57717,DG,Guarded
8240,North I,33.70292,73.05249,DG,Guarded
N-3246,North I,34.00997,73.06232,Non DG,Un Guarded
6663,North II,34.00654,71.57635,Non DG,Un Guarded
N-4959,North II,34.80687,71.66772,Non DG,Un Guarded
N-3372,North II,34.85913,71.85166,Non DG,Un Guarded
9748,South II,27.75663,68.45845,DG,Un Guarded
7300,Central I,31.41224,74.36615,DG,Guarded
2455,North II,34.21321,72.32999,DG,Guarded
N-3433,North II,34.46153,72.59279,Non DG,Un Guarded
4737,Central II,31.92775,72.73542,DG,Un Guarded
1959,South II,26.18406,68.9684,DG,Guarded
5713,Central III,30.96219,70.93882,Non DG,Un Guarded
S-4472,South I,24.86395,67.1637,Non DG,Un Guarded
3383,Central I,32.62567,74.44423,DG,Guarded
S-3424,South III,30.10421,66.99473,DG,Guarded
7212,Central I,31.52481,74.29447,DG,Guarded
9501,South I,24.9795,67.0768,DG,Guarded
N-3430,North I,33.73907,73.18513,Non DG,Un Guarded
5472,Central II,31.32201,72.72612,DG,Un Guarded
8559,North II,33.59658,71.43349,DG,Guarded
N-3396,North II,34.261,71.549,Non DG,Un Guarded
2167,North II,34.02152,71.45816,DG,Guarded
2378,North II,34.25289,71.76665,Non DG,Un Guarded
3802,Central I,32.58021,72.82479,DG,Guarded
6093,South I,24.84097,67.21295,DG,Un Guarded
S-4503,South I,24.84921,67.33359,Non DG,Un Guarded
1210,South II,27.71622,68.83016,DG,Guarded
1580,South II,27.74681,69.03244,DG,Guarded
S-4456,South I,24.84088,67.01304,Non DG,Un Guarded
6482,South I,24.79674,67.06686,Non DG,Un Guarded
8113,North I,33.68199,73.02804,Non DG,Un Guarded
2903,North II,34.1636,72.0832,DG,Guarded
1568,South II,27.97985,67.74256,DG,Guarded
4264,Central III,29.89152,72.56118,DG,Guarded
1815,South III,30.74213,67.52605,DG,Guarded
N-3432,North I,33.6457,73.15099,Non DG,Un Guarded
3636,Central I,32.56949,73.55678,Non DG,Un Guarded
UBKR12,South III,29.94712,69.71478,DG,Guarded
N-5075,North I,33.68128,72.78919,Non DG,Un Guarded
5599,Central II,31.65942,73.52473,DG,Guarded
9475,South I,24.82356,67.17175,DG,Guarded
8183,North I,33.90849,73.08674,DG,Guarded
S-4150,South II,25.43973,68.36383,Non DG,Un Guarded
3766,Central I,32.47202,74.29098,DG,Un Guarded
3137,Central I,31.39089,74.1928,Non DG,Un Guarded
2702,North I,34.16845,73.22578,DG,Guarded
8221,North I,33.67989,73.14953,DG,Guarded
S-3924,South I,24.95869,67.12266,Non DG,Un Guarded
N-5596,North II,33.332201,71.636791,DG,Guarded
S-4439,South II,25.3529,68.38238,Non DG,Un Guarded
3092,Central I,31.49273,74.42538,Non DG,Un Guarded
5980,Central II,31.62872,71.06033,DG,Un Guarded
5066,Central III,30.33892,72.03262,DG,Guarded
5222,Central III,29.60557,73.13356,Non DG,Un Guarded
7567,Central I,31.58439,74.3229,Non DG,Un Guarded
N-3363,North II,34.14395,71.99539,Non DG,Un Guarded
4091,Central II,31.51377,73.1564,DG,Guarded
1436,South III,30.18414,67.00331,Non DG,Guarded
4019,Central II,31.39387,73.08494,DG,Guarded
CII-2331,Central III,29.620131,70.592298,Non DG,Un Guarded
CII-2285,Central III,30.06228,70.62811,Non DG,Un Guarded
CI-1454,Central I,31.59462,74.48512,Non DG,Un Guarded
CII-2188,Central III,30.245,71.4969,Non DG,Un Guarded
S-3895,South III,31.0591,69.3687,DG,Guarded
5635,Central III,29.34718,70.52495,Non DG,Un Guarded
CII-2123,Central III,30.4619,70.97738,Non DG,Un Guarded
S-4477,South I,24.81377,67.19157,Non DG,Un Guarded
S-7854,South III,25.6115,66.0386,DG,Guarded
CII-2362,Central III,29.147605,70.358147,Non DG,Un Guarded
S-7780,South III,26.49469,65.29016,DG,Guarded
S-4335,South I,24.9407,67.1482,Non DG,Un Guarded
7326,Central I,31.46911,74.31834,Non DG,Un Guarded
7615,Central I,31.27348,74.001,DG,Guarded
N-3554,North I,33.5776,73.0377,Non DG,Un Guarded
N-3344,Central II,32.35395,70.55557,DG,Un Guarded
N-3624,North I,33.51345,73.11868,Non DG,Un Guarded
CII-2079,Central III,29.88711,70.586675,Non DG,Un Guarded
S-7779,South III,26.48356,65.22431,DG,Guarded
N-3158,North I,33.50336,73.10988,Non DG,Un Guarded
5617,Central II,32.10848,72.65264,DG,Guarded
S-4620,South I,24.99725,67.11417,Non DG,Un Guarded
N-3427,North II,34.07334,72.55239,Non DG,Un Guarded
N-3508,North II,34.01264,71.97783,Non DG,Un Guarded
7313,Central I,31.44481,74.30159,Non DG,Un Guarded
6979,South III,30.19005,67.01894,Non DG,Un Guarded
N-5140,North II,33.9997,71.9168,Non DG,Un Guarded
6594,South I,24.9057,67.18405,Non DG,Un Guarded
CII-2066,Central III,30.028957,70.723983,Non DG,Un Guarded
CI-1241,Central I,31.45271,74.4397,Non DG,Un Guarded
S-4565,South I,24.99014,67.09573,Non DG,Un Guarded
3262,Central I,31.56152,74.32799,Non DG,Un Guarded
N-3423,North I,34.3418,73.19268,Non DG,Un Guarded
CI-1453,Central I,31.59507,74.468295,Non DG,Un Guarded
4494,Central II,31.344298,71.225798,Non DG,Un Guarded
CII-2386,Central III,30.281,71.59851,Non DG,Un Guarded
S-4527,South I,24.89505,66.98959,Non DG,Un Guarded
S-4566,South I,24.97975,67.08929,Non DG,Un Guarded
CII-2243,Central III,30.06803,70.64706,Non DG,Un Guarded
S-4584,South III,30.828,67.74374,DG,Guarded
CII-2060,Central III,29.871718,70.612987,Non DG,Un Guarded
CII-2063,Central III,29.879805,70.52527,Non DG,Un Guarded
S-4537,South I,24.87455,66.90722,Non DG,Un Guarded
S-7530,South III,30.304,68.0195,DG,Guarded
CII-2061,Central III,29.84502,70.519767,Non DG,Un Guarded
CII-2289,Central III,30.04161,70.64797,Non DG,Un Guarded
S-4479,South I,24.9227,67.1064,Non DG,Un Guarded
1177,South I,24.60349,68.07352,Non DG,Un Guarded
CII-2373,Central III,30.46868,70.98931,Non DG,Un Guarded
CII-2341,Central II,31.6407,71.07515,Non DG,Un Guarded
9542,South I,24.94943,66.9601,Non DG,Guarded
S-4750,South III,30.25297,67.01735,Non DG,Un Guarded
4259,Central III,30.02255,72.82246,Non DG,Un Guarded
S-4521,South I,24.95883,66.93465,Non DG,Un Guarded
3997,Central I,32.25175,73.79603,DG,Guarded
1216,South II,27.69348,68.85658,Non DG,Guarded
S-4436,South II,25.1785,69.56107,Non DG,Un Guarded
S-3102,South II,28.25227,69.77611,DG,Guarded
S-7884,South III,30.18057,66.96226,Non DG,Un Guarded
CII-2284,Central III,30.04565,70.65046,Non DG,Un Guarded
S-4331,South III,30.1716,66.98535,Non DG,Un Guarded
S-7912,South I,24.95785,67.15412,Non DG,Un Guarded
S-4493,South I,24.84112,67.09632,Non DG,Un Guarded
N-3559,Central II,32.1618,70.13365,DG,Un Guarded
N-5987,North I,33.748339,72.75852,Non DG,Un Guarded
N-3647,North I,33.493801,73.29876,Non DG,Un Guarded
N-3567,North I,32.92529,72.78097,Non DG,Un Guarded
S-4548,South I,24.86576,66.92245,Non DG,Un Guarded
7622,Central I,31.11235,73.73481,DG,Guarded
N-3280,North I,33.39668,73.22466,Non DG,Un Guarded
N-3364,North II,34.051,71.904,DG,Guarded
4849,Central III,29.53311,70.33489,Non DG,Un Guarded
9266,South I,24.87257,67.3502,DG,Guarded
CII-2368,Central III,30.4408,72.34953,Non DG,Un Guarded
N-3309,North II,33.187113,71.16489,DG,Un Guarded
S-4342,South I,24.86217,67.14607,Non DG,Un Guarded
CI-1243,Central I,31.52113,74.35076,Non DG,Un Guarded
N-3341,North II,34.16272,72.36627,Non DG,Un Guarded
S-4433,South II,25.5123,69.00404,Non DG,Un Guarded
8159,North I,33.63034,73.11525,DG,Guarded
CII-2376,Central III,30.960122,70.95188,Non DG,Un Guarded
N-3265,North I,33.6318,72.9326,Non DG,Un Guarded
S-4394,South I,24.856119,67.270881,Non DG,Un Guarded
CII-2369,Central III,30.14447,71.51506,Non DG,Un Guarded
N-3612,North I,33.55145,73.06677,Non DG,Un Guarded
CII-2067,Central III,29.825488,70.652367,Non DG,Un Guarded
7960,Central I,30.85849,74.03795,DG,Guarded
CII-2357,Central II,31.25305,72.35404,Non DG,Un Guarded
N-5815,North I,33.69855,73.08926,Non DG,Un Guarded
S-4216,South III,30.1151,67.00996,Non DG,Un Guarded
1143,South II,25.52281,69.01333,DG,Guarded
7474,Central I,32.1582,74.18277,Non DG,Un Guarded
N-3837,North II,34.2255,71.5793,Non DG,Un Guarded
S-4841,South I,24.819628,67.112897,Non DG,Un Guarded
9945,South II,26.2935,68.62372,DG,Guarded
N-5304,North I,33.56298,73.01437,Non DG,Un Guarded
S-4059,South III,30.16227,68.03239,DG,Guarded
S-4085,South III,26.93576,65.47766,Non DG,Guarded
2913,North II,34.17936,72.39951,Non DG,Un Guarded
S-7845,South III,26.84827,65.41392,DG,Guarded
5793,Central III,30.0689,70.64386,DG,Guarded
S-4013,South III,29.89654,69.55448,DG,Guarded
N-3330,North II,33.427414,71.59192,Non DG,Un Guarded
S-7496,South III,30.02022,68.4764,DG,Guarded
S-4089,South III,27.73865,66.34156,DG,Guarded
S-4108,South III,27.7295,66.9626,Non DG,Guarded
S-4113,South III,27.69809,67.134,Non DG,Guarded
2817,North I,33.78415,72.71884,Non DG,Un Guarded
S-4086,South III,27.10649,65.58654,Non DG,Guarded
S-4107,South III,27.7206,66.9281,Non DG,Guarded
S-4109,South III,27.7334,67.0275,Non DG,Guarded
S-4447,South II,25.929675,68.624769,Non DG,Un Guarded
S-4058,South III,30.23529,68.06586,Non DG,Guarded
S-4097,South III,25.66121,62.67333,Non DG,Guarded
S-7528,South III,30.35223,68.07679,DG,Guarded
N-3711,North I,33.6077,73.1004,Non DG,Un Guarded
N-3836,North II,33.45992,70.93078,Non DG,Un Guarded
S-4114,South III,27.79275,67.16915,Non DG,Guarded
S-4068,South III,25.60188,62.7119,Non DG,Un Guarded
5161,Central II,32.35718,71.40032,DG,Guarded
N-5982,North I,33.72293,73.07908,,
S-4177,South I,24.900782,67.050893,Non DG,Un Guarded
S-4161,South I,24.90148,67.06604,Non DG,Un Guarded
N-3019,North I,33.618492,72.92693,Non DG,Un Guarded
S-4270,South III,25.1396,62.32419,Non DG,Un Guarded
S-4261,South I,24.87921,67.07181,Non DG,Un Guarded
S-7899,South I,24.90263,67.00019,Non DG,Un Guarded
S-7973,South III,25.190883,62.335975,Non DG,Un Guarded
N-5883,North II,32.97897,70.61216,Non DG,Un Guarded
S-3848,South III,30.87437,69.1493,DG,Guarded
N-3425,North I,34.3604,73.21015,Non DG,Un Guarded
S-4496,South I,24.84367,67.14033,Non DG,Un Guarded
9362,South I,24.91844,67.1442,DG,Guarded
4096,Central II,31.449931,72.988435,Non DG,Un Guarded
CII-2205,Central II,31.65251,73.18103,Non DG,Un Guarded
7811,Central I,32.52519,74.09515,Non DG,Un Guarded
6891,Central III,30.233,71.4758,Non DG,Un Guarded
5464,Central II,31.63747,73.43335,DG,Guarded
S-3547,South III,30.98688,67.83864,DG,Guarded
S-7850,South III,26.33827,66.22925,DG,Guarded
CI-1069,Central I,31.80517,74.24653,Non DG,Un Guarded
8090,North I,33.7587,73.219,DG,Guarded
4367,Central II,32.29939,72.3508,Non DG,Un Guarded
N-4726,North II,33.92504,71.35975,Non DG,Un Guarded
S-4622,South I,24.91897,66.96436,Non DG,Un Guarded
3241,Central I,31.58156,74.31126,Non DG,Un Guarded
S-7017,South II,27.8404,67.91059,Non DG,Un Guarded
5080,Central II,30.73321,71.98063,DG,Un Guarded
2884,North II,34.10037,71.79764,DG,Guarded
N-5108,North I,33.8693,73.7386,Non DG,Un Guarded
7613,Central I,31.31261,74.16128,DG,Un Guarded
S-7876,South I,24.89143,67.08125,Non DG,Un Guarded
8084,North I,33.54616,73.0805,DG,Guarded
9276,South I,24.9165,67.1298,Non DG,Un Guarded
7621,Central I,31.25716,74.22481,DG,Guarded
2335,North II,34.39075,72.51201,DG,Un Guarded
9073,South I,24.9327,67.20873,Non DG,Guarded
CII-2100,Central II,30.93671,72.68103,Non DG,Un Guarded
S-3134,South I,24.89675,67.21121,Non DG,Un Guarded
2876,North I,33.91323,72.52109,DG,Guarded
CII-2282,Central III,29.53985,70.611,DG,Un Guarded
N-5742,North I,33.59316,72.99293,Non DG,Un Guarded
S-4510,South I,24.9907,67.03664,Non DG,Un Guarded
S-4466,South I,24.823253,67.00446,Non DG,Un Guarded
2437,North I,34.02636,73.37436,DG,Guarded
8305,North I,33.6911,73.05703,Non DG,Un Guarded
2163,North II,33.9902,71.45338,DG,Guarded
2119,North II,34.01115,71.59852,DG,Guarded
6644,North II,33.99694,71.47004,Non DG,Un Guarded
1906,South III,25.33475,62.69333,DG,Guarded
N-4127,North I,33.63374,72.05824,Non DG,Un Guarded
5899,Central III,29.80148,71.73921,Non DG,Un Guarded
2536,North I,33.000817,73.146954,Non DG,Un Guarded
35-SU-KHI-MSC2-655,South I,24.885559,67.167701,Non DG,Un Guarded
3122,Central I,31.567791,74.340308,Non DG,Un Guarded
ATCA MSC OSN 3500 20013-converter,South I,24.865278,67.064673,Non DG,Un Guarded
3528,Central I,31.18852,73.87618,DG,Guarded
35-SU-KHI-MSC2-915,South I,24.885559,67.167701,Non DG,Un Guarded
ATCA MSC OSN 3500 20012-converter,South I,24.865278,67.064673,Non DG,Un Guarded
1065,South I,24.8924,67.17312,Non DG,Guarded
S-3805,South III,28.49473,66.25487,Non DG,Un Guarded
S-3644,South III,28.72791,66.74357,DG,Guarded
8766,North I,33.93988,73.81665,DG,Guarded
6959,Central II,30.81248,73.55706,Non DG,Un Guarded
7494,Central I,31.5809,74.3247,Non DG,Un Guarded
S-7730,South III,26.90887,63.50571,DG,Guarded
N-4180,North I,34.3603,73.4675,Non DG,Un Guarded
S-7725,South III,26.67014,63.36819,DG,Guarded
S-7724,South III,26.66835,63.48373,DG,Guarded
S-7731,South III,26.92278,63.78376,DG,Guarded
S-7601,South III,29.88895,67.07731,DG,Un Guarded
N-4906,North I,33.6193,73.8628,Non DG,Un Guarded
8425,North I,33.68165,72.98623,Non DG,Un Guarded
S-7719,South III,26.7522,64.03103,DG,Guarded
2928,North I,33.79384,72.42087,DG,Guarded
5153,Central II,31.84225,70.91933,DG,Un Guarded
N-4976,North II,34.5787,72.44805,Non DG,Un Guarded
4763,Central II,30.85999,72.54411,DG,Un Guarded
8662,North II,34.01683,71.97526,Non DG,Un Guarded
8500,North II,33.99888,71.4335,Non DG,Un Guarded
4685,Central II,30.72807,72.64455,Non DG,Un Guarded
9557,South I,24.91711,67.00601,Non DG,Un Guarded
5631,Central III,29.2539,70.2504,Non DG,Un Guarded
3070,Central I,31.24283,74.00106,DG,Guarded
N-4966,North II,34.78119,71.61423,Non DG,Un Guarded
CI-1496,Central I,32.1598,74.18809,Non DG,Un Guarded
1416,South III,30.22503,66.97948,DG,Guarded
7551,Central I,31.58466,74.32125,Non DG,Un Guarded
8015,North I,33.59902,73.01492,DG,Guarded
3061,Central I,31.50895,74.29138,Non DG,Un Guarded
4210,Central II,31.15208,72.67946,DG,Guarded
4333,Central II,31.47769,71.03193,DG,Un Guarded
8061,North I,33.7079,73.04552,DG,Guarded
3718,Central I,32.50396,74.5239,Non DG,Un Guarded
2611,North I,33.1694,72.61348,DG,Guarded
7086,Central I,31.54489,74.38501,Non DG,Un Guarded
S-3060,South II,25.38229,68.38202,Non DG,Un Guarded
S-3216,South III,30.13685,67.0108,Non DG,Un Guarded
N-4173,North II,33.88559,70.11292,DG,Guarded
5653,Central III,29.88572,70.64795,Non DG,Un Guarded
CII-2566,Central II,30.83404,72.0662,Non DG,Un Guarded
N-5195,North II,33.96674,71.45597,Non DG,Un Guarded
4441,Central III,30.40885,71.87568,DG,Guarded
N-5168,North II,34.17734,72.05043,Non DG,Un Guarded
6091,South II,25.52841,69.00904,Non DG,Un Guarded
CII-2675,Central III,30.03131,70.64461,DG,Un Guarded
2186,North II,34.0064,71.5086,Non DG,Un Guarded
6568,South I,24.88761,67.06871,Non DG,Un Guarded
7659,Central I,31.18237,74.147946,DG,Guarded
7453,Central I,32.49627,74.53761,Non DG,Un Guarded
4412,Central III,30.2617016666,72.73938333333,DG,Guarded
2561,North I,33.58857,73.55626,DG,Guarded
8875,North II,34.009932,71.603594,Non DG,Un Guarded
2211,North I,32.86628,73.60173,DG,Guarded
8688,North II,33.96329,71.41842,DG,Guarded
S-3847,South III,30.57313,68.86505,DG,Guarded
4033,Central II,31.44475,73.12433,DG,Guarded
5556,Central II,30.35241,73.18832,Non DG,Un Guarded
5603,Central III,30.55413,72.11664,DG,Guarded
8587,North II,33.607018,71.417296,DG,Guarded
7185,Central I,31.53325,74.26748,DG,Guarded
S-3678,South I,24.8497732,66.9997868,Non DG,Un Guarded
1957,South II,27.3786,67.92154,DG,Guarded
2836,North I,34.20595,73.06778,DG,Un Guarded
3748,Central I,32.30594,74.23178,DG,Un Guarded
3409,Central I,32.50934,74.54264,DG,Guarded
3575,Central I,31.0862,74.05617,DG,Guarded
CII-2177,Central II,31.01704,72.86139,Non DG,Un Guarded
8865,North I,33.49899,73.10379,Non DG,Un Guarded
2956,North II,34.39002,71.89744,DG,Guarded
CII-2519,Central II,30.84064,72.4214,Non DG,Un Guarded
8673,North II,34.0473,71.5812,Non DG,Un Guarded
4227,Central II,31.28774,72.32125,DG,Un Guarded
4261,Central III,29.97276,71.8778,DG,Guarded
9231,South I,24.98737,67.18636,DG,Guarded
1034,South I,24.896583333,67.190194444,DG,Un Guarded
N-5480,North II,33.92694,71.50227,Non DG,Un Guarded
N-4968,North II,32.86932,70.88955,Non DG,Un Guarded
N-5152,North II,33.992937,71.572709,Non DG,Un Guarded
N-4377,North II,33.95678,71.45311,Non DG,Un Guarded
N-4652,North II,33.47155,70.41963,Non DG,Un Guarded
N-4813,North II,33.68174,70.3274,Non DG,Un Guarded
N-5474,North II,33.97151,71.48973,Non DG,Un Guarded
N-5482,North II,34.02452,71.54856,Non DG,Un Guarded
N-5479,North II,33.93682,71.48322,Non DG,Un Guarded
N-5402,North II,34.06043,71.55713,Non DG,Un Guarded
6954,Central III,29.44819,70.59273,DG,Guarded
6748,North II,34.02603,71.5964,Non DG,Un Guarded
S-3222,South II,25.7563,68.64919,Non DG,Un Guarded
N-4969,North II,32.82216,70.45161,Non DG,Un Guarded
6544,South III,30.09724,66.94942,Non DG,Guarded
PTCL Exchange Umer Kot Rajanpur,Central III,25.3682916666666,69.7409966666666,Non DG,Un Guarded
N-5454,North II,33.92443,71.45869,Non DG,Un Guarded
CII-2295,Central III,30.025569,70.620805,Non DG,Un Guarded
N-5525,North II,33.99251,71.6138,Non DG,Un Guarded
N-4994,North II,32.84303,71.02724,Non DG,Un Guarded
N-4993,North II,32.87368,71.02308,Non DG,Un Guarded
N-5370,North II,34.00374,71.64977,Non DG,Un Guarded
N-5125,North II,33.0188,70.62508,Non DG,Un Guarded
CI-1047,Central I,32.40794,75.00175,DG,Guarded
N-5962,North II,33.116783,71.10433,Non DG,Un Guarded
N-5554,North II,33.99795,71.41331,Non DG,Un Guarded
N-5013,North II,34.67498,72.06515,Non DG,Un Guarded
N-3117,North II,32.89393,70.63852,DG,Un Guarded
1172,South II,25.81676,68.42013,DG,Guarded
8133,North I,33.57551,73.0124,DG,Guarded
2699,North I,33.7698,72.37758,Non DG,Un Guarded
5493,Central II,30.63193,73.72894,DG,Un Guarded
3646,Central I,31.6824,74.19705,Non DG,Guarded
CI-1183,Central I,32.28927,74.09138,Non DG,Un Guarded
4537,Central II,30.65618,73.11721,Non DG,Un Guarded
1063,South I,24.96944,67.06709,Non DG,Un Guarded
S-3268,South III,30.144173,66.985888,Non DG,Un Guarded
1845,South III,30.469365,67.590191,DG,Guarded
9567,South I,24.86556,67.06444,Non DG,Un Guarded
S-3058,South II,28.54755,68.22276,Non DG,Un Guarded
8171,North I,33.63304,73.05549,Non DG,Guarded
1362,South III,30.57051,66.86234,DG,Guarded
2343,North II,34.80479,72.4006,DG,Guarded
8127,North I,33.6215,72.97998,DG,Guarded
2776,North I,34.52225,73.07993,Non DG,Un Guarded
2896,North II,36.27358,72.26106,DG,Guarded
5497,Central II,32.16879,71.41599,DG,Un Guarded
8335,North I,33.71517,73.10191,Non DG,Un Guarded
3307,Central I,32.23546,74.10595,DG,Guarded
8130,North I,33.61563,73.03613,DG,Un Guarded
N-4849,North II,34.79454,72.41443,Non DG,Un Guarded
7751,Central I,32.5148,74.51209,DG,Un Guarded
9179,South I,24.8298,67.03389,Non DG,Un Guarded
7179,Central I,31.59403,74.4123,DG,Guarded
S-3925,South I,25.01621,67.15207,DG,Guarded
3040,Central I,31.58933,74.38939,DG,Guarded
2912,North II,34.066509,72.529087,Non DG,Un Guarded
CI-1568,Central I,31.47149,74.44497,Non DG,Un Guarded
4053,Central II,31.4152,73.06188,DG,Un Guarded
4765,Central II,31.57347,73.48587,DG,Guarded
6260,South I,24.97573,66.95248,DG,Guarded
6870,Central III,30.19319,71.46748,Non DG,Un Guarded
9102,South I,24.9504,66.99166,Non DG,Guarded
N-4791,North II,33.59791,71.38955,Non DG,Un Guarded
3411,Central I,31.9849,74.65483,Non DG,Guarded
BSC Multan,Central III,30.19161,71.4518,DG,Un Guarded
CII-2201,Central II,31.57705,72.40609,Non DG,Un Guarded
N-4970,North II,32.82922,70.41093,Non DG,Un Guarded
S3033,South II,28.63934,69.21491,Non DG,Un Guarded
CII-2071,Central III,31.00311,70.94482,Non DG,Un Guarded
7085,Central I,31.58073,74.41934,DG,Guarded
1829,South III,29.79998,66.85239,DG,Guarded
9408,South I,24.85168,66.99874,Non DG,Un Guarded
9703,South II,27.45124,68.18548,DG,Guarded
1768,South II,25.36528,69.74058,Non DG,Un Guarded
3700,Central I,31.77039,74.25811,DG,Un Guarded
N-4923,North II,33.99334,71.43562,Non DG,Un Guarded
4276,Central III,30.7086,70.6431,DG,Guarded
1682,South II,27.44989,68.64436,DG,Guarded
5658,Central III,30.1386,70.67137,DG,Guarded
7568,Central I,31.58439,74.3229,Non DG,Un Guarded
5437,Central III,28.50354,70.67141,DG,Guarded
5523,Central III,29.48486,70.51088,Non DG,Un Guarded
N-4904,North II,34.68657,72.65342,DG,Guarded
4225,Central II,31.25787,72.3478,DG,Un Guarded
CII-2557,Central III,30.05084,70.71021,DG,Guarded
2977,North I,33.43335,72.62789,DG,Un Guarded
4990,Central III,30.49034,70.71997,DG,Guarded
9002,South I,24.80779,67.03949,Non DG,Guarded
4485,Central III,30.46643,70.72669,DG,Guarded
2745,North I,34.923495,72.873726,Non DG,Un Guarded
UKTR13,South III,29.14756,66.34905,DG,Guarded
7256,Central I,31.60091,74.39266,DG,Un Guarded
S-3241,South III,30.36916,68.53338,DG,Guarded
8973,North I,33.13798,73.77584,DG,Guarded
7114,Central I,31.50301,74.34412,DG,Guarded
4583,Central III,29.61888,73.14822,DG,Un Guarded
CII-2642,Central III,29.35824,70.62883,DG,Guarded
4393,Central II,32.28643,72.3447,Non DG,Un Guarded
3168,Central I,31.45039,74.21501,Non DG,Un Guarded
4708,Central II,32.08861,72.67559,DG,Un Guarded
N-3869,North I,33.61253,72.57714,Non DG,Un Guarded
N-3805,North I,33.596783,73.047775,Non DG,Un Guarded
CII-2297,Central III,30.02506,70.63563,Non DG,Un Guarded
S-4866,South III,30.1013,67.94091,DG,Un Guarded
5078,Central III,30.07729,71.05894,Non DG,Un Guarded
S-4857,South III,25.26741,63.472914,Non DG,Un Guarded
S-4854,South III,29.063692,66.599846,Non DG,Un Guarded
N-3832,North I,33.633711,73.066585,Non DG,Un Guarded
HYD-GB-NE40E-X3-A1,South II,25.357661,68.380564,Non DG,Un Guarded
N-3770,North I,33.669246,72.978268,DG,Un Guarded
N-3835,North II,33.12964,71.14849,Non DG,Un Guarded
N-3640,North I,35.901683,74.401365,DG,Un Guarded
N-3645,North I,36.22666,73.45895,DG,Un Guarded
S-4878,South III,30.35039,66.95948,Non DG,Un Guarded
7041,Central I,31.48078,74.34283,Non DG,Un Guarded
HYD-GB-NE40E-X3-A2,South II,25.357661,68.380564,Non DG,Un Guarded
N-3872,North I,33.65002,73.017276,Non DG,Un Guarded
N-3643,North I,35.29574,75.69848,DG,Un Guarded
S-4876,South I,24.867583,67.239826,Non DG,Un Guarded
6507,South II,28.28724,68.43327,DG,Guarded
S-4874,South III,30.21192,66.99181,Non DG,Un Guarded
HYD-PE-NE40E-X8-A1,South II,25.357661,68.380564,Non DG,Un Guarded
6714,North I,33.66395,72.88837,DG,Guarded
N-3642,North I,35.919818,74.26796,DG,Un Guarded
HYD-PE-NE40E-X8-A2,South II,25.357661,68.380564,Non DG,Un Guarded
7487,Central I,31.57839,74.3138,Non DG,Un Guarded
S-4124,South II,28.0957,67.42761,Non DG,Guarded
HYD-S9306-A1,South II,25.357661,68.380564,Non DG,Un Guarded
1438,South III,30.15086,66.99224,DG,Guarded
S-5017,South II,,,Non DG,Un Guarded
S-5023,South II,,,Non DG,Un Guarded
S-5026,South II,,,Non DG,Un Guarded
S-5022,South II,,,Non DG,Un Guarded
S-5020,South II,,,Non DG,Un Guarded
S-5018,South II,,,Non DG,Un Guarded
S-5021,South II,,,Non DG,Un Guarded
3011,Central I,31.54741,74.36176,DG,Guarded
S-5025,South II,,,Non DG,Un Guarded
S-5030,South II,,,Non DG,Un Guarded
S-5032,South II,,,Non DG,Un Guarded
S-5033,South II,,,Non DG,Un Guarded
HYD-S9306-A2,South II,25.357661,68.380564,Non DG,Un Guarded
S-5027,South II,,,Non DG,Un Guarded
S-5024,South II,,,Non DG,Un Guarded
S-5031,South II,,,Non DG,Un Guarded
S-5019,South II,,,Non DG,Un Guarded
CII-2514,Central III,29.831166,70.499729,Non DG,Un Guarded
S-5029,South II,,,Non DG,Un Guarded
3625,Central I,32.70009,73.95637,Non DG,Un Guarded
HBRWBSC02,Central III,30.164278,72.681444,DG,Un Guarded
8547,North II,33.51684,71.60738,DG,Guarded
S-4873,South III,30.93333,66.42363,Non DG,Un Guarded
N-3843,North II,32.97277,70.62811,Non DG,Un Guarded
N-3499,North II,33.60295,71.41547,Non DG,Un Guarded
CII-2588,Central III,30.04666,72.3738,Non DG,Un Guarded
N-3839,North II,33.94707,71.49088,Non DG,Un Guarded
CII-2523,Central III,29.85341,70.488755,Non DG,Un Guarded
N-3845,North II,33.53854,71.54324,Non DG,Un Guarded
CII-2534,Central III,29.71825,70.46024,Non DG,Un Guarded
N-3467,North II,33.01775,70.63625,Non DG,Un Guarded
N-3497,North II,33.51555,71.4411,Non DG,Un Guarded
S-4862,South II,28.54459,68.2168,Non DG,Un Guarded
S-3509,South III,31.61734,69.20625,Non DG,Guarded
S-7535,South III,30.32382,68.10658,Non DG,Guarded
4866,Central III,29.14628,71.25807,DG,Guarded
3615,Central I,32.5384,74.06189,DG,Un Guarded
6964,Central III,29.36521,70.98506,DG,Guarded
5173,Central II,32.77391,71.9513,Non DG,Un Guarded
3330,Central I,32.15659,74.17489,DG,Un Guarded
S-4856,South II,27.856377,67.922656,Non DG,Un Guarded
N-5181,Central II,32.4189,70.0376,Non DG,Un Guarded
N-4611,North II,32.5261,70.60631,Non DG,Un Guarded
8887,North I,33.5383,73.12147,Non DG,Un Guarded
7083,Central I,31.61874,74.24877,Non DG,Un Guarded
6180,South I,24.91129,67.12092,Non DG,Un Guarded
N-5114,Central II,32.5085,70.0332,Non DG,Un Guarded
N-5313,Central II,32.3203,70.1488,Non DG,Un Guarded
N-4434,North I,33.86106,73.76094,Non DG,Un Guarded
5060,Central III,30.46041,72.04323,DG,Guarded
CII-2046,Central III,29.98936,70.615149,Non DG,Un Guarded
3812,Central I,32.05644,73.07593,DG,Guarded
CII-2049,Central III,29.90389,70.661675,Non DG,Un Guarded
4947,Central III,30.17914,71.27724,DG,Guarded
5211,Central III,29.33198,72.95219,DG,Guarded
6926,Central III,29.57713,71.74231,DG,Guarded
9885,South II,25.22293,68.47127,DG,Un Guarded
6203,South I,24.8415,67.03459,Non DG,Un Guarded
8169,North I,33.5539,73.05131,Non DG,Un Guarded
4702,Central II,32.09626,72.67392,Non DG,Guarded
6399,South I,24.80828,67.16267,DG,Guarded
3509,Central I,31.71216,73.99049,DG,Guarded
1754,South II,25.17702,69.57303,DG,Guarded
8590,North II,32.6099,70.9071,DG,Un Guarded
S-3276,South I,24.90952,66.97009,DG,Guarded
5142,Central II,31.63445,71.06426,Non DG,Un Guarded
9109,South I,24.90777,67.08621,Non DG,Un Guarded
4842,Central III,29.92291,70.65618,DG,Un Guarded
4484,Central III,30.45984,70.96676,DG,Guarded
9941,South II,26.026091,68.543485,DG,Guarded
4753,Central II,31.05772,73.5228,DG,Guarded
2071,North I,33.74176,73.18114,DG,Guarded
CII-2553,Central II,30.44361,72.5399,DG,Guarded
5410,Central II,31.97223,72.33265,DG,Un Guarded
S-3125,South I,24.96205,66.96897,Non DG,Guarded
8903,North I,34.38976,73.46902,DG,Un Guarded
KHI-4640,South I,0.0,0.0,Non DG,Un Guarded
8270,North I,33.73733,73.20476,Non DG,Un Guarded
KHI-BG-NE40E-X3-A1,South I,24.8652797269,67.0646306679,Non DG,Un Guarded
KHI-E8000E-X8-A1,South I,24.8652797269,67.0646306679,Non DG,Un Guarded
KHI-E8000E-X8-A2,South I,24.8652797269,67.0646306679,Non DG,Un Guarded
KHI-GB-NE40E-X3-A1,South I,24.8652797269,67.0646306679,Non DG,Un Guarded
KHI-GB-NE40E-X3-A2,South I,24.8652797269,67.0646306679,Non DG,Un Guarded
KHI-IB-AR2200,South I,24.8652797269,67.0646306679,Non DG,Un Guarded
KHI-IB-S5300,South I,24.8652797269,67.0646306679,Non DG,Un Guarded
9839,South I,24.87776,66.9826,Non DG,Un Guarded
KHI-ISI-AR2200,South I,24.8652797269,67.0646306679,Non DG,Un Guarded
KHI-ISI-S5300,South I,24.8652797269,67.0646306679,Non DG,Un Guarded
KHI-LAN-S9300-A1,South I,24.8652797269,67.0646306679,Non DG,Un Guarded
CI-1482,Central I,31.6723,74.1013,Non DG,Un Guarded
KHI-LAN-S9300-A2,South I,24.8652797269,67.0646306679,Non DG,Un Guarded
KHI-LI-AR2200-A1,South I,24.8652797269,67.0646306679,Non DG,Un Guarded
1680,South II,27.14735,68.22044,Non DG,Guarded
KHI-MARS-PS-S9312-1,South I,24.8652797269,67.0646306679,Non DG,Un Guarded
CII-2033,Central III,28.41872,70.29573,DG,Guarded
9526,South I,24.91737,66.96678,DG,Guarded
KHI-MARS-PS-S9312-2,South I,24.8652797269,67.0646306679,Non DG,Un Guarded
KHI-New-VAS-S5300-A1,South I,24.8652797269,67.0646306679,Non DG,Un Guarded
KHI-New-VAS-S5300-A2,South I,24.8652797269,67.0646306679,Non DG,Un Guarded
KHI-NOC-S5300-A1,South I,24.8652797269,67.0646306679,Non DG,Un Guarded
KHI-NOC-S5300-A2,South I,24.8652797269,67.0646306679,Non DG,Un Guarded
2859,North I,34.34784,73.19952,DG,Guarded
2375,North II,34.31362,71.57508,Non DG,Un Guarded
5799,Central III,30.05736,70.63087,Non DG,Un Guarded
KHI-OLD-VAS-S5300-A1,South I,24.8652797269,67.0646306679,Non DG,Un Guarded
KHI-OLD-VAS-S5300-A2,South I,24.8652797269,67.0646306679,Non DG,Un Guarded
3863,Central I,31.94936,73.63622,DG,Guarded
CI-1076,Central I,31.74008,73.82361,Non DG,Guarded
1534,Central III,28.63606,69.79258,Non DG,Un Guarded
KHI-PE-NE40E-X8-A1,South I,0.0,0.0,Non DG,Un Guarded
KHI-PE-NE40E-X8-A2,South I,0.0,0.0,Non DG,Un Guarded
KHI-PE-NE40E-X8-B1,South I,24.885559,67.167701,Non DG,Un Guarded
KHI-PE-NE40E-X8-B2,South I,24.885559,67.167701,Non DG,Un Guarded
KHI-P-NE40E-X16-A1,South I,24.8652797269,67.0646306679,Non DG,Un Guarded
6374,South I,24.9685,66.95637,Non DG,Un Guarded
CI-1372,Central I,31.5502,74.29044,Non DG,Un Guarded
1750,South II,24.85508509,69.40008599,Non DG,Un Guarded
KHI-P-NE40E-X16-A2,South I,24.8652797269,67.0646306679,Non DG,Un Guarded
6563,South I,24.81828,67.14083,DG,Guarded
KHI-PS-SW-1,South I,24.8652797269,67.0646306679,Non DG,Un Guarded
1293,South II,26.72577,67.75809,DG,Guarded
KHI-PS-SW-2,South I,24.8652797269,67.0646306679,Non DG,Un Guarded
1480,South III,30.36666,68.5974,DG,Guarded
KHI-RNC02-S9303-A1,South I,0.0,0.0,Non DG,Un Guarded
KHI-RNC02-S9303-A2,South I,0.0,0.0,Non DG,Un Guarded
KHI-S9312-A1,South I,24.8652797269,67.0646306679,Non DG,Un Guarded
4372,Central II,32.36225,72.89933,Non DG,Un Guarded
9471,South I,24.62027,68.25539,Non DG,Un Guarded
N-4184,North II,34.61731,71.93908,DG,Un Guarded
KHI-S9312-A2,South I,24.8652797269,67.0646306679,Non DG,Un Guarded
KHI-S9312-B1,South I,24.887933,67.168289,Non DG,Un Guarded
KHI-S9312-B2,South I,24.887933,67.168289,Non DG,Un Guarded
3569,Central I,31.12076,74.44339,Non DG,Un Guarded
CII-2086,Central III,29.523527,70.382749,Non DG,Un Guarded
KHI-Signaling-S5300-A1,South I,24.8652797269,67.0646306679,Non DG,Un Guarded
KHI-Signaling-S5300-A2,South I,24.8652797269,67.0646306679,Non DG,Un Guarded
8198,North I,33.446,72.97373,Non DG,Un Guarded
6307,South I,24.9067,67.12543,Non DG,Un Guarded
7682,Central I,31.3932055,73.7765209,Non DG,Un Guarded
4101,Central III,30.19511,71.47439,DG,Guarded
N-3885,North I,24.9005,67.16819,Non DG,Un Guarded
N-3890,North I,24.9005,67.16819,Non DG,Un Guarded
N-3927,North I,24.9015,67.166,Non DG,Un Guarded
CI-1478,Central I,32.72541,73.79692,DG,Guarded
2497,North I,33.481058,72.42508,Non DG,Guarded
7217,Central I,31.613,74.26279,DG,Un Guarded
2489,North II,33.11972,71.29383,DG,Guarded
9470,South I,24.956549,67.195865,DG,Guarded
PHR-PE-NE40E-X8-A1,North II,34.012026,71.56674,Non DG,Un Guarded
S-3118,South II,27.79894,68.28645,Non DG,Un Guarded
PHR-PE-NE40E-X8-A2,North II,34.012026,71.56674,Non DG,Un Guarded
S-3546,South III,31.05413,67.7772,DG,Guarded
PHR-RNC-S9303-A1,North II,34.012026,71.56674,Non DG,Un Guarded
PHR-RNC-S9303-A2,North II,34.012026,71.56674,Non DG,Un Guarded
4532,Central II,30.68762,73.09676,DG,Guarded
N-4334,North I,33.62518,72.93454,Non DG,Un Guarded
4585,Central III,29.69346,72.54676,DG,Guarded
QTA-GB-NE40E-X3-A1,South III,30.19920995,67.00728372,Non DG,Un Guarded
9751,South II,27.76064,68.08733,DG,Un Guarded
9329,South I,24.85291,67.0615,Non DG,Guarded
S-3930,South I,24.9592,67.13731,Non DG,Un Guarded
UKZR29,South III,26.1543,67.05454,DG,Guarded
QTA-GB-NE40E-X3-A2,South III,30.19920995,67.00728372,Non DG,Un Guarded
ULBR36,South III,26.12107,67.28026,DG,Un Guarded
QTA-PE-NE40E-X8-A1,South III,30.19920995,67.00728372,Non DG,Un Guarded
QTA-PE-NE40E-X8-A2,South III,30.19920995,67.00728372,Non DG,Un Guarded
UKZR39,South III,26.94318,66.39405,DG,Guarded
UKZR57,South III,27.67133,65.80014,DG,Un Guarded
QTA-S9306-A1,South III,30.19920995,67.00728372,Non DG,Un Guarded
USBR33,South III,30.05431,68.26633,DG,Guarded
ULBR05,South III,26.07409,66.57133,DG,Guarded
UKZR09,South III,27.86294,66.67715,DG,Guarded
QTA-S9306-A2,South III,30.19920995,67.00728372,Non DG,Un Guarded
UKZR48,South III,27.49304,66.74921,DG,Guarded
UKZR63,South III,28.1138,66.75349,DG,Guarded
UKZR80,South III,27.81896,66.8158,DG,Guarded
8382,North II,34.00919,71.56374,Non DG,Un Guarded
UKZR92,South III,26.85557,67.14629,DG,Guarded
UKTR15,South III,28.63449,66.32468,DG,Guarded
SKR-PE-NE40E-X8-A1,South II,27.7116453,68.8533509,Non DG,Un Guarded
SKR-PE-NE40E-X8-A2,South II,27.7116453,68.8533509,Non DG,Un Guarded
USDR06,South III,0.0,0.0,DG,Un Guarded
SKR-P-NE40E-X16-A1,South II,27.7116453,68.8533509,Non DG,Un Guarded
ULBR28,South III,26.4215,66.3958,DG,Guarded
USBR02,South III,29.67005,68.16166,DG,Guarded
ULLR74,South III,0.0,0.0,DG,Un Guarded
UKZR70,South III,27.98388,66.9794,DG,Guarded
SKR-P-NE40E-X16-A2,South II,27.7116453,68.8533509,Non DG,Un Guarded
UAWR02,South III,26.18533,66.16174,DG,Guarded
SKR-S9303-A1,South II,27.7116453,68.8533509,Non DG,Un Guarded
6737,North II,34.08261,71.67726,DG,Guarded
UAWR03,South III,26.21606,65.95311,DG,Guarded
ULBR27,South III,25.96259,66.85483,DG,Guarded
SKR-S9303-A2,South II,27.7116453,68.8533509,Non DG,Un Guarded
UKZR89,South III,27.01567,66.79102,DG,Guarded
UAWR22,South III,26.46493,65.35587,DG,Guarded
ULRR74,South III,30.4908,69.3283,DG,Guarded
6846,Central II,31.41784,73.07944,Non DG,Un Guarded
SKR-S9306-A1,South II,27.7116453,68.8533509,Non DG,Un Guarded
UKTR 15,South III,28.6345,66.3247,DG,Un Guarded
ULBR23,South III,26.2967,67.2281,DG,Guarded
UAWR31,South III,25.7856,66.0772,DG,Guarded
1084,South I,24.854722222,67.087,DG,Guarded
SKR-S9306-A2,South II,27.7116453,68.8533509,Non DG,Un Guarded
UAWR15,South III,26.6302,65.3524,DG,Guarded
9041,South I,24.846248,67.024669,DG,Guarded
2435,North I,33.96934,73.39059,DG,Un Guarded
UAWR16,South III,26.8145,65.378,DG,Un Guarded
UWKR03,South III,27.53969,64.65474,DG,Guarded
UWKR21,South III,28.15927,65.61273,DG,Guarded
USPL01,South III,30.61073,67.39648,DG,Un Guarded
6230,South I,24.98757,66.98406,Non DG,Guarded
USLK07,South III,30.89558,66.82671,DG,Guarded
9841,South I,24.95625,67.08842,Non DG,Un Guarded
3966,Central I,32.22171,74.15176,Non DG,Un Guarded
7363,Central I,31.57672,74.3179,Non DG,Un Guarded
8670,North II,34.01684,71.58051,Non DG,Un Guarded
S-3740,South III,28.05669,67.13647,DG,Guarded
Baidaar Hill,North II,71.93464722,35.14881667,DG,Un Guarded
Sheringle Hill,North II,34.511,72.54461111,DG,Guarded
R036 ,South III,0.0,0.0,DG,Un Guarded
UWKR27,South III,27.76723,65.69613,DG,Guarded
ULBR35,South III,0.0,0.0,DG,Un Guarded
S-1666,South III,30.0457,69.9282,Non DG,Un Guarded
CI-1228,Central I,32.09793,74.22356,Non DG,Un Guarded
UWKR28,South III,0.0,0.0,DG,Guarded
USLP01,South III,30.61073,67.39648,DG,Guarded
UDBR14,South III,0.0,0.0,DG,Un Guarded
ULRR12,South III,0.0,0.0,DG,Un Guarded
ULRR03,South III,30.27883,68.86543,DG,Un Guarded
ULRR19,South III,0.0,0.0,DG,Un Guarded
ULRR34,South III,0.0,0.0,DG,Un Guarded
USBR36,South III,0.0,0.0,DG,Un Guarded
UNKR02,South III,0.0,0.0,DG,Un Guarded
UWKR34,South III,0.0,0.0,DG,Guarded
3942,Central I,31.92343,74.09896,DG,Guarded
9416,South I,24.84293,67.08187,Non DG,Un Guarded
CII-2308,Central II,32.176631,72.4826,Non DG,Un Guarded
9863,South I,24.9774,67.04037,Non DG,Un Guarded
S-7506,South III,28.7706,68.49013,DG,Guarded
S-7636,South III,25.32637,62.12123,DG,Guarded
S-7627,South III,25.60643,61.79268,DG,Guarded
S-7681,South III,26.0414,64.11003,DG,Guarded
S-7631,South III,25.36322,62.27461,DG,Guarded
8692,North II,34.30461,71.77496,Non DG,Un Guarded
S-7641,South III,25.56662,61.85294,DG,Guarded
S-7634,South III,25.52296,62.76104,DG,Guarded
S-7640,South III,25.32156,64.29348,DG,Guarded
S-7635,South III,25.1257,61.96218,DG,Guarded
5496,Central II,32.039667,71.200278,Non DG,Un Guarded
CI-1652,Central I,31.59055,74.38383,Non DG,Un Guarded
7199,Central I,31.58475,74.37897,Non DG,Un Guarded
7927,Central I,32.72168,74.01775,Non DG,Un Guarded
4231,Central II,31.55767,72.289,DG,Un Guarded
6822,Central III,30.1985,71.46756,Non DG,Un Guarded
3777,Central I,32.19642,73.03158,DG,Guarded
N-4118,North I,33.1164,73.7869,Non DG,Un Guarded
S-3071,South II,27.57896,68.21017,Non DG,Un Guarded
N-4159,North I,33.1577,73.7209,Non DG,Un Guarded
CII-8018,Central II,31.602626,70.993313,Non DG,Un Guarded
N-4558,North I,34.14589,73.18542,Non DG,Un Guarded
S-7822,South III,25.27283,63.45412,Non DG,Un Guarded
S-3164,South III,30.55731,66.54602,Non DG,Un Guarded
S-7732,South III,28.430179,65.712863,Non DG,Un Guarded
CI-1860,Central I,32.4815,74.4244,Non DG,Un Guarded
CII-8043,Central II,30.86609,72.60663,Non DG,Un Guarded
S-3386,South III,30.19663,66.79055,Non DG,Un Guarded
7239,Central I,31.4956,74.26452,DG,Guarded
2007,North I,33.60688,73.0849,Non DG,Un Guarded
2240,North I,33.03248,73.60066,DG,Guarded
N-4224,North I,33.41964,73.29998,Non DG,Un Guarded
S-3137,South III,26.0023,62.99883,Non DG,Un Guarded
S-3017,South I,24.97246,66.8786,Non DG,Un Guarded
N-4974,North I,34.68084,73.02606,Non DG,Un Guarded
N-4061,North I,33.29102,73.42294,Non DG,Un Guarded
CII-8030,Central II,32.92355,71.55082,Non DG,Un Guarded
S-7823,South III,25.236463,64.610137,Non DG,Un Guarded
CI-1882,Central I,32.7913,73.82382,Non DG,Un Guarded
N-4856,North I,33.44344,73.08827,Non DG,Un Guarded
4062,Central II,31.47484,73.07712,DG,Guarded
CII-2930,Central II,32.47482,71.56737,Non DG,Un Guarded
CII-8009,Central III,30.3866,70.96856,Non DG,Un Guarded
S-3003,South I,25.00986,67.17057,Non DG,Un Guarded
CII-8006,Central III,30.453125,70.945124,Non DG,Un Guarded
S-3299,South I,24.876456,67.286166,Non DG,Un Guarded
CII-8036,Central II,31.74981,72.94203,Non DG,Un Guarded
S-7467,South I,24.80129,67.0311,Non DG,Un Guarded
CI-1854,Central I,32.44502,74.13336,Non DG,Un Guarded
CI-1843,Central I,32.12461,74.22917,Non DG,Un Guarded
N-4070,North I,33.176275,72.960441,Non DG,Un Guarded
CII-2929,Central II,32.728,71.62613,Non DG,Un Guarded
7468,Central I,32.15948,74.18363,Non DG,Un Guarded
S-3397,South I,24.966433,67.270468,Non DG,Un Guarded
CII-2866,Central II,32.6064,72.16327,Non DG,Un Guarded
N-4637,North I,33.9958,72.84275,Non DG,Un Guarded
N-4946,North I,32.67102,73.15999,Non DG,Un Guarded
5626,Central III,29.79926,70.90659,Non DG,Un Guarded
CII-2804,Central II,31.24142,73.08147,Non DG,Un Guarded
S-7774,South I,25.11762,67.16511,Non DG,Un Guarded
N-4026,North I,33.34578,72.8699,Non DG,Un Guarded
CII-2946,Central II,32.317571,72.879172,Non DG,Un Guarded
S-3499,South III,30.2223,66.96566,Non DG,Un Guarded
CII-2765,Central II,30.9698,73.15104,Non DG,Un Guarded
S-7812,South II,27.59072,68.22066,Non DG,Un Guarded
CI-1864,Central I,32.3355,74.3704,Non DG,Un Guarded
S-3290,South I,25.052812,67.25213,Non DG,Un Guarded
CII-2880,Central II,30.9889,72.5182,Non DG,Un Guarded
CII-8022,Central III,30.51989,72.13116,Non DG,Un Guarded
CI-1963,Central I,31.40737,74.18474,Non DG,Un Guarded
2155,North II,33.93902,71.48804,DG,Guarded
S-3487,South I,24.82915,67.10287,Non DG,Un Guarded
CII-2977,Central II,30.713481,72.475373,Non DG,Un Guarded
CII-2897,Central II,32.10641,71.80682,Non DG,Un Guarded
N-4866,North I,33.65393,72.82699,Non DG,Un Guarded
N-4812,North II,33.422573,71.320585,Non DG,Un Guarded
S-7787,South III,29.468119,67.602902,Non DG,Un Guarded
S-7794,South III,26.94994,64.11175,Non DG,Un Guarded
CI-1844,Central I,32.1367,74.1624,Non DG,Un Guarded
CI-1879,Central I,32.11621,74.85558,Non DG,Un Guarded
S-3345,South III,30.69657,67.02416,Non DG,Un Guarded
CI-1861,Central I,32.32823,74.35982,DG,Un Guarded
N-4871,North I,33.84517,72.63168,Non DG,Un Guarded
S-7797,South III,26.98881,64.16357,Non DG,Un Guarded
S-7828,South III,25.99287,63.01872,Non DG,Un Guarded
S-7810,South II,27.57456,68.22683,Non DG,Un Guarded
N-4481,North I,33.1135,72.9136,Non DG,Un Guarded
1953,South II,26.18487,67.98668,DG,Guarded
S-3428,South I,25.009373,67.036372,Non DG,Un Guarded
S-7796,South III,26.9184,64.04433,Non DG,Un Guarded
N-4872,North I,33.049389,72.641638,Non DG,Un Guarded
S-7795,South III,27.00716,64.14611,Non DG,Un Guarded
8560,North II,33.58928,71.42835,DG,Guarded
S-7798,South III,26.97555,64.00433,Non DG,Un Guarded
4254,Central II,30.83797,72.08146,DG,Guarded
S-3156,South III,30.65368,66.68179,Non DG,Un Guarded
CI-1924,Central I,32.65313,73.92895,Non DG,Un Guarded
CII-2939,Central III,30.680905,70.556803,Non DG,Un Guarded
1132,South II,25.4049,68.34602,Non DG,Un Guarded
CII-8039,Central II,31.66323,72.86657,Non DG,Un Guarded
8642,North II,34.11851,72.60947,Non DG,Un Guarded
CII-8034,Central II,30.81365,72.059107,Non DG,Un Guarded
9701,South II,27.47898,68.0863,Non DG,Un Guarded
7656,Central I,31.1383,74.35429,DG,Guarded
CII-2957,Central II,30.719782,72.430667,Non DG,Un Guarded
S-7372,South III,25.26166,63.47351,Non DG,Un Guarded
S-3328,South III,30.938823,66.467943,Non DG,Un Guarded
S-7803,South II,28.62371,69.20293,Non DG,Un Guarded
8087,North I,33.70923,73.05684,DG,Un Guarded
S-3343,South III,30.57808,67.29674,Non DG,Un Guarded
N-5043,North II,33.927201,72.174699,Non DG,Un Guarded
S-3235,South III,30.52021,66.96924,Non DG,Un Guarded
S-7653,South III,30.8965,66.4397,DG,Guarded
2959,North II,34.14675,72.03451,Non DG,Guarded
9176,South I,24.83978,66.97545,Non DG,Un Guarded
S-3129,South III,29.4121,67.83613,Non DG,Un Guarded
8632,North II,34.21975,71.68099,DG,Guarded
2680,North I,33.54051,73.14623,DG,Un Guarded
S-3731,South III,27.72429,65.88201,DG,Guarded
6233,South I,25.03495,66.88981,DG,Guarded
1908,South III,26.00215,63.04164,DG,Guarded
4334,Central II,31.47084,70.9107,DG,Guarded
1566,South II,28.145737,67.872897,DG,Guarded
S-3317,South II,25.42462,68.36977,Non DG,Un Guarded
S-3724,South III,27.59236,66.45949,DG,Guarded
S-5028,South II,,,Non DG,Un Guarded
9832,South II,25.37398,68.3879,Non DG,Un Guarded
3066,Central I,31.58798,74.30538,Non DG,Un Guarded
4912,Central III,30.35855,71.2385,DG,Guarded
4497,Central III,29.7984,72.1831,DG,Guarded
7298,Central I,31.48106,74.26224,Non DG,Un Guarded
7302,Central I,31.4385,74.21307,Non DG,Guarded
8753,North I,34.356,73.47468,Non DG,Un Guarded
4195,Central III,29.91863,70.9705,DG,Guarded
6237,South I,24.87807,67.1555,Non DG,Un Guarded
8523,North II,34.00953,71.52721,Non DG,Guarded
3G-CI-1028,Central I,31.48793,74.26039,Non DG,Un Guarded
9857,South II,25.49145,68.85235,DG,Guarded
N-4473,North II,34.28397,71.68129,Non DG,Un Guarded
1620,South II,28.053778,69.701097,Non DG,Guarded
9079,South I,24.86289,67.02464,DG,Guarded
1839,South III,29.39739,65.94006,DG,Guarded
2754,North I,34.36577,72.86083,DG,Guarded
S-3702,South III,28.4031,66.5198,DG,Guarded
3613,Central I,32.58357,74.08686,DG,Guarded
3345,Central I,32.07658,73.6907,DG,Guarded
1994,South III,28.75067,68.07527,DG,Guarded
N-4915,North I,33.97952,72.69236,Non DG,Un Guarded
5181,Central III,30.06688,70.64959,Non DG,Un Guarded
9240,South I,24.95262,67.04545,Non DG,Un Guarded
CI-1045,Central I,32.15607,74.87215,DG,Un Guarded
6699,North II,34.20739,72.32152,DG,Guarded
CI-1603,Central I,31.49564,74.35259,Non DG,Un Guarded
6731,North II,34.02485,71.53703,Non DG,Un Guarded
1171,South II,25.8043,68.48906,Non DG,Guarded
9093,South I,24.87107,67.02773,Non DG,Un Guarded
6416,South I,25.00564,67.13903,Non DG,Un Guarded
4280,Central III,30.09959,70.87539,DG,Guarded
N-4022,North II,32.98746,70.54402,DG,Guarded
9172,South I,24.88635,67.16462,DG,Guarded
7603,Central I,31.59722,74.38452,Non DG,Un Guarded
1086,South I,24.934833333,67.084972222,DG,Guarded
9339,South I,24.90241,67.18692,DG,Guarded
N-4810,North I,32.84748,73.58993,Non DG,Un Guarded
4205,Central II,31.157265,72.685535,Non DG,Un Guarded
3084,Central I,31.50111,74.3191,Non DG,Un Guarded
7562,Central I,31.24887,74.15086,DG,Guarded
N-4761,North II,32.9001,70.62217,DG,Guarded
UMKR18,South III,,,DG,Guarded
1771,South II,24.7292,68.25574,Non DG,Un Guarded
S-3512,Central III,28.26989,70.07269,Non DG,Un Guarded
3G-N-2129,North II,34.0068,72.06871,Non DG,Un Guarded
1211,South II,27.72078,68.81935,Non DG,Guarded
5109,Central II,31.68271,70.998,DG,Un Guarded
4112,Central III,30.20179,71.4573,DG,Guarded
4445,Central II,30.71328,72.3948,Non DG,Un Guarded
N-4053,North I,33.65562,73.05441,Non DG,Un Guarded
N-4780,North II,33.52654,71.47176,DG,Un Guarded
4520,Central II,30.6671,73.10249,Non DG,Guarded
6052,South I,24.88659,67.0475,Non DG,Guarded
S-3108,South I,24.83694,67.13719,DG,Guarded
6460,South I,24.87697,67.00091,Non DG,Un Guarded
PTCL Baidaar Hill,North II,34.96013,72.44015,DG,Guarded
S-3248,South III,30.57967,66.98638,Non DG,Un Guarded
7647,Central I,31.46178,74.32368,Non DG,Un Guarded
HSWLBSC02,Central II,30.6671,73.10249,Non DG,Un Guarded
4138,Central III,30.16609,71.44737,DG,Guarded
CII-2605,Central II,31.73041,70.85464,DG,Guarded
8042,North I,33.64209,73.07748,Non DG,Un Guarded
8157,North I,33.56429,73.15064,Non DG,Un Guarded
4668,Central III,30.04848,72.34686,Non DG,Un Guarded
CI-1073,Central I,32.34127,74.35966,Non DG,Guarded
7512,Central I,31.56699,74.3104,Non DG,Un Guarded
S-3309,South I,24.93297,67.24508,Non DG,Un Guarded
5265,Central II,30.8262,73.20177,DG,Guarded
N-4848,North II,33.4311,71.3682,DG,Guarded
S-5039,South II,,,Non DG,Un Guarded
1506,Central III,28.4299,70.31969,DG,Guarded
5326,Central II,30.92272,72.84781,DG,Guarded
1348,South II,26.11932,68.8918,DG,Guarded
4489,Central III,30.4734,70.73269,DG,Guarded
MGWPeshawar,North II,34.012063,71.566812,DG,Un Guarded
4560,Central II,30.34343,73.38406,DG,Guarded
9226,South I,24.99157,67.13351,DG,Guarded
2416,North I,33.86945,72.58328,DG,Guarded
2801,North I,33.98414,72.91876,DG,Guarded
3630,Central I,32.66579,73.66768,DG,Guarded
CI-1597,Central I,31.5009,74.3839,Non DG,Un Guarded
CI-1657,Central I,31.55713,74.2948,Non DG,Un Guarded
1756,South II,25.22373,69.69085,DG,Guarded
4215,Central II,31.06263,72.96568,Non DG,Un Guarded
N-4631,North II,35.83776,71.78081,Non DG,Un Guarded
CII-2670,Central III,30.112896,71.489467,Non DG,Un Guarded
6129,South II,25.3691,69.73534,DG,Guarded
9022,South I,24.916166667,66.9565,DG,Un Guarded
8371,North I,33.6895,73.03153,Non DG,Un Guarded
S-3647,South III,28.82089,66.61079,DG,Guarded
S-3440,South I,24.88177,67.15529,Non DG,Un Guarded
4996,Central III,30.50609,70.83025,DG,Guarded
N-4158,North I,32.94446,73.61479,Non DG,Un Guarded
2532,North I,33.190772,73.139398,Non DG,Guarded
6031,South I,24.82366,67.164,Non DG,Un Guarded
4281,Central III,30.08975,70.88116,DG,Guarded
5112,Central II,31.66276,71.01466,DG,Guarded
5339,Central II,31.02169,72.80611,DG,Guarded
1827,South III,26.93886,64.04234,DG,Guarded
N-4752,North II,32.93621,70.52895,DG,Guarded
2879,North II,34.00746,71.95483,Non DG,Un Guarded
CII-2171,Central II,30.90148,72.75548,Non DG,Un Guarded
1929,South III,26.0576,66.50141,DG,Guarded
1429,South III,30.17114,67.0115,Non DG,Guarded
N-4221,North I,33.20381,73.10716,Non DG,Un Guarded
8021,North I,33.58817,73.01307,DG,Guarded
5485,Central III,29.96894,70.64325,DG,Guarded
S-5035,South II,,,Non DG,Un Guarded
CI-1640,Central I,31.45954,74.27253,Non DG,Un Guarded
4107,Central III,30.22387,71.48023,Non DG,Un Guarded
2046,North I,33.62769,73.0598,DG,Guarded
4525,Central II,30.66393,73.11674,Non DG,Un Guarded
CII-2530,Central II,31.39412,71.24266,Non DG,Un Guarded
1832,South III,28.77027,66.37856,DG,Guarded
UBKR32,South III,30.15161,69.70338,DG,Guarded
3081,Central I,31.25057,74.22054,DG,Guarded
4883,Central III,29.58824,70.59001,DG,Guarded
N-4214,North I,33.67175,72.924082,Non DG,Un Guarded
5990,Central III,29.1117,70.32389,DG,Un Guarded
8367,North I,33.6376,73.04265,Non DG,Un Guarded
CII-2579,Central III,29.35781,70.3266,Non DG,Un Guarded
4089,Central II,31.35415,73.06186,DG,Guarded
7205,Central I,31.6292,74.2955,DG,Un Guarded
4081,Central II,31.25022,72.753425,Non DG,Un Guarded
8679,North II,33.9926,71.59669,DG,Guarded
3G-CII-3378,Central III,28.4283,70.2838,Non DG,Un Guarded
8695,North II,34.42076,71.81701,Non DG,Un Guarded
7029,Central I,31.54581,74.29094,Non DG,Un Guarded
S-5036,South II,,,Non DG,Un Guarded
4149,Central III,30.16189,71.49389,DG,Guarded
7605,Central I,31.38295,74.15773,Non DG,Un Guarded
8876,North I,33.61864,73.06328,Non DG,Un Guarded
6489,South I,24.92793,67.06798,Non DG,Un Guarded
S-5038,South II,,,Non DG,Un Guarded
1017,South I,24.926666667,67.095111111,DG,Guarded
2144,North II,34.00003,71.60704,DG,Guarded
S-5034,South II,,,Non DG,Un Guarded
CII-2584,Central III,29.61667,73.14043,DG,Guarded
S-3726,South III,27.74387,66.1044,DG,Guarded
S-5037,South II,,,Non DG,Un Guarded
5504,Central III,30.64443,72.0131,Non DG,Un Guarded
2478,North II,33.41331,70.65474,DG,Guarded
3G-CI-4145,Central I,31.5938,74.4209,Non DG,Un Guarded
1678,South II,27.25412,68.29889,DG,Guarded
1947,South II,28.13446,68.55996,DG,Guarded
8801,North I,33.69414,73.01479,Non DG,Un Guarded
S-7735,South II,27.8503,67.909538,Non DG,Un Guarded
S-7481,South II,27.6988,68.8342,Non DG,Un Guarded
S-7770,South II,28.26149,68.4249,Non DG,Un Guarded
CII-2085,Central III,29.90516274,70.54179784,Non DG,Un Guarded
1142,South II,25.516532,69.015982,DG,Guarded
9969,South II,26.87117,67.98323,Non DG,Un Guarded
N-3668,North II,34.280527,71.799766,DG,Un Guarded
3620,Central I,32.80568,73.91089,DG,Guarded
2159,North II,33.95369,71.68098,DG,Guarded
N-4314,North I,33.63536,73.11786,Non DG,Guarded
4253,Central II,30.79309,72.2416,Non DG,Un Guarded
9282,South I,24.82918,67.12129,DG,Un Guarded
3418,Central I,32.51279,74.55329,DG,Guarded
7910,Central I,32.71542,73.76887,DG,Guarded
9268,South I,24.85433,67.04281,Non DG,Un Guarded
S-3233,South II,28.26594,68.44936,Non DG,Un Guarded
7003,Central I,31.59078,74.37158,Non DG,Guarded
2966,North II,34.45584,72.16067,Non DG,Guarded
6913,Central II,32.0724,71.02975,DG,Guarded
9431,South I,24.93465,67.06418,DG,Guarded
S-3120,South I,24.82752,67.11514,DG,Guarded
CI-1153,Central I,32.2649,75.15425,Non DG,Un Guarded
3096,Central I,31.47604,74.2686,Non DG,Un Guarded
1030,South I,24.942861111,66.982972222,DG,Guarded
6067,South I,24.90476,67.09347,Non DG,Guarded
N-4162,North II,34.01653,71.26107,Non DG,Un Guarded
4190,Central III,29.50991,70.84744,DG,Guarded
9114,South I,24.8431,67.03832,Non DG,Un Guarded
N-4195,North II,34.29228,71.87996,DG,Guarded
6044,South I,24.87212,67.33996,DG,Guarded
3850,Central I,30.95018,74.2192,DG,Guarded
4151,Central III,28.93589,70.94344,Non DG,Un Guarded
8830,North I,33.61635,73.00605,Non DG,Un Guarded
3199,Central I,31.5371,74.26564,Non DG,Un Guarded
8737,North I,33.14726,73.75942,Non DG,Un Guarded
N-4285,North II,32.87526,70.73623,DG,Guarded
S-3540,South III,29.91463,69.6067,DG,Guarded
9957,South II,26.55204,67.71671,Non DG,Un Guarded
2434,North I,33.94301,73.39485,DG,Guarded
1623,South II,28.0543,69.68423,DG,Un Guarded
9502,South I,25.00568,67.07789,DG,Guarded
2753,North I,34.61913,72.77316,DG,Guarded
S-3596,South III,30.17438,69.442067,DG,Guarded
1327,South II,25.39002,68.37885,Non DG,Un Guarded
N-4710,North II,34.1058,71.16536,Non DG,Un Guarded
3450,Central I,32.47417,74.35772,DG,Un Guarded
4701,Central II,32.08373,72.66446,DG,Un Guarded
1187,South II,25.92875,68.61777,Non DG,Guarded
9291,South I,24.90043,67.03966,Non DG,Un Guarded
7306,Central I,31.572,74.38118,Non DG,Un Guarded
1488,South III,30.043,69.92056,DG,Guarded
6246,South I,24.82528,67.15314,Non DG,Un Guarded
8775,North I,33.81127,73.7036,DG,Guarded
2901,North II,34.197,72.0513,DG,Guarded
2860,North I,34.36851,73.2133,DG,Guarded
3771,Central I,32.41698,74.67938,DG,Guarded
4143,Central III,30.1826,71.40519,DG,Guarded
5611,Central II,32.06317,72.70851,Non DG,Un Guarded
CI-1702,Central I,31.48767,74.39912,Non DG,Un Guarded
N-5303,North II,33.9071,71.4459,DG,Guarded
8581,North II,33.52268,71.07342,DG,Guarded
4755,Central II,31.32976,73.41812,Non DG,Guarded
4312,Central II,32.94366,71.49982,DG,Un Guarded
UKTR17,South III,28.66454,66.46623,DG,Guarded
N-4790,North I,33.02932,72.00985,Non DG,Un Guarded
9101,South I,24.81414,67.07047,Non DG,Un Guarded
9005,South I,24.83706,67.06009,DG,Un Guarded
1540,South II,26.667,67.997439,DG,Guarded
8193,North I,33.63759,73.0384,DG,Guarded
6766,South I,24.82544,67.13586,DG,Guarded
N-4037,North I,33.65543,72.96342,Non DG,Un Guarded
S-3191,South II,25.40607,68.38574,Non DG,Un Guarded
3635,Central I,32.57067,73.9492,DG,Guarded
4006,Central II,31.44762,73.08651,DG,Un Guarded
S-3402,South I,25.0253,66.88226,Non DG,Un Guarded
1368,South III,30.2241,67.0592,Non DG,Guarded
2423,North I,33.85835,73.31571,DG,Guarded
S-3250,South II,27.8484,67.90263,DG,Un Guarded
R010,North I,33.8564699,73.7589205,DG,Guarded
1939,South II,27.66203,68.35971,DG,Guarded
3824,Central I,31.79756,74.12215,DG,Guarded
3G-S-3417,Central III,28.31101,70.10757,Non DG,Un Guarded
4397,Central III,29.097333,71.624111,Non DG,Un Guarded
6204,South I,24.8113,67.02204,Non DG,Un Guarded
2886,North II,34.03423,71.7771,Non DG,Un Guarded
2763,North I,33.14166,73.74881,DG,Guarded
S-3556,South III,30.84421,67.56457,DG,Guarded
9230,South I,24.98531,67.07858,DG,Guarded
CI-1277,Central I,32.22274,74.21533,Non DG,Un Guarded
S-3827,South I,24.80851,67.02837,Non DG,Un Guarded
2540,North I,33.11111,72.82813,DG,Guarded
4687,Central II,30.72478,72.6565,DG,Guarded
7691,Central I,31.70666,74.02571,DG,Guarded
2037,North I,33.63231,73.0714,DG,Guarded
2026,North I,33.59628,73.12837,DG,Guarded
S-4204,South III,30.25084,67.02482,Non DG,Un Guarded
9222,South I,24.93491,67.13645,Non DG,Guarded
3900,Central I,32.20329,74.18309,DG,Guarded
2072,North I,33.71757,73.09994,DG,Guarded
4345,Central II,31.65752,71.32572,DG,Un Guarded
7273,Central I,31.47798,74.296,Non DG,Un Guarded
3367,Central I,32.13121,74.00544,DG,Guarded
6538,South II,25.04564,68.65376,Non DG,Un Guarded
8551,North II,33.5869,71.4409,Non DG,Un Guarded
HYDRNC01,South II,25.357661,68.380564,Non DG,Un Guarded
9807,South II,25.39522,68.37382,Non DG,Un Guarded
4061,Central II,31.37894,73.09385,DG,Guarded
2495,North I,33.5815,72.16903,DG,Un Guarded
6434,South I,24.94907,66.94251,Non DG,Un Guarded
9423,South I,24.85674,67.07035,DG,Guarded
CI-1650,Central I,31.5631,74.30007,Non DG,Un Guarded
8520,North II,33.95516,71.42608,Non DG,Un Guarded
7012,Central I,31.54926,74.40426,Non DG,Un Guarded
9235,South I,24.97599,67.0648,Non DG,Un Guarded
3050,Central I,31.53368,74.34185,Non DG,Un Guarded
S-3890,South III,25.5548,67.2422,DG,Guarded
1448,South III,30.65414,66.90744,DG,Guarded
5446,Central III,28.68815,70.28395,Non DG,Un Guarded
7616,Central I,31.22308,73.9736,DG,Un Guarded
7021,Central I,31.45029,74.24662,Non DG,Un Guarded
S-3591,South III,30.55279,67.77786,DG,Guarded
8049,North I,33.627107,73.09458,Non DG,Un Guarded
3209,Central I,31.69784,73.98475,DG,Guarded
CII-2616,Central III,30.22345,71.43475,DG,Guarded
6609,North II,33.53733,71.06936,DG,Un Guarded
1588,South II,28.43097,69.5768,Non DG,Guarded
6723,North II,34.77192,72.35126,Non DG,Un Guarded
7577,Central I,31.5327,74.3501,Non DG,Un Guarded
6500,South II,25.76061,68.65958,Non DG,Un Guarded
2970,North II,34.79275,72.28815,DG,Un Guarded
3770,Central I,32.34613,74.7904,DG,Guarded
7116,Central I,31.4508,74.2667,Non DG,Un Guarded
3774,Central I,32.20425,75.12344,DG,Guarded
3195,Central I,31.47458,74.30589,Non DG,Un Guarded
CI-1540,Central I,32.16591,74.19608,Non DG,Un Guarded
3090,Central I,31.59133,74.47788,Non DG,Un Guarded
1074,South I,24.943805556,67.021777778,Non DG,Guarded
4578,Central III,29.8075,72.84946,DG,Guarded
8827,North I,33.58605,73.11166,Non DG,Un Guarded
2092,North I,33.7142,73.03365,DG,Guarded
2003,North I,33.68463,72.99103,DG,Un Guarded
9587,South I,24.87593,67.06215,Non DG,Un Guarded
1457,South III,27.796991,66.61505,DG,Guarded
7576,Central I,31.58419,74.32059,Non DG,Un Guarded
9549,South II,25.4285,68.34054,DG,Guarded
5629,Central III,29.0943,70.43459,DG,Guarded
PTCL GHAKKAR,Central I,32.303592,74.15429,Non DG,Un Guarded
PTCL MANGAT,Central I,,,Non DG,Un Guarded
DTE_Zafarwal,Central I,32.338247,74.896726,Non DG,Un Guarded
PTCL Lalamusa,Central I,32.705302,73.95524,Non DG,Un Guarded
PTCL JALALPUR JATTAN,Central I,32.38235,74.12343,Non DG,Un Guarded
PTCL exch Daska,Central I,,,Non DG,Un Guarded
PTCL Exchange Jalal Pur Bhattiyan,Central I,32.054974,73.386081,Non DG,Un Guarded
PTCL Thokar Niaz Baigh,Central I,31.459019,74.218397,Non DG,Un Guarded
PTCL MoreKhunda,Central I,31.32272,73.799937,Non DG,Un Guarded
PTCL BHERA,Central I,32.481817,72.916047,Non DG,Un Guarded
DTE Kharian Cantt,Central I,32.797996,73.877785,Non DG,Un Guarded
7805,Central I,32.5643,74.05684,DG,Guarded
6447,South I,24.87864,67.17655,Non DG,Un Guarded
PTCL Eminabad,Central I,32.049655,74.217003,Non DG,Un Guarded
9307,South I,24.86894,67.3517,DG,Guarded
3316,Central I,32.16837,74.1875,DG,Un Guarded
8867,North I,33.5707,73.04425,Non DG,Un Guarded
3395,Central I,31.96257,74.36342,Non DG,Guarded
9900,South II,25.51002,69.38007,Non DG,Un Guarded
5668,Central II,31.79295,71.54462,DG,Guarded
S-3584,South III,30.30457,68.23105,DG,Guarded
8911,North I,33.85651,73.83087,DG,Guarded
S-7302,South III,30.26417,68.31266,DG,Guarded
2460,North II,34.13331,71.69125,DG,Guarded
DTE Shakargarh,Central I,32.26321,75.16064,Non DG,Un Guarded
DTE Phalian,Central I,32.433642,73.585362,Non DG,Un Guarded
PTCL OKARA,Central II,,,Non DG,Un Guarded
PTCL Khura,Central II,,,Non DG,Un Guarded
PTCL NST,Central II,,,Non DG,Un Guarded
PTCL Satiana,Central II,,,Non DG,Un Guarded
PTCL Rabwa (Chenab),Central II,,,Non DG,Un Guarded
PTCL Shahpur Saddar,Central II,,,Non DG,Un Guarded
PTCL Chakjhumra,Central II,,,Non DG,Un Guarded
C2-MW5-Mianwali(PTCL),Central II,,,Non DG,Un Guarded
N-4957,North II,34.85451,71.39905,Non DG,Un Guarded
1789,South I,24.1439,67.45153,DG,Guarded
5553,Central III,30.34596,72.49991,DG,Un Guarded
9355,South I,25.02044,67.01993,DG,Guarded
N-4364,North II,34.19827,72.04633,Non DG,Un Guarded
1162,South I,25.03076,66.88042,DG,Guarded
1562,South II,27.85201,67.90386,DG,Guarded
8531,North II,33.10643,70.86959,DG,Guarded
4188,Central III,30.0365,70.6406,DG,Guarded
3443,Central I,32.3389,74.8953,DG,Guarded
1329,South I,24.7436,67.774,DG,Guarded
4109,Central III,30.17099,71.49098,DG,Guarded
6853,Central II,30.66306,73.10971,Non DG,Un Guarded
PTCL SodhiJaiwali,Central II,,,Non DG,Un Guarded
PTCL KAMIR,Central II,,,Non DG,Un Guarded
PTCL Kasowal,Central II,,,Non DG,Un Guarded
PTCL Agarai,Central II,,,Non DG,Un Guarded
PTCL Kamalia,Central II,,,Non DG,Un Guarded
PTCL AliPur,Central II,,,Non DG,Un Guarded
PTCL Samanabad,Central II,,,Non DG,Un Guarded
PTCL GARANWALA,Central II,,,Non DG,Un Guarded
PTCL Samundri,Central II,31.06079166,72.96142666,Non DG,Un Guarded
PTCL Surraki,Central II,,,Non DG,Un Guarded
PTCL MANKERA_NE_2,Central II,,,Non DG,Un Guarded
7711,Central I,32.30716,74.44029,DG,Un Guarded
S-3550,South III,30.94245,67.8104,DG,Guarded
4189,Central III,30.0426,70.6418,DG,Guarded
3G-S-3347,South III,28.5851,65.4183,Non DG,Un Guarded
5634,Central III,29.33851,70.55285,Non DG,Un Guarded
2768,North I,35.2709,73.22504,DG,Guarded
1376,South III,30.17981,67.00513,Non DG,Un Guarded
PTCL KOT CHUTTA,Central III,,,Non DG,Un Guarded
PTCL FORT ABBAS,Central III,,,Non DG,Un Guarded
PTCL SHUJABAD,Central III,,,Non DG,Un Guarded
PTCL QABLLA,Central III,,,Non DG,Un Guarded
Mangoture- PTCL,South III,,,Non DG,Un Guarded
PTCL_KAROR,Central III,,,Non DG,Un Guarded
PTCL CHANIGOTH,Central III,,,Non DG,Un Guarded
PTCL Chishtian,Central III,,,Non DG,Un Guarded
PTCL Arifwala,Central III,,,Non DG,Un Guarded
PTCL Ahmad Pur,Central III,,,Non DG,Un Guarded
Ptcl Choti,Central III,,,Non DG,Un Guarded
S-3544,South III,30.9773,67.9493,DG,Guarded
PTCL DAJAL,Central III,,,Non DG,Un Guarded
S-3581,South III,30.18357,68.35635,DG,Guarded
2223,North I,32.95617,72.86698,DG,Guarded
4856,Central III,28.87295,70.62493,Non DG,Un Guarded
6681,North I,33.62481,72.97354,Non DG,Un Guarded
1314,South II,25.42473,68.26296,Non DG,Guarded
4435,Central III,30.52832,72.23145,DG,Un Guarded
3865,Central I,31.81619,74.26882,DG,Guarded
S-7548,South III,29.03212,69.16216,DG,Guarded
4987,Central III,30.19164,71.01385,DG,Guarded
1725,South II,25.12464,68.8974,Non DG,Guarded
CII-2797,Central III,30.05579,70.6345,Non DG,Un Guarded
PTCL Jampur,Central III,,,Non DG,Un Guarded
3G-CII-2042 ,Central II,31.4972,73.0776,Non DG,Un Guarded
PTCL Fazilpur,Central III,,,Non DG,Un Guarded
PTCL Karoor Pakka,Central III,,,Non DG,Un Guarded
1099,South I,24.999027778,67.059416667,DG,Guarded
PTCL Layyah,Central III,,,Non DG,Un Guarded
PTCL Khan Bela,Central III,,,Non DG,Un Guarded
PTCL Mailsi,Central III,,,Non DG,Un Guarded
PTCL Liaqatpur,Central III,,,Non DG,Un Guarded
PTCL Rohilan wali,Central III,,,Non DG,Un Guarded
PTCL Kot Momin,Central I,32.1834225,73.0116673,Non DG,Un Guarded
PTCL Rojan,Central III,,,Non DG,Un Guarded
6895,Central III,30.05699,70.63857,Non DG,Un Guarded
5083,Central II,30.9356,71.91855,Non DG,Un Guarded
PTCL SADAN LUND,Central III,,,Non DG,Un Guarded
PTCL Sher Sultan,Central III,,,Non DG,Un Guarded
1002,South I,24.850944444,67.016916667,DG,Guarded
2013,North I,33.57177,73.05193,DG,Guarded
3G-N-2600,North I,33.652941,73.04487,Non DG,Un Guarded
6569,South I,24.95661,67.08253,Non DG,Un Guarded
3G-N-4798,North I,33.64433,73.02247,Non DG,Un Guarded
N-5406,North I,33.6282,73.1581,Non DG,Un Guarded
1267,South II,27.65137,68.24801,Non DG,Un Guarded
4670,Central III,30.31589,72.4116,Non DG,Un Guarded
9591,South I,24.847319,66.998931,Non DG,Un Guarded
PTCL UCH,Central III,,,Non DG,Un Guarded
PTCL MASTUJ,North I,,,Non DG,Un Guarded
PTCL Mandian,North I,,,Non DG,Un Guarded
8474,North I,32.93866,72.85611,Non DG,Un Guarded
PTCL Haripur,North I,,,Non DG,Un Guarded
3G-CI-1105,Central I,31.26513,74.07643,Non DG,Un Guarded
5130,Central II,31.96069,71.16111,DG,Un Guarded
6950,South II,24.65437,68.83087,Non DG,Un Guarded
CI-1519,Central I,31.5623,74.3141,Non DG,Un Guarded
PTCL Batgram,North I,73.025367,34.676174,Non DG,Un Guarded
PTCL BASAL,North I,33.552577,72.242512,Non DG,Un Guarded
PTCL Chitral,North I,,,Non DG,Un Guarded
PTCL_Masdara,North I,,,Non DG,Un Guarded
PTCL Garam Chashma,North I,,,Non DG,Un Guarded
PTCL Sherwan (2837),North I,,,Non DG,Un Guarded
PTCL Bunni,North I,,,Non DG,Un Guarded
3G-N-3211,North II,34.069613,72.128541,Non DG,Un Guarded
N-5391,North II,33.8877,71.3937,Non DG,Un Guarded
8990,North I,33.13008,73.69285,DG,Guarded
CII-2784,Central III,29.29544,70.4438,Non DG,Un Guarded
PTCL Balkasar,North I,,,Non DG,Un Guarded
N-4641,North I,33.53926,73.1339,Non DG,Un Guarded
PTCL Darayala Jalip_Exchange,North I,,,Non DG,Un Guarded
CI-1789,Central I,32.4821,74.5521,Non DG,Un Guarded
9103,South I,24.81605,67.04497,DG,Guarded
7011,Central I,31.52496,74.3456,DG,Guarded
PTCL Taxila,North I,,,Non DG,Un Guarded
PTCL Kotli Sattian,North I,,,Non DG,Un Guarded
Kundan Rawat PTCL,North I,,,Non DG,Un Guarded
PTCL Fatehjang,North I,33.5675226,72.6418856,Non DG,Un Guarded
8017,North I,33.605,73.11462,DG,Un Guarded
PTCL BADWAN,North I,,,Non DG,Un Guarded
PTCL Kallar Kahar,North I,,,Non DG,Un Guarded
PTCL Dhudial(Chakwal),North I,33.0638006,72.9685203,Non DG,Un Guarded
2019,North I,33.65015,73.041,DG,Un Guarded
PTCL KALLAR SYEDAN,North I,,,Non DG,Un Guarded
3413,Central I,32.48105,74.52639,DG,Un Guarded
9876,South II,24.64134,69.04131,Non DG,Un Guarded
PTCL Lawrancepur,North I,,,Non DG,Un Guarded
4468,Central III,31.2221,70.95467,DG,Guarded
5826,Central II,30.67166,73.08299,Non DG,Un Guarded
PTCL Margalla,North I,,,Non DG,Un Guarded
PTCL Mandra,North I,,,Non DG,Un Guarded
PTCL Matore,North I,,,Non DG,Un Guarded
PTCL MIRPUR(AJK),North I,,,Non DG,Un Guarded
4322,Central II,31.83841,70.89954,DG,Guarded
PTCL NARA,North I,,,Non DG,Un Guarded
PTCL Tangi,North II,34.309765,71.656439,Non DG,Un Guarded
6111,South I,24.908741,67.123057,Non DG,Un Guarded
6840,Central III,30.11435,71.49253,Non DG,Un Guarded
PTCL TARNOL,North I,33.638391,72.894976,Non DG,Un Guarded
PTCL Thandiani,North I,,,Non DG,Un Guarded
7557,Central I,31.5152,74.3292,Non DG,Un Guarded
8201,North I,33.6045,73.13584,Non DG,Un Guarded
PTCL Sarlara,North II,,,Non DG,Un Guarded
ptcl ghalanai,North II,34.157617,71.748269,Non DG,Un Guarded
4027,Central II,31.42324,73.13146,DG,Guarded
PTCL Dargai,North II,34.501448,71.898489,Non DG,Un Guarded
PTCL Charssadda,North II,34.149145,71.750657,Non DG,Un Guarded
1610,South III,30.15109,66.97496,DG,Guarded
PTCL Dara Adam,North II,33.69867634,71.49490973,Non DG,Un Guarded
PTCL MIRANSHAH,North II,,,Non DG,Un Guarded
PTCL Jahangira,North II,33.9717583,72.1945316,Non DG,Un Guarded
PTCL BANDA DAOOD SHAH,North II,33.2789229,71.1686517,Non DG,Un Guarded
PTCL Naway Kalay,North II,,,Non DG,Un Guarded
PTCL Kinger Gali,North II,,,Non DG,Un Guarded
CI-1513,Central I,32.30755,74.84472,Non DG,Un Guarded
S-3579,South III,30.405735,68.861493,DG,Guarded
PTCL Timargara,North II,34.831855,71.830764,Non DG,Un Guarded
PTCL Karbogha,North II,,,Non DG,Un Guarded
4462,Central III,30.3113,71.92204,DG,Guarded
PTCL MIR ALI,North II,,,Non DG,Un Guarded
PTCL KHAWRAI_NE_1,North II,,,Non DG,Un Guarded
PTCL Barikot,North II,34.68051,72.22644666,Non DG,Un Guarded
PTCL Darazinda,Central II,,,DG,Un Guarded
8937,North I,34.14986,73.67534,DG,Guarded
PTCL Alizai,North II,,,Non DG,Un Guarded
PTCL Raisan,North II,,,Non DG,Un Guarded
PTCL Torwarsak,North II,34.507557,72.340935,Non DG,Un Guarded
3894,Central I,32.19973,74.12681,DG,Guarded
PTCL Warri,North II,,,Non DG,Un Guarded
PTCL Sarai Naurang,North II,32.83116,70.78048155,Non DG,Un Guarded
S-3260,South II,27.83661,69.09772,Non DG,Guarded
3930,Central I,32.15957,74.21165,Non DG,Un Guarded
PTCL Landi Kotal,North II,34.097633,71.142861,Non DG,Un Guarded
2935,North II,33.97377,71.98904,DG,Guarded
HSGDBSC03,Central II,32.09638333,72.674038333,DG,Un Guarded
PTCL DEWANA BABA,North II,34.477401,72.573545,Non DG,Un Guarded
N-4216,North II,34.15373,71.4506,Non DG,Guarded
6525,South II,25.53517,69.01865,Non DG,Guarded
PTCL PIR BABA,North II,34.580472,72.447745,Non DG,Un Guarded
PTCL Akora Khattak,North II,34.0011666669677,72.12134912,Non DG,Un Guarded
PTCL Daggar,North II,34.504044783,72.4658410166,Non DG,Un Guarded
PTCL Charbagh,North II,34.181253,72.39544,Non DG,Un Guarded
1625,South II,28.05875,69.6483,DG,Guarded
PTCL KHALL,North II,,,Non DG,Un Guarded
PSTN Swabi,North II,34.127655,72.469474,Non DG,Un Guarded
6412,South I,24.88295,67.18243,Non DG,Un Guarded
2466,North II,33.8975,71.55914,DG,Guarded
PTCL Bajour Khar,North II,34.72689,71.50943,Non DG,Un Guarded
PTCL Chhab,North II,,,Non DG,Un Guarded
PTCL DOABA,North II,33.42608055,70.74293872,Non DG,Un Guarded
8373,North I,33.61268,73.05757,Non DG,Un Guarded
1551,South II,26.04815,68.94779,DG,Guarded
9290,South I,24.90266,67.02498,Non DG,Un Guarded
4629,Central III,30.00292,73.24178,Non DG,Un Guarded
PTCL Exchange Wana,North II,,,Non DG,Un Guarded
2620,North I,34.02655,73.45669,DG,Guarded
PTCL Khanozai,South III,,,Non DG,Un Guarded
PTCL Saidu Sharif,North II,34.76739,72.35967,Non DG,Un Guarded
PTCL Haiderabad Thal,North II,,,Non DG,Un Guarded
PTCL Thall,North II,33.36376,70.562166,Non DG,Un Guarded
PTCL Togh sarai,North II,33.4628533,70.9632883,Non DG,Un Guarded
PTCL JANDOLA,Central II,,,Non DG,Un Guarded
3834,Central I,31.1982,74.4392,Non DG,Un Guarded
PTCL Makli,South I,,,Non DG,Un Guarded
PTCL Garden,South I,,,Non DG,Un Guarded
1292,South II,26.73228,67.77088,DG,Guarded
PTCL Gharo,South I,,,Non DG,Un Guarded
PTCL Gulshan,South I,,,Non DG,Un Guarded
9499,South I,24.9026,67.21589,DG,Guarded
PTCL Nazimabad,South I,,,Non DG,Un Guarded
7208,Central I,31.4645,74.25539,Non DG,Un Guarded
S-3330,South III,30.6766,66.96896,Non DG,Un Guarded
PTCL Khipro,South II,,,Non DG,Un Guarded
5673,Central III,29.72936,70.48603,Non DG,Un Guarded
Ptcl-Badin,South II,24.655985,68.846066,Non DG,Un Guarded
PTCL NAUKOT,South II,,,Non DG,Un Guarded
PTCL Talhar,South II,24.884994,68.813692,Non DG,Un Guarded
8131,North I,33.5968,73.00472,DG,Un Guarded
7465,Central I,31.5536,74.31467,Non DG,Un Guarded
PTCL Thana Bula Khan,South II,,,Non DG,Un Guarded
6451,South I,24.8559,66.99351,Non DG,Un Guarded
PTCL Fort Monro,South II,,,Non DG,Un Guarded
PTCL Saeedabad,South II,25.967959,68.372632,Non DG,Un Guarded
PTCL Qazi Ahmad,South II,26.2981194,68.1066737,Non DG,Un Guarded
PTCL Usta Muhammad New,South II,,,Non DG,Un Guarded
3806,Central I,31.59421,74.21267,DG,Guarded
9910,South II,24.9578,68.41986,Non DG,Un Guarded
1982,South III,30.18823,66.9719,Non DG,Un Guarded
PTCL DAUR,South II,26.459357,68.317203,Non DG,Un Guarded
PTCL Noushero Feroz,South II,26.841,68.119,Non DG,Un Guarded
PTCL Degree,South II,,,Non DG,Un Guarded
2125,North II,34.05673,71.58969,DG,Guarded
7289,Central I,31.56791,74.29205,Non DG,Un Guarded
2917,North II,34.15266,71.74802,Non DG,Un Guarded
PTCL DAHARKI,South II,28.0512514932,69.701191969628,Non DG,Un Guarded
PTCL Hala,South II,25.816008,68.425786,Non DG,Un Guarded
4267,Central III,29.57478,72.23912,Non DG,Un Guarded
PTCL Dadu,South II,26.738457,67.781249,Non DG,Un Guarded
PTCL GHOTKI,South II,27.997407,69.309887,Non DG,Un Guarded
PTCL Kandhkot,South II,28.249256,69.176383,Non DG,Un Guarded
2930,North I,33.23063,72.04422,DG,Guarded
PTCL Khairpur,South II,27.5172636,68.7623656,Non DG,Un Guarded
PTCL MORO,South II,26.661648,68.000583,Non DG,Un Guarded
PTCL Nooriabad,South II,,,Non DG,Un Guarded
PTCL Matyari,South II,25.595626,68.44369,Non DG,Un Guarded
1321,South II,25.51979,69.235028,DG,Guarded
7350,Central I,31.24813,74.02315,Non DG,Un Guarded
PTCL PanuAqil,South II,27.853968143,69.10327434,Non DG,Un Guarded
PTCL KN Shah,South II,27.091259,67.736403,Non DG,Un Guarded
3210,Central I,32.47917,74.09197,Non DG,Un Guarded
1019,South I,24.963333333,67.084416667,Non DG,Un Guarded
9947,South II,26.88584,68.27618,DG,Guarded
2349,North II,34.65074,72.09466,DG,Un Guarded
PTCL SANGHAR,South II,26.042282,68.943426,Non DG,Un Guarded
PTCL Sehwan Sharif,South II,26.421578,67.865226,Non DG,Un Guarded
Ptcl Shahdadkot,South II,27.85189666,67.905395,Non DG,Un Guarded
PTCL Shikarpur,South II,27.9504721,68.651368,Non DG,Un Guarded
6070,South II,25.37301,68.35842,Non DG,Un Guarded
ptcl sukrand,South II,27.711739,68.853271,Non DG,Un Guarded
3684,Central I,31.7015,74.02124,Non DG,Guarded
PTCL UmerKot,South II,25.3682916666666,69.7409966666666,Non DG,Un Guarded
PTCL USTA MUHAMMAD,South II,,,Non DG,Un Guarded
PTCL Makhtar,South III,,,Non DG,Un Guarded
PTCL DHADAR,South III,,,Non DG,Un Guarded
PTCL Mach,South III,,,Non DG,Un Guarded
PTCL UTHAL,South III,,,Non DG,Un Guarded
PTCL Zehri,South III,,,Non DG,Un Guarded
1845 PTCL Kawas,South III,,,Non DG,Un Guarded
Ptcl Manjra,South III,,,Non DG,Un Guarded
CII-2056,Central II,31.49865,70.74531,Non DG,Un Guarded
PTCL MUSLIMBAGH,South III,,,Non DG,Un Guarded
4750,Central I,31.44985,73.70346,Non DG,Un Guarded
5476,Central II,31.21606,73.3516,DG,Guarded
8667,North II,33.98493,71.46086,Non DG,Guarded
8075,North I,33.58109,73.09813,DG,Un Guarded
7176,Central I,31.5604,74.29738,Non DG,Un Guarded
PTCL Kan Mehterzai,South III,,,Non DG,Un Guarded
PTCL Karakh,South III,,,Non DG,Un Guarded
PTCL Mawand,South III,,,Non DG,Un Guarded
S-3029,South I,24.83315,67.06258,Non DG,Un Guarded
9811,South II,25.4074,68.37492,Non DG,Guarded
6819,Central II,31.41865,73.0818,Non DG,Un Guarded
PTCL Azizabad,South III,,,Non DG,Un Guarded
PTCL Mosakhel,South III,,,Non DG,Un Guarded
PTCL GANDHAWA,South III,,,Non DG,Un Guarded
PTCL Basima,South III,,,Non DG,Un Guarded
2606,North I,32.6525833333333,72.9500833333333,DG,Guarded
PTCL KARAK,South III,,,Non DG,Un Guarded
PTCL Kalat,South III,,,Non DG,Un Guarded
PTCL Bakhtiarabad,South III,,,Non DG,Un Guarded
PTCL MUSTUNG,South III,,,Non DG,Un Guarded
PTCL Pasni,South III,,,Non DG,Un Guarded
PTCL QILA  SAFULLAH,South III,,,Non DG,Un Guarded
3788,Central I,32.55624,73.21474,DG,Guarded
9804,South II,25.40255,68.38048,DG,Guarded
PTCL Saindhak,South III,,,Non DG,Un Guarded
S-3694,South III,28.0053,66.2946,DG,Guarded
6318,South I,24.85104,67.00758,Non DG,Un Guarded
PTCL Shaikh Wasil Repeater,South III,,,Non DG,Un Guarded
PTCL Tanko,South III,,,Non DG,Un Guarded
PTCL WASHUK,South III,,,Non DG,Un Guarded
7073,Central I,31.53736,74.28606,DG,Guarded
PTCL Winder,South III,,,Non DG,Un Guarded
7916,Central I,31.48993,73.55692,DG,Guarded
1400,South III,30.1908,67.01341,Non DG,Un Guarded
N-4622,North II,33.368931,70.539384,DG,Un Guarded
5827,Central II,30.81588,73.45856,DG,Un Guarded
8045,North I,33.642,73.04968,DG,Un Guarded
8419,North I,33.68234,72.98992,Non DG,Un Guarded
S-4259,South III,31.608345,69.273851,Non DG,Un Guarded
5421,Central III,28.43405,70.53829,DG,Guarded
8693,North II,34.3454,71.78797,Non DG,Un Guarded
8285,North I,33.62086,73.04208,DG,Guarded
6291,South II,25.34704,68.26941,Non DG,Guarded
2609,North I,33.68046,72.75899,DG,Guarded
9225,South I,24.93439,67.10512,Non DG,Un Guarded
4690,Central II,30.66747,73.65164,DG,Guarded
2640,North I,33.58927,73.38151,Non DG,Un Guarded
8871,North I,32.93504,72.84189,DG,Guarded
1085,South I,24.826083333,67.177444444,Non DG,Guarded
8208,North I,33.61957,72.98613,Non DG,Un Guarded
6445,South I,24.82671,67.23169,Non DG,Un Guarded
S-3552,South III,30.86983,67.66478,DG,Guarded
2314,North II,33.59098,71.48089,DG,Guarded
3710,Central I,31.84076,74.0482,DG,Un Guarded
9512,South I,24.96476,66.98103,Non DG,Un Guarded
5170,Central II,32.70382,71.93688,DG,Un Guarded
1735,South II,28.02407,69.55119,Non DG,Un Guarded
4626,Central III,29.99095,73.24752,DG,Guarded
2882,North II,33.97532,72.17947,DG,Guarded
9274,South I,24.91775,67.12009,Non DG,Un Guarded
1226,South II,27.95757,68.63537,DG,Guarded
2143,North II,33.97751,71.56503,DG,Guarded
1825,South III,29.48628,67.64096,DG,Guarded
S-3098,South I,24.88582,67.26592,Non DG,Un Guarded
8066,North I,33.66473,73.15535,DG,Guarded
2220,North I,32.9336,72.85504,DG,Guarded
9477,South I,24.8139,67.16002,DG,Guarded
4722,Central II,31.71537,72.97393,DG,Guarded
CII-2219,Central II,30.91236,73.37756,DG,Un Guarded
3464,Central I,32.34416,74.90013,Non DG,Un Guarded
R002,North I,33.7464571,73.4113831,DG,Guarded
N-5605,North II,33.10951,71.39171,DG,Guarded
1453,South III,30.36216,66.95119,Non DG,Un Guarded
6182,South I,24.91033,67.12541,Non DG,Un Guarded
N5218,North I,33.64728,72.87883,Non DG,Un Guarded
N-5060,North I,33.6967,72.98158,DG,Guarded
1251,South II,28.17645,68.0412,DG,Guarded
2907,North II,34.2063,72.05972,DG,Guarded
5369,Central II,31.18472,72.58422,DG,Un Guarded
1009,South I,24.84469,66.99511,Non DG,Un Guarded
HGJWBSC03,Central I,32.17,74.18,DG,Un Guarded
8839,North I,33.54886,73.12568,Non DG,Un Guarded
3328,Central I,32.15355,74.18402,DG,Guarded
3501,Central I,31.70929,74.0039,DG,Guarded
N-4326,North I,33.64211,73.09889,Non DG,Un Guarded
7498,Central I,31.532144,74.317317,Non DG,Un Guarded
4562,Central II,30.34868,73.40128,DG,Guarded
2228,North I,33.20212,73.26944,DG,Guarded
S-3140,South I,24.88166,66.98523,DG,Guarded
7285,Central I,31.6005,74.34214,DG,Guarded
2031,North I,33.71211,73.03961,DG,Guarded
4067,Central II,31.4561,73.1337,DG,Un Guarded
PSTN HANGU,North II,33.526414,71.055188,Non DG,Un Guarded
6361,South I,24.82739,67.2606,Non DG,Un Guarded
6739,North II,34.00508,71.80004,DG,Guarded
3826,Central I,30.9039,74.12049,Non DG,Guarded
Badaber Exchange,North II,33.90584867,71.55773032,Non DG,Un Guarded
1325,South II,25.52782,69.83242,DG,Guarded
2785,North I,34.54687,73.34892,DG,Un Guarded
9860,South I,24.96225,67.09262,Non DG,Un Guarded
7168,Central I,31.39622,74.30684,DG,Guarded
5298,Central III,30.13608,73.08293,Non DG,Un Guarded
1135,South II,25.38544,68.3263,DG,Guarded
7929,Central I,32.72209,73.87053,DG,Guarded
HKNWBSC01,Central III,30.303232,71.921766,DG,Un Guarded
2732,North I,33.90011,73.40495,Non DG,Un Guarded
3439,Central I,32.52129,74.56404,DG,Un Guarded
2964,North II,34.34016,71.90605,DG,Guarded
1989,South III,30.012756,66.985551,DG,Guarded
4406,Central II,30.52714,72.67531,DG,Guarded
6596,South I,24.95833,67.07022,Non DG,Un Guarded
CI-1409,Central I,31.64605,74.46327,Non DG,Guarded
3258,Central I,31.58392,74.32602,Non DG,Un Guarded
4667,Central III,29.97294,72.31856,Non DG,Un Guarded
1208,South II,27.69308,68.86908,DG,Guarded
8746,North I,34.37956,73.46438,DG,Guarded
7429,Central I,31.51559,74.3431,Non DG,Un Guarded
3045,Central I,31.56467,74.38087,DG,Guarded
6232,South I,24.918,67.0079,DG,Un Guarded
2387,North II,34.30012,71.72212,DG,Guarded
N-4131,North II,34.72858,71.48032,Non DG,Un Guarded
5224,Central III,29.6069,73.13944,Non DG,Un Guarded
1627,Central III,28.25209,69.97358,Non DG,Guarded
6351,South I,24.9412,66.95647,Non DG,Un Guarded
CI-1015,Central I,31.71828,73.96859,Non DG,Un Guarded
3400,Central I,32.49425,74.54126,DG,Guarded
S-3020,South I,24.85524,67.00495,Non DG,Un Guarded
2076,North I,33.63751,73.03075,DG,Guarded
S-3635,South III,28.851946,66.464549,DG,Guarded
1795,South II,24.35581,70.7565,DG,Guarded
NetEngine 8000 F1A-8H20Q,Central I,31.51769,74.348671,Non DG,Un Guarded
GJT NE40E-X3,Central I,32.564909,74.062666,Non DG,Un Guarded
S9303 B1 and B2,Central I,31.51768904,74.34859344,Non DG,Un Guarded
NE40E-X16(V8) B1 and B2,Central I,31.51768904,74.34859344,Non DG,Un Guarded
HFZ NE40E-X3,Central I,32.072899,73.688007,Non DG,Un Guarded
NE40E-X8(V8) A1 and A2,Central I,31.565802,74.31587,Non DG,Un Guarded
GJW NE40E-X3,Central I,32.17674,74.18345,Non DG,Un Guarded
9194,South I,24.89784,67.01933,DG,Guarded
CE6865-48S8CQ-EI CtrSrv,Central I,31.51769,74.348671,Non DG,Un Guarded
S9306 B3 and B4,Central I,31.51769,74.348671,Non DG,Un Guarded
NE40E-X8A(V8) B1 and B2,Central I,31.51769,74.348671,Non DG,Un Guarded
CE16808 RN06 and 07,Central I,31.51769,74.348671,Non DG,Un Guarded
S9312 A1 and A2,Central I,31.565802,74.31587,Non DG,Un Guarded
KAS NE40E-X3,Central I,31.117932,74.451987,Non DG,Un Guarded
S9312 B1 and B2,Central I,31.51768904,74.34859344,Non DG,Un Guarded
Eudemon1000E-X7-B1 and B2,Central I,31.51768904,74.34859344,Non DG,Un Guarded
9981,South II,26.90845,68.19685,Non DG,Un Guarded
4130,Central III,30.1901,71.46259,DG,Guarded
8039,North I,33.65805,73.05842,DG,Guarded
1811,South III,28.32095,66.09654,DG,Guarded
S-3770,South III,29.2847,64.0917,DG,Guarded
3923,Central I,32.18296,74.19754,Non DG,Un Guarded
S-3648,South III,29.03144,66.67274,DG,Guarded
NE40E-X3 B1 and B2,Central I,31.51768904,74.34859344,Non DG,Un Guarded
5718,Central II,31.26507,72.32923,Non DG,Un Guarded
3G-S-3774,South I,25.03327,66.88349,Non DG,Un Guarded
CE6865-48S8CQ-EI MsmtStor,Central I,31.51769,74.348671,Non DG,Un Guarded
BSC Optix,Central III,30.223899,71.477845,Non DG,Un Guarded
MSC DataCom,Central III,30.223899,71.477845,Non DG,Un Guarded
S-3673,South II,25.408616,68.37223,Non DG,Un Guarded
S9306 A1 and A2,Central I,31.51769,74.348671,Non DG,Un Guarded
1104,South II,25.385694444,68.368722222,DG,Guarded
MSC Optix,Central III,30.223899,71.477845,Non DG,Un Guarded
4640,Central III,29.53066,71.62985,DG,Un Guarded
GJT S9306 A1,Central I,32.565823,74.0617737,Non DG,Un Guarded
CORE U2020,North I,33.6612451,73.0493425,Non DG,Un Guarded
Wireless U2020,North I,33.6612451,73.0493425,Non DG,Un Guarded
MSC_BSC PM,Central III,30.2239579,71.477732,Non DG,Un Guarded
S-3836,South I,24.86348,67.08973,Non DG,Un Guarded
Datacom EOR1,North I,33.6612451,73.0493425,Non DG,Un Guarded
7164,Central I,31.51179,74.37117,Non DG,Un Guarded
MW U2020,North I,33.6612451,73.0493425,Non DG,Un Guarded
DataCOMU2020,North I,33.6612451,73.0493425,Non DG,Un Guarded
S5300 A1 and A2,North I,33.6612451,73.0493425,Non DG,Un Guarded
RACK 1 and 2 RBT,North I,33.6612451,73.0493425,Non DG,Un Guarded
1653,South II,27.99835,69.31254,DG,Guarded
CBS Rack 1 to 7,North I,33.6612451,73.0493425,Non DG,Un Guarded
ISB-PE-NE40E-X8-A1 and A2,North I,33.6612451,73.0493425,Non DG,Un Guarded
ISB-PE-NE40E-X8A-A1 and A2,North I,33.6612451,73.0493425,Non DG,Un Guarded
Datacom EOR2,North I,33.6612451,73.0493425,Non DG,Un Guarded
CBS 9A,North I,33.6612451,73.0493425,Non DG,Un Guarded
9482,South I,24.83873,67.20829,DG,Guarded
ISB-E8000E-X8-A1 and A2,North I,33.6612451,73.0493425,Non DG,Un Guarded
EvC Rack1,North I,33.6612451,73.0493425,Non DG,Un Guarded
ISB-P-NE40E-X16-A1 and A2,North I,33.6612451,73.0493425,Non DG,Un Guarded
EPC RN01 to RN07,North I,33.6612451,73.0493425,Non DG,Un Guarded
1047,South I,24.903638889,67.075527778,DG,Guarded
ISB-IuB-S9306-B2 and B1,North I,33.7299276,73.088661,Non DG,Un Guarded
1036,South I,24.838694444,67.1215,Non DG,Un Guarded
PICO 8080,North I,33.6612451,73.0493425,Non DG,Un Guarded
ISB-S9312-B1 and B2,North I,33.7299276,73.088661,Non DG,Un Guarded
ISB-Gb-NE40E-X3-B2 and B1,North I,33.7299276,73.088661,Non DG,Un Guarded
ISB-CBS-S9306-A1 and A2,North I,33.6612451,73.0493425,Non DG,Un Guarded
S9303 A1 and A2,North II,34.012026,71.56674,Non DG,Un Guarded
Media server,North II,34.012063,71.566812,Non DG,Un Guarded
S9306 A1 and S9303 A1,North II,34.012026,71.56674,Non DG,Un Guarded
ISB Wireless Tiashan,North I,33.6612451,73.0493425,Non DG,Un Guarded
KHI-SPC-RN-04,South I,24.8652797269,67.0646306679,Non DG,Un Guarded
KHI-SPC-RN-05,South I,24.8652797269,67.0646306679,Non DG,Un Guarded
Storage and Management server,North II,34.012063,71.566812,Non DG,Un Guarded
1517,South III,30.19603,67.03705,Non DG,Un Guarded
NE40E-X3 A1 and A2,North II,34.012026,71.56674,Non DG,Un Guarded
S9306 A3 and S9307 A4,North II,34.012026,71.56674,Non DG,Un Guarded
TAP 02,South I,24.865232,67.064769,Non DG,Un Guarded
6501,South II,25.77586,68.65919,Non DG,Un Guarded
KHI-CLOUD-MGW-01,South I,24.8652797269,67.0646306679,Non DG,Un Guarded
KHI-SPC-RN-02,South I,24.8652797269,67.0646306679,Non DG,Un Guarded
S9306 A2 and S9303 A2,North II,34.012026,71.56674,Non DG,Un Guarded
7391,Central I,31.5527,74.31659,Non DG,Un Guarded
2973,North II,34.7404,71.52904,DG,Guarded
KHI-CLOUD-MGW-02,South I,24.8652797269,67.0646306679,Non DG,Un Guarded
TAISHAN MICROWAVE,South I,24.8652797269,67.0646306679,Non DG,Un Guarded
7750,Central I,32.4998,74.4976,DG,Un Guarded
KHI-SPC-RN-03,South I,24.8652797269,67.0646306679,Non DG,Un Guarded
KHI-CLOUD-HSS-01,South I,24.8652797269,67.0646306679,Non DG,Un Guarded
KHI-SPC-RN-01,South I,24.8652797269,67.0646306679,Non DG,Un Guarded
CII-2558,Central III,30.06738,70.65577,DG,Un Guarded
TAISHAN SERVER Wirless,South I,24.8652797269,67.0646306679,Non DG,Un Guarded
KHI-CLOUD-HSS-04,South I,24.8652797269,67.0646306679,Non DG,Un Guarded
KHI-CLOUD-MGW-03,South I,24.8652797269,67.0646306679,Non DG,Un Guarded
KHI-CLOUD-HSS-05,South I,24.8652797269,67.0646306679,Non DG,Un Guarded
DATACOM-TAISHAN,South I,24.8652797269,67.0646306679,Non DG,Un Guarded
KHI-RN-10,South I,24.8652797269,67.0646306679,Non DG,Un Guarded
TAISHAN SERVER CORE,South I,24.8652797269,67.0646306679,Non DG,Un Guarded
KHI-CLOUD-HSS-02,South I,24.8652797269,67.0646306679,Non DG,Un Guarded
KHI-RBT (EOR & TOR),South I,24.8652797269,67.0646306679,Non DG,Un Guarded
IPDR RN -03,South I,24.8652797269,67.0646306679,Non DG,Un Guarded
CBS EXP,South I,24.8652797269,67.0646306679,Non DG,Un Guarded
9541,South I,24.96452,67.07004,DG,Guarded
Eudemon Firewall 2,South I,24.8652797269,67.0646306679,Non DG,Un Guarded
KHI-EVC-SW,South I,24.8652797269,67.0646306679,Non DG,Un Guarded
N-4854,North II,33.97794,71.50934,DG,Un Guarded
3672,Central I,31.47671,74.24802,Non DG,Un Guarded
6096,South I,24.93703,67.0175,Non DG,Un Guarded
Eudemon Firewall 1,South I,24.8652797269,67.0646306679,Non DG,Un Guarded
KHI-EPC-RN06-Media Srv,South I,24.8652797269,67.0646306679,Non DG,Un Guarded
2064,North I,33.64203,72.96956,DG,Guarded
IPDR RN -01,South I,24.8652797269,67.0646306679,Non DG,Un Guarded
7366,Central I,31.58305,74.31722,Non DG,Un Guarded
CI-1371,Central I,31.54219,74.26225,Non DG,Un Guarded
KHI-PS-SW A1 & A2,South I,24.8652797269,67.0646306679,Non DG,Un Guarded
S-3719,South III,27.25296,66.59183,DG,Guarded
2597,North I,32.84431,72.05489,DG,Guarded
1335,South I,24.74001,67.5838,DG,Guarded
8913,North I,33.81168,73.97807,DG,Guarded
KHI-RN-09,South I,24.8652797269,67.0646306679,Non DG,Un Guarded
9790,South II,27.70567,68.86415,DG,Un Guarded
9086,South I,24.83373,67.028,Non DG,Un Guarded
KHI-CLOUD-HSS-03,South I,24.8652797269,67.0646306679,Non DG,Un Guarded
7209,Central I,31.6164,74.28732,DG,Un Guarded
N-4825,North I,33.79904,73.62896,Non DG,Un Guarded
IPDR RN01 and RN02,North I,33.6612451,73.0493425,Non DG,Un Guarded
KHI-DCGW,South I,24.8652797269,67.0646306679,Non DG,Un Guarded
CBS EXP 10,South I,24.8652797269,67.0646306679,Non DG,Un Guarded
IPDR RN -02,South I,24.8652797269,67.0646306679,Non DG,Un Guarded
6072,South II,25.36227,68.35772,Non DG,Un Guarded
CI-1486,Central I,32.16303,74.20252,Non DG,Un Guarded
4633,Central III,29.19217,72.85022,Non DG,Un Guarded
8329,North I,33.70378,73.05608,Non DG,Un Guarded
6867,Central III,30.19104,71.46926,Non DG,Un Guarded
4829,Central III,28.83376,70.08825,DG,Guarded
2205,North I,32.95823,73.74359,DG,Un Guarded
5790,Central III,30.06918,70.63282,DG,Guarded
5115,Central II,31.84842,70.91441,DG,Guarded
3466,Central I,32.27537,74.61097,DG,Un Guarded
WH.AliPur,Central III,29.39561,70.922114,Non DG,Un Guarded
S-7273,South II,28.299552,69.700853,DG,Un Guarded
S-7276,South II,27.787062,69.114372,Non DG,Un Guarded
CI-1080,Central I,32.11886,74.18337,Non DG,Un Guarded
2595,North I,32.88036,72.17906,DG,Guarded
1379,South III,30.18857,66.95902,Non DG,Un Guarded
9508,South I,24.93475,66.97516,DG,Guarded
5293,Central II,30.40954,72.53701,DG,Guarded
3115,Central I,31.60809,74.26737,Non DG,Un Guarded
5288,Central II,30.5619,72.6879,Non DG,Un Guarded
CI-1595,Central I,31.53513,74.45558,DG,Guarded
1007,South I,24.870416667,67.034,Non DG,Un Guarded
6564,South I,24.96239,67.04006,Non DG,Guarded
1239,South II,28.28077,68.43156,DG,Guarded
2218,North I,33.01594,73.69275,DG,Guarded
3576,Central I,31.03196,74.04774,Non DG,Un Guarded
5460,Central II,31.71974,73.37834,DG,Guarded
N-4400,North II,33.98333,71.58273,DG,Guarded
CI-1318,Central I,32.28533,74.21684,Non DG,Un Guarded
7990,Central I,31.57386,74.28707,Non DG,Un Guarded
1707,South II,28.06296,67.98147,Non DG,Un Guarded
N-4441,North I,32.92445,73.70041,Non DG,Un Guarded
4285,Central III,30.93349,70.6923,DG,Guarded
1279,South II,27.72818,68.2793,Non DG,Guarded
3611,Central I,32.56539,74.0904,DG,Un Guarded
4297,Central III,30.86975,70.937917,Non DG,Un Guarded
N-4594,North I,34.5218,73.3505,Non DG,Un Guarded
3331,Central I,32.1638,74.1631,DG,Un Guarded
5102,Central III,31.06391,70.58149,DG,Guarded
1039,South I,24.84675,67.206833333,DG,Un Guarded
5316,Central III,29.40772,71.66329,Non DG,Un Guarded
3952,Central I,32.0936,74.19957,DG,Un Guarded
CII-2560,Central III,30.56485,72.06731,Non DG,Un Guarded
8608,North I,33.83301,72.50337,DG,Un Guarded
5125,Central II,31.83855,71.42458,DG,Un Guarded
CII-2139,Central III,29.96503,71.50773,Non DG,Un Guarded
3549,Central I,31.75099,73.79737,DG,Guarded
3133,Central I,31.45405,74.27544,DG,Guarded
2290,North I,33.2934,73.47867,DG,Guarded
1185,South II,25.91938,68.61655,DG,Guarded
1807,South III,30.38413,67.7208,DG,Guarded
4378,Central II,31.63721,71.07126,DG,Un Guarded
7784,Central I,32.50473,74.53757,DG,Un Guarded
3337,Central I,32.12812,74.16097,DG,Un Guarded
3127,Central I,31.59382,74.2198,Non DG,Un Guarded
2790,North I,34.469663,73.269052,Non DG,Un Guarded
4615,Central III,29.0874,71.0121,Non DG,Un Guarded
3052,Central I,31.52818,74.27823,DG,Guarded
3536,Central I,31.80984,74.25204,DG,Guarded
8368,North I,33.63827,73.04371,Non DG,Un Guarded
1923,South III,25.56605,66.63725,DG,Guarded
2022,North I,33.66305,73.08366,DG,Guarded
S-3657,South III,28.0826,66.12431,DG,Guarded
9309,South I,24.92614,67.12753,DG,Guarded
N-4568,North II,34.24534,71.98541,DG,Un Guarded
5276,Central III,30.1489,72.3443,DG,Guarded
7325,Central I,31.58922,74.33678,Non DG,Un Guarded
7775,Central I,32.53764,74.44535,Non DG,Un Guarded
3833,Central I,31.28492,74.40903,DG,Guarded
ISBRNC02,North I,33.6612451,73.0493425,Non DG,Un Guarded
2491,North II,33.29704,70.78689,DG,Guarded
N-5052,North II,33.46622,71.36831,Non DG,Un Guarded
2990,North I,33.8359,72.39701,DG,Guarded
3043,Central I,31.52372,74.41154,Non DG,Guarded
6701,North II,33.47216,71.48458,DG,Guarded
3666,Central I,32.26321,75.16064,DG,Un Guarded
7039,Central I,31.57865,74.49436,Non DG,Un Guarded
5230,Central III,29.76071,72.99518,DG,Guarded
2477,North I,33.81577,72.69044,Non DG,Un Guarded
8253,North I,33.53662,73.08338,DG,Un Guarded
8033,North I,33.62403,73.0185,DG,Guarded
CII-2567,Central II,32.96412,71.54074,DG,Guarded
7072,Central I,31.583978,74.353148,Non DG,Un Guarded
5636,Central III,29.09477,70.51067,DG,Un Guarded
N-4253,North II,34.0213,71.6496,DG,Guarded
N-4342,North II,34.02297,71.72192,Non DG,Un Guarded
N-4378,North II,33.96739,71.47333,Non DG,Un Guarded
N-4380,North II,34.00797,71.42835,DG,Guarded
N-4323,North II,34.14126,72.05066,DG,Un Guarded
N-4379,North II,33.9451,71.4505,DG,Guarded
S-3008,South I,24.77736,67.06705,Non DG,Un Guarded
8184,North I,33.65636,73.13651,Non DG,Un Guarded
3440,Central I,32.34282,74.70235,DG,Un Guarded
1206,South II,27.701014,68.870484,Non DG,Un Guarded
S-3721,South III,27.9531,66.27238,DG,Guarded
N-4200,North II,34.32072,71.39823,Non DG,Un Guarded
7347,Central I,32.15872,74.18435,Non DG,Un Guarded
9196,South I,24.91719,67.01289,DG,Guarded
CI-1490,Central I,32.15768,74.18435,Non DG,Un Guarded
6116,South I,24.81223,67.10752,DG,Guarded
S-3159,South III,30.24867,67.01905,Non DG,Un Guarded
CI-1358,Central I,31.14867,74.32423,Non DG,Un Guarded
3871,Central I,32.52503,73.07225,Non DG,Un Guarded
6608,North II,33.55637,71.15126,Non DG,Un Guarded
7263,Central I,31.57678,74.41156,Non DG,Guarded
7887,Central I,32.85549,74.07092,Non DG,Un Guarded
8085,North I,33.55175,73.12358,DG,Un Guarded
8879,North I,33.7596,72.80699,Non DG,Un Guarded
8958,North I,35.415426,74.102616,Non DG,Guarded
3036,Central I,31.44453,74.32511,DG,Guarded
CII-2281,Central III,28.96071,70.35535,DG,Un Guarded
8765,North I,33.92284,73.76753,DG,Guarded
2624,North II,32.97207,70.72692,Non DG,Un Guarded
4815,Central II,31.305,72.5845,DG,Guarded
5451,Central III,28.40577,70.26879,DG,Un Guarded
7078,Central I,31.5686,74.36907,Non DG,Guarded
N-5473,North II,34.02707,71.51706,Non DG,Un Guarded
N-4671,North II,34.155973,71.748722,Non DG,Un Guarded
N-4983,North II,33.503533,70.915248,Non DG,Un Guarded
CI-1075,Central I,31.74769,73.83696,Non DG,Un Guarded
1942,South II,27.79437,68.29161,DG,Guarded
8680,North II,34.00054,71.50654,Non DG,Un Guarded
9429,South I,24.90065,67.12028,Non DG,Un Guarded
CI-1666,Central I,31.71951,73.96278,Non DG,Un Guarded
4770,Central II,31.71228,73.37582,DG,Un Guarded
MSC Sukkar,South II,27.711604,68.853495,DG,Un Guarded
7383,Central I,31.48922,74.28335,Non DG,Un Guarded
1479,South III,31.03461,68.53144,DG,Guarded
5501,Central III,30.59833,72.06417,DG,Guarded
8578,North II,32.9866,70.5579,DG,Guarded
2682,North I,33.66619,72.5991,DG,Un Guarded
4747,Central II,31.20236,73.29927,DG,Guarded
9106,South I,24.905538,67.066644,DG,Un Guarded
1526,Central III,28.32073,70.12119,DG,Guarded
5024,Central III,29.96369,71.35784,Non DG,Un Guarded
9168,South I,24.80169,67.03782,Non DG,Un Guarded
1721,South II,25.03815,68.65414,Non DG,Un Guarded
3347,Central I,32.06293,73.68681,DG,Guarded
1494,South III,29.1861,68.2139,DG,Guarded
4011,Central II,31.41505,73.07751,DG,Un Guarded
4919,Central III,30.39849,70.91804,DG,Guarded
9562,South I,24.80777,67.03484,Non DG,Un Guarded
3568,Central I,30.98844,74.27431,DG,Un Guarded
8764,North I,33.97376,73.6574,DG,Un Guarded
9545,South I,24.7997,66.96989,Non DG,Un Guarded
4290,Central III,29.93234,69.99226,Non DG,Guarded
2413,North I,33.78931,72.66659,DG,Guarded
8219,North I,33.61949,73.23274,Non DG,Guarded
8050,North I,33.6446,73.03886,DG,Guarded
3896,Central I,32.15283,74.11236,DG,Un Guarded
CII-2823,Central III,29.8928,70.612882,Non DG,Un Guarded
CII-2815,Central III,29.6955,70.55747,Non DG,Un Guarded
CII-2828,Central III,30.104,70.685288,Non DG,Un Guarded
CII-2829,Central III,30.0293,70.754472,Non DG,Un Guarded
8652,North II,34.14392,72.09527,Non DG,Un Guarded
9891,South II,25.29298,68.80846,Non DG,Un Guarded
1338,South II,24.76483,68.81411,DG,Guarded
1273,South II,27.56097,68.2099,DG,Un Guarded
6704,North II,33.99232,71.56702,Non DG,Guarded
2286,North I,32.59546,73.03493,Non DG,Un Guarded
3969,Central I,31.48389,74.41416,Non DG,Guarded
N-5790,North II,33.5488,71.45272,Non DG,Un Guarded
N-5849,North II,33.53073,71.06003,Non DG,Un Guarded
N-5354,North II,32.99107001,70.61561543,Non DG,Un Guarded
N-5798,North II,33.51979,71.46685,Non DG,Un Guarded
N-5797,North II,33.47819,71.0073,Non DG,Un Guarded
N-5946,North II,33.57041,71.47855,Non DG,Un Guarded
1427,South III,30.24904,66.9787,Non DG,Guarded
N-4438,North II,34.20822,72.05418,Non DG,Guarded
1298,South II,27.06606,68.21024,Non DG,Guarded
N-5691,North II,33.56729,71.46954,Non DG,Un Guarded
N-5850,North II,33.52493,71.05855,Non DG,Un Guarded
N-5972,North II,33.1311,71.1607,Non DG,Un Guarded
8040,North I,33.67832,73.09542,DG,Guarded
N-5945,North II,32.98298,70.6044,Non DG,Un Guarded
7203,Central I,31.55567,74.37567,DG,Un Guarded
N-5796,North II,33.96256,71.52176,Non DG,Un Guarded
N-4408,North II,33.98634,71.54655,Non DG,Un Guarded
CII-2279,Central III,30.4577,70.97267,Non DG,Un Guarded
6983,South III,30.19715,66.97157,Non DG,Un Guarded
7882,Central I,32.66969,74.25839,DG,Un Guarded
4529,Central II,30.67794,73.0849,DG,Un Guarded
2002,North I,33.70064,73.03736,Non DG,Un Guarded
6252,South I,24.95003,67.09562,Non DG,Un Guarded
2291,North I,33.253807,73.297641,Non DG,Un Guarded
6705,North II,34.04033,71.4875,Non DG,Un Guarded
1861,South III,26.23128,66.307616,DG,Guarded
9348,South I,24.82619,67.14814,Non DG,Un Guarded
3454,Central I,32.47542,74.44272,Non DG,Un Guarded
9392,South I,24.87023,66.95998,DG,Guarded
9454,South I,24.9209,66.9422,DG,Guarded
N-5123,North II,33.55286,71.44434,Non DG,Un Guarded
R014,North I,34.10997,72.998259,DG,Guarded
9469,South I,24.95406,67.21347,DG,Guarded
6231,South I,24.87471,67.17935,Non DG,Un Guarded
N-5042,North I,33.57108,73.015801,Non DG,Un Guarded
6134,South II,25.51387,68.95457,DG,Guarded
9468,South I,24.78923,67.13077,DG,Guarded
S-3618,South III,30.21652,67.58861,DG,Guarded
5198,Central III,29.99792,73.24908,Non DG,Un Guarded
8922,North I,33.85479,73.73484,DG,Guarded
2953,North II,34.22551,72.11721,Non DG,Un Guarded
1437,South III,30.20633,67.01241,Non DG,Guarded
4745,Central II,31.19879,73.17092,DG,Guarded
4324,Central II,31.83213,70.90922,DG,Guarded
7780,Central I,32.46188,74.63358,Non DG,Un Guarded
1174,South II,25.67745,68.50283,DG,Guarded
9522,South I,24.87653,66.96778,DG,Un Guarded
N-5801,North II,33.08662,71.08172,DG,Guarded
N-5560,North II,33.39039,70.51458,DG,Guarded
N-5613,North II,33.64318,71.84905,DG,Guarded
1590,South II,28.24492,69.18353,DG,Guarded
N-5621,North II,33.42801,71.11961,DG,Guarded
1075,South I,24.934583333,67.011138889,Non DG,Guarded
1043,South I,24.7968,67.0445,Non DG,Un Guarded
1431,South III,30.19631,67.01144,DG,Guarded
N-5625,North II,33.27672,71.45944,DG,Guarded
N-5629,North II,33.21309,71.35606,DG,Guarded
1020,South I,24.980777778,67.070388889,DG,Guarded
2033,North I,33.64524,73.09245,DG,Guarded
2353,North II,34.50035,71.89941,DG,Guarded
3G-N-1124,North II,33.9792,71.4225,Non DG,Un Guarded
S-3297,South III,27.8042,66.61015,DG,Guarded
3817,Central I,32.57576,72.79702,DG,Guarded
CI-1560,Central I,31.5501,74.3045,Non DG,Un Guarded
1161,South I,25.02481,66.88646,DG,Guarded
1259,South II,27.55495,68.21471,Non DG,Un Guarded
N-4032,North II,32.9652,70.6482,DG,Guarded
5296,Central III,30.21245,73.62073,DG,Guarded
3153,Central I,31.58231,74.31538,Non DG,Un Guarded
N-4795,North II,33.11671,71.09443,DG,Guarded
5834,Central II,31.30502,72.33717,DG,Guarded
2604,North I,32.7608,72.6965,DG,Guarded
9342,South I,24.83864,67.18164,Non DG,Guarded
1578,Central III,29.46932,70.50744,DG,Guarded
3G-CI-4137,Central I,31.488,74.3611,Non DG,Un Guarded
4789,Central II,31.32373,73.42855,Non DG,Un Guarded
4245,Central II,30.96421,72.2523,DG,Guarded
9788,South II,27.70792,68.83982,DG,Guarded
PTCL Exchange Depalpur,Central II,30.673058,73.6472,Non DG,Un Guarded
2012,North I,33.6222,73.12193,DG,Guarded
7111,Central I,31.49968,74.33182,DG,Guarded
Old MSC,Central I,31.56608,74.31602,DG,Un Guarded
CII-2262,Central II,31.50598,73.0699,Non DG,Un Guarded
7328,Central I,31.54315,74.33017,Non DG,Un Guarded
3514,Central I,31.72243,73.98829,DG,Un Guarded
CI-1022,Central I,32.15655,74.12313,Non DG,Un Guarded
CI-1085,Central I,32.13792,74.17247,Non DG,Un Guarded
3002,Central I,31.56043,74.32941,DG,Un Guarded
S-3549,South III,31.03116,69.2175,DG,Guarded
7914,Central I,32.35694,73.98676,DG,Un Guarded
2030,North I,33.69666,73.01125,DG,Guarded
7321,Central I,31.41614,74.3285,Non DG,Un Guarded
8179,North I,33.63819,73.08735,Non DG,Un Guarded
9341,South I,24.84949,67.15956,DG,Guarded
3494,Central I,31.71587,73.98482,Non DG,Guarded
7511,Central I,31.5668,74.30956,Non DG,Un Guarded
5447,Central III,28.326032,70.291776,Non DG,Un Guarded
2204,North I,32.94479,73.71792,DG,Guarded
8977,North I,32.99366,73.98099,DG,Guarded
2471,North II,33.80167,71.61992,Non DG,Un Guarded
2650,North I,32.6777,72.6269,DG,Un Guarded
4542,Central II,30.9254,73.51309,DG,Un Guarded
2862,North I,34.393643,73.15694,Non DG,Un Guarded
CI-1408,Central I,31.4217,74.46187,Non DG,Un Guarded
7722,Central I,31.53699,73.74011,DG,Guarded
4508,Central II,30.74519,73.36507,Non DG,Un Guarded
8259,North I,33.638667,73.044173,Non DG,Un Guarded
8023,North I,33.67199,72.99113,DG,Guarded
N-4273,North I,33.9988,72.93788,DG,Un Guarded
S-3996,South III,27.84768,66.60139,Non DG,Un Guarded
S-3077,South II,28.17214,68.04324,Non DG,Un Guarded
1091,South I,24.911416667,67.197888889,DG,Guarded
7056,Central I,31.56299,74.39158,DG,Guarded
9076,South I,24.88227,66.98936,Non DG,Un Guarded
5188,Central II,32.95765,71.54044,Non DG,Un Guarded
4043,Central II,31.42782,73.04957,DG,Un Guarded
S-7271,South II,28.43341,69.58241,Non DG,Un Guarded
9299,South I,24.89992,67.20716,Non DG,Guarded
4339,Central II,32.41183,71.45605,DG,Guarded
4234,Central III,30.49052,72.13169,Non DG,Un Guarded
5781,Central III,30.70557,70.66147,Non DG,Un Guarded
9484,South I,24.832,67.22762,DG,Guarded
7238,Central I,31.4857,74.26872,DG,Guarded
2481,North I,33.82123,72.6263,DG,Guarded
S-3773,South III,29.01907,63.58202,DG,Guarded
1407,South III,30.16456,67.00152,DG,Guarded
7979,Central I,31.5502,74.37754,Non DG,Un Guarded
6428,South I,24.98475,67.07191,Non DG,Un Guarded
9369,South I,24.92498,67.03745,DG,Guarded
CI-1331,Central I,32.77494,74.06516,Non DG,Un Guarded
1377,South III,30.18973,67.00823,Non DG,Un Guarded
7036,Central I,31.53845,74.33728,Non DG,Un Guarded
S-3902,South III,26.5226,67.096,DG,Guarded
1423,South III,30.197914,66.998753,Non DG,Guarded
3056,Central I,31.47429,74.36292,DG,Guarded
6551,South I,24.852518,67.049699,Non DG,Un Guarded
S-7497,South III,30.1224,68.3916,DG,Un Guarded
6297,South II,25.40092,68.36274,Non DG,Un Guarded
8501,North II,34.03225,71.59526,Non DG,Un Guarded
3516,Central I,31.77262,74.07747,DG,Un Guarded
9391,South I,25.07921,67.0141,DG,Guarded
S-3063,South III,30.61991,67.3346,Non DG,Un Guarded
2081,North I,33.56756,73.09014,DG,Guarded
5453,Central III,28.42372,70.32893,DG,Un Guarded
6712,North II,34.18554,71.51398,DG,Guarded
8175,North I,33.54667,73.06581,Non DG,Un Guarded
3277,Central I,31.24774,74.01986,Non DG,Un Guarded
3103,Central I,31.5078,74.26273,Non DG,Un Guarded
1090,South I,24.88145,67.20346,DG,Guarded
N-4436,North I,33.53209,74.00853,DG,Guarded
7131,Central I,31.48715,74.4107,Non DG,Guarded
S-7550,South III,29.6564,67.398,Non DG,Un Guarded
S-7611,South III,30.5297,67.6556,DG,Un Guarded
S-3526,South III,29.98927,69.65131,DG,Guarded
8078,North I,33.59979,73.10187,DG,Guarded
2474,North II,33.57443,71.1833,DG,Guarded
FaisalabadMSC-A,Central II,31.40995,73.10939,DG,Un Guarded
2762,North I,34.07462,73.38531,DG,Guarded
N-4318,North II,33.54654,71.53439,Non DG,Un Guarded
9243,South I,24.95492,67.06543,DG,Un Guarded
2183,North II,34.02482,71.59273,DG,Guarded
5492,Central II,30.69024,73.69422,DG,Un Guarded
N-4486,North I,32.88286,72.90716,Non DG,Un Guarded
S-7470,South I,24.84811,67.09889,Non DG,Un Guarded
7196,Central I,31.56252,74.33986,DG,Guarded
5729,Central II,31.72974,72.97627,Non DG,Un Guarded
CII-2697,Central III,30.05678,70.6395,Non DG,Un Guarded
S-7747,South I,25.0494,66.8569,Non DG,Un Guarded
N-5090,North II,32.98555,70.60397,DG,Guarded
S-3036,South II,28.06058,69.70957,Non DG,Un Guarded
2395,North II,34.7829,72.33802,DG,Guarded
2372,North II,34.54195,71.87631,Non DG,Guarded
8617,North I,33.90667,72.96031,DG,Un Guarded
S-7002,South I,25.04549,67.30782,Non DG,Un Guarded
N-4632,North I,33.99899,72.90079,Non DG,Un Guarded
N-4684,North II,33.94895,71.59478,Non DG,Un Guarded
8836,North I,33.55018,73.06052,Non DG,Guarded
9787,South II,27.29144,68.50331,DG,Guarded
N-4867,North I,32.89349,72.64593,Non DG,Un Guarded
S-3135,South III,26.03125,63.33412,Non DG,Un Guarded
5119,Central II,31.80484,70.89771,Non DG,Un Guarded
4193,Central III,29.33485,70.81432,Non DG,Un Guarded
S-3126,South I,24.95998,66.98067,Non DG,Guarded
4008,Central II,31.38955,73.09345,DG,Guarded
2467,North II,33.69012,71.49716,DG,Guarded
S-3302,South I,24.866859,67.313716,Non DG,Un Guarded
6299,South II,25.36256,68.28027,Non DG,Un Guarded
3167,Central I,31.42834,74.29031,Non DG,Un Guarded
9511,South I,25.06681,67.49469,DG,Guarded
1046,South I,24.932694444,67.070194444,DG,Guarded
CII-2015,Central II,31.28581,72.32627,Non DG,Un Guarded
CI-1293,Central I,32.40852,74.78986,Non DG,Un Guarded
N-4418,Central II,32.20858,70.38662,DG,Guarded
7271,Central I,31.15705,73.96482,DG,Un Guarded
4030,Central II,31.43675,73.11405,DG,Guarded
N5057,North I,33.60326,72.87434,Non DG,Un Guarded
7098,Central I,31.47308,74.28842,Non DG,Guarded
4556,Central III,30.332,72.7904,Non DG,Un Guarded
7006,Central I,31.5335,74.31087,Non DG,Un Guarded
N-5063,North I,33.019702,73.193428,Non DG,Un Guarded
8161,North I,33.56237,73.11638,DG,Un Guarded
CI-1139,Central I,31.81199,74.2475,Non DG,Guarded
5669,Central III,30.0032,70.75761,DG,Guarded
S-3524,South I,24.79974,67.50576,Non DG,Un Guarded
7537,Central I,31.58439,74.3229,Non DG,Un Guarded
4164,Central III,30.06692,71.19589,DG,Guarded
4051,Central II,31.41091,73.06842,DG,Un Guarded
6404,South I,24.92075,66.98734,Non DG,Un Guarded
N-4731,North II,34.06836,72.44876,Non DG,Un Guarded
8855,North I,33.55992,73.12437,Non DG,Un Guarded
8645,North II,34.26845,72.35561,Non DG,Un Guarded
5471,Central II,31.32603,72.94602,DG,Guarded
4673,Central III,30.13081,73.37748,DG,Guarded
8620,North I,33.80506,72.81803,Non DG,Un Guarded
3481,Central I,32.40706,74.13749,DG,Guarded
4859,Central III,30.16697,71.47434,Non DG,Un Guarded
N-4289,North II,33.99089,72.15157,Non DG,Un Guarded
4192,Central III,29.451056,70.774833,Non DG,Un Guarded
N-5668,North I,33.43386,71.98303,Non DG,Un Guarded
N-5437,North II,33.59135,71.93992,Non DG,Un Guarded
R009,North I,34.68612,73.57453,DG,Guarded
CII-2847,Central II,31.8293,70.8817,Non DG,Un Guarded
1476,South III,30.86097,69.81993,DG,Guarded
5272,Central III,30.01579,72.41769,Non DG,Un Guarded
1352,South II,26.15287,68.65068,Non DG,Un Guarded
3158,Central I,31.51575,74.33582,Non DG,Un Guarded
7879,Central I,32.59075,74.57086,DG,Guarded
S-3399,South I,24.94556,67.15728,Non DG,Un Guarded
2549,North I,33.29925,73.37274,DG,Guarded
2009,North I,33.59368,73.05026,Non DG,Un Guarded
8868,North I,33.97805,72.92772,DG,Guarded
6636,North II,33.96399,71.45085,DG,Guarded
5489,Central III,30.00779,70.64995,Non DG,Un Guarded
S-7480,South II,27.72249,68.82859,Non DG,Un Guarded
N-4502,North I,33.639928,72.918148,Non DG,Un Guarded
CI-1197,Central I,32.08343,74.17737,Non DG,Un Guarded
N-4395,North I,33.7668,72.37026,Non DG,Un Guarded
2643,North I,33.63598,73.17221,Non DG,Un Guarded
N-5219,North I,33.61184,72.86804,Non DG,Un Guarded
S-7904,South I,24.95331,67.02031,Non DG,Un Guarded
N-4560,North I,34.13724,73.2112,Non DG,Un Guarded
CI-1172,Central I,32.22619,74.24384,Non DG,Un Guarded
4024,Central II,31.40257,73.14291,Non DG,Un Guarded
CII-2893,Central III,30.17842,71.54795,Non DG,Un Guarded
N-4496,North I,33.67055,72.89757,Non DG,Un Guarded
5522,Central III,29.29089,70.44652,Non DG,Un Guarded
N-5583,North II,33.723845,71.77935,DG,Guarded
S-3292,South I,24.86287,67.26295,Non DG,Un Guarded
N-5550,North I,33.69438,73.00143,Non DG,Un Guarded
N-4747,North I,33.56141,73.25399,DG,Guarded
N-5988,North I,33.61567,72.992,Non DG,Un Guarded
S-7879,South III,25.071003,66.827468,Non DG,Un Guarded
N-4559,North I,34.17896,73.21237,Non DG,Un Guarded
N-4030,North I,33.43081,73.36326,Non DG,Un Guarded
2191,North I,33.68265,73.04089,Non DG,Un Guarded
S-4834,South III,28.9094,64.43384,Non DG,Un Guarded
S-4062,South III,30.138583,67.748915,Non DG,Guarded
S-3821,South III,30.98753,67.79534,Non DG,Guarded
S-7523,South III,30.34712,68.19775,Non DG,Guarded
S-3977,South III,30.14264,67.83595,Non DG,Un Guarded
N-3826,North II,33.9745,71.47069,Non DG,Un Guarded
S-3510,South III,31.3755,68.93867,Non DG,Guarded
7540,Central I,31.57921,74.32425,Non DG,Un Guarded
8580,North II,33.53967,71.05994,DG,Guarded
3599,Central I,31.53846,73.83319,DG,Guarded
N-3267,North I,33.60905,73.06051,Non DG,Un Guarded
N-5756,North I,33.678533,73.071835,Non DG,Un Guarded
S-7491,South III,30.13476,68.89461,Non DG,Guarded
N-3824,North I,33.64928,72.9024,Non DG,Un Guarded
N-3791,North I,33.56731,73.1363,Non DG,Un Guarded
N-5185,North I,32.99394,72.89926,Non DG,Un Guarded
S-4732,South III,29.0227,66.5882,DG,Un Guarded
N-4242,North I,33.98715,72.96781,Non DG,Un Guarded
S-3796,South III,31.18157,68.4016,DG,Guarded
S-4853,South III,29.54153,66.02084,Non DG,Un Guarded
N-3126,North I,33.70845,73.06716,Non DG,Guarded
N-5924,North I,33.584,73.0676,Non DG,Un Guarded
S-7878,South I,25.05538,67.31542,Non DG,Un Guarded
3421,Central I,32.50229,74.54219,DG,Un Guarded
N-3834,North II,33.11931,71.1009,Non DG,Un Guarded
1301,South I,25.018888889,67.36725,DG,Guarded
N-4057,North I,33.25795,73.4335,Non DG,Un Guarded
N-5930,North II,33.00982,70.58257,Non DG,Un Guarded
4467,Central III,30.30668,71.934543,Non DG,Un Guarded
N-3556,North I,33.642227,73.074027,Non DG,Un Guarded
N-4459,North I,33.08228,72.09981,Non DG,Un Guarded
6770,South II,25.36609,68.30797,Non DG,Un Guarded
N-5936,North II,32.97624,70.59074,Non DG,Un Guarded
9721,South II,28.282486,68.580292,DG,Guarded
N-3825,North I,33.52019,73.10941,Non DG,Un Guarded
S-7889,South II,27.71652,68.83752,Non DG,Un Guarded
S-3607,South III,30.07879,68.08021,DG,Guarded
CII-2987,Central III,29.090166,70.324282,Non DG,Un Guarded
2469,North II,33.67927,71.54444,DG,Guarded
7794,Central I,32.50321,74.2002,DG,Guarded
S-3889,South III,25.4053,67.066,DG,Guarded
S-7914,South II,27.55801,68.19331,Non DG,Un Guarded
1340,South II,24.97239,68.76379,DG,Guarded
N-5776,North II,33.8544,71.45847,Non DG,Un Guarded
N-5377,North II,33.99154,71.58149,Non DG,Un Guarded
N-5071,North I,33.61082,73.13224,Non DG,Un Guarded
N-5192,North II,34.0183,71.53271,Non DG,Un Guarded
N-4680,North II,34.15666,71.5385,Non DG,Un Guarded
N-5827,North II,34.12078,72.50199,Non DG,Un Guarded
2288,North I,33.334232,73.451953,Non DG,Un Guarded
1581,South II,27.68355,68.88759,Non DG,Un Guarded
4780,Central II,31.52644,73.37999,DG,Un Guarded
CII-2014,Central III,30.02475,70.658603,Non DG,Un Guarded
S-7942,South III,30.03837,66.98389,Non DG,Un Guarded
CI-1189,Central I,32.69523,73.956541,Non DG,Un Guarded
S-7150,South I,24.89294,67.34052,Non DG,Un Guarded
3215,Central I,31.58322,74.32671,Non DG,Un Guarded
N-5372,North II,34.02575,71.63222,Non DG,Un Guarded
S-7399,South III,30.26084,66.98105,Non DG,Un Guarded
N-5523,North II,34.00181,71.46798,Non DG,Un Guarded
S-7163,South III,30.1855,66.98084,Non DG,Un Guarded
N-5277,North I,33.54063,72.97926,Non DG,Un Guarded
S-7358,South I,25.092162,67.013228,Non DG,Un Guarded
N-4497,North I,33.66267,72.90183,Non DG,Un Guarded
N-4837,North II,33.82014,71.73962,Non DG,Un Guarded
S-3258,South III,30.10736,66.94044,Non DG,Un Guarded
2447,North I,33.768342,72.721652,Non DG,Un Guarded
CII-2868,Central II,32.5836,71.5321,Non DG,Un Guarded
CII-2017,Central III,30.044472,70.665573,Non DG,Un Guarded
CI-1945,Central I,32.324427,74.341448,Non DG,Un Guarded
N-4767,North I,34.1556,73.2598,Non DG,Un Guarded
N-5882,North I,32.94769,72.84993,Non DG,Un Guarded
N-4217,North I,33.64139,72.99853,Non DG,Un Guarded
CI-1874,Central I,32.7628,73.903,Non DG,Un Guarded
9269,South I,24.86141,67.06897,Non DG,Un Guarded
N-5507,North II,34.02897,71.53318,Non DG,Un Guarded
3644,Central I,32.60042,73.49358,DG,Guarded
5470,Central II,31.31102,73.0356,Non DG,Un Guarded
7290,Central I,31.57572,74.29188,Non DG,Un Guarded
N-5244,North I,33.63601,73.09892,Non DG,Un Guarded
S-3972,South III,30.77212,68.29422,DG,Guarded
S-7926,South II,26.25131,68.41112,Non DG,Un Guarded
S-7862,South III,25.69584,67.10309,DG,Guarded
4460,Central III,30.30319,71.9218,DG,Un Guarded
2180,North II,33.96369,71.60614,DG,Guarded
2892,North II,35.86153,71.79241,DG,Guarded
1556,South II,25.87534,68.54587,DG,Guarded
S-7860,South III,25.34536,67.01442,DG,Guarded
S-7859,South III,25.03797,66.81416,DG,Guarded
S-7861,South III,25.55753,67.08237,DG,Un Guarded
CII-2416,Central III,30.07148,72.67052,Non DG,Un Guarded
S-7864,South III,25.79221,67.35577,DG,Guarded
S-7863,South III,25.83155,67.20314,DG,Un Guarded
7099,Central I,31.4814,74.27537,Non DG,Un Guarded
S-7853,South III,25.48995,66.56007,DG,Guarded
S-7869,South III,25.44181,66.75524,DG,Guarded
S-7729,South III,26.9153,64.67594,DG,Guarded
S-7887,South I,24.829816,67.412803,Non DG,Un Guarded
N-4137,North I,33.52707,73.20033,Non DG,Un Guarded
CI-1011,Central I,31.55641,74.4251,Non DG,Un Guarded
CI-1147,Central I,31.38628,74.18459,Non DG,Un Guarded
N-5079,North I,33.57006,73.18946,Non DG,Guarded
CI-1962,Central I,31.38872,74.16514,Non DG,Guarded
CI-1131,Central I,31.41861,74.26895,Non DG,Guarded
N-5206,North I,33.57626,73.20729,Non DG,Guarded
4212,Central II,31.149,72.692,Non DG,Un Guarded
7583,Central I,32.16364,74.18026,Non DG,Un Guarded
9426,South I,24.84386,67.0357,Non DG,Un Guarded
9036,South I,24.85068,67.01351,DG,Un Guarded
BSC Bahawalpur,Central III,29.397502,71.661858,DG,Un Guarded
N-5194,North I,33.69945,73.22297,Non DG,Un Guarded
N-5284,North I,33.64743,73.0881,Non DG,Un Guarded
S-3583,South III,30.23114,68.20987,DG,Guarded
2246,North I,32.9935,73.71825,Non DG,Un Guarded
CI-1391,Central I,32.16476,74.18467,Non DG,Un Guarded
N-4839,North I,34.017,72.9035,Non DG,Un Guarded
N-5539,North II,34.03163,71.58424,Non DG,Un Guarded
N-4052,North II,32.99363,70.91604,Non DG,Un Guarded
S-7155,South II,27.56176,68.22548,Non DG,Un Guarded
N-4518,North I,33.24319,73.31018,Non DG,Un Guarded
S-7264,South III,30.17523,67.0196,Non DG,Un Guarded
N-5652,North II,33.97468,71.57067,DG,Un Guarded
5732,Central III,30.17304,71.43068,DG,Guarded
3518,Central I,31.74804,73.97715,DG,Guarded
2450,North II,34.06012,72.46741,Non DG,Un Guarded
S-3789,South III,27.94438,63.03667,DG,Guarded
S-7230,South III,30.16454,67.01784,Non DG,Un Guarded
N-5209,North I,33.62843,73.12431,Non DG,Un Guarded
N-5649,North II,34.01655,71.49792,Non DG,Un Guarded
8951,North I,33.68948,73.81666,DG,Guarded
N-5201,North II,34.00661,71.60611,Non DG,Un Guarded
N-5527,North II,33.97331,71.5378,Non DG,Un Guarded
N-5537,North II,33.99547,71.60634,Non DG,Un Guarded
N-5014,North II,34.46942,71.85889,Non DG,Un Guarded
N-5331,North I,33.5944,73.11703,Non DG,Un Guarded
7967,Central I,31.46771,74.36371,Non DG,Un Guarded
CII-2877,Central II,30.98189,72.46475,Non DG,Un Guarded
N-4055,North I,33.165243,73.265367,Non DG,Un Guarded
8626,North I,33.96916,73.07284,DG,Guarded
7146,Central I,31.5054,74.3217,DG,Guarded
3431,Central I,32.4964,74.51109,DG,Guarded
6666,North II,34.20163,72.05418,Non DG,Un Guarded
4191,Central III,29.4613,70.957972,Non DG,Un Guarded
N-4914,North I,33.70748,73.04984,Non DG,Un Guarded
N-4987,North I,33.96587,73.02319,Non DG,Un Guarded
5038,Central III,30.0675,71.54458,Non DG,Un Guarded
5443,Central III,29.4224,70.56032,DG,Guarded
UKZR35,South III,26.40126,66.31889,DG,Guarded
2499,North II,33.48207,71.89398,Non DG,Guarded
2358,North II,34.47658,72.49307,DG,Guarded
S-3619,South III,31.26579,68.01873,DG,Guarded
9451,South I,24.99574,67.0702,Non DG,Un Guarded
N-4038,North I,33.65059,72.97177,Non DG,Un Guarded
2485,North II,33.15726,71.2114,DG,Guarded
4591,Central III,29.60248,73.14302,Non DG,Un Guarded
4499,Central III,28.68862,69.94344,DG,Guarded
4295,Central III,31.18658,70.63357,DG,Guarded
N-4779,North II,33.99463,71.5615,Non DG,Un Guarded
4582,Central III,29.60537,73.12736,DG,Guarded
4662,Central III,30.04926,72.36692,DG,Guarded
4127,Central III,30.1799,71.4928,DG,Guarded
CII-2264,Central II,31.13958,72.67811,DG,Un Guarded
3832,Central I,31.25134,74.41903,DG,Guarded
S-3094,South II,26.89193,68.00446,Non DG,Un Guarded
CII-2239,Central III,30.36733,72.56408,DG,Guarded
3018,Central I,31.52223,74.38035,DG,Un Guarded
9154,South I,24.86756,66.98483,Non DG,Un Guarded
CII-8020,Central II,31.60909,71.15572,Non DG,Un Guarded
1659,South III,29.4738,67.64984,Non DG,Un Guarded
9707,South II,27.43391,68.07627,DG,Guarded
8593,North II,32.7476,70.96682,DG,Guarded
1138,South II,25.36383,68.34265,DG,Un Guarded
CII-2251,Central III,30.06994,70.63899,Non DG,Guarded
2962,North II,34.30984,72.1045,DG,Guarded
S-3417,South I,24.97823,67.01853,Non DG,Un Guarded
8650,North II,34.11618,72.64328,DG,Guarded
3841,Central I,31.67341,73.94838,DG,Guarded
8701,North I,33.15239,73.74714,Non DG,Un Guarded
8615,North I,33.97105,72.919046,Non DG,Guarded
9902,South II,26.05765,69.19427,DG,Guarded
5510,Central II,30.55903,73.17383,DG,Guarded
4718,Central II,32.03484,72.70784,DG,Un Guarded
3057,Central I,31.47579,74.28014,DG,Guarded
4217,Central II,31.05727,72.97261,DG,Un Guarded
7138,Central I,31.5749,74.3906,Non DG,Un Guarded
CII-2338,Central II,30.90311,72.67921,Non DG,Un Guarded
4364,Central II,32.39233,72.25593,DG,Un Guarded
7518,Central I,31.56115,74.3208,Non DG,Un Guarded
5488,Central III,29.93621,70.67324,DG,Guarded
1616,South II,26.22765,68.36126,DG,Guarded
4240,Central II,30.83362,72.07884,Non DG,Un Guarded
4447,Central III,30.47453,70.96375,DG,Guarded
2278,North I,32.926423,72.419361,Non DG,Un Guarded
2519,North I,33.27066,72.46162,DG,Guarded
6330,South I,24.92538,67.15633,Non DG,Un Guarded
2300,North II,33.5847,71.4522,DG,Guarded
2774,North I,34.69378,73.09251,DG,Guarded
9069,South I,24.83219,67.20972,DG,Guarded
6854,Central II,30.66157,73.11011,Non DG,Un Guarded
S-3382,South I,24.80211,67.03001,Non DG,Un Guarded
CII-2220,Central II,30.93009,73.63268,Non DG,Un Guarded
7110,Central I,31.4965,74.31802,DG,Un Guarded
4363,Central II,32.29679,72.35718,DG,Un Guarded
1716,South II,25.39628,69.25347,DG,Guarded
7421,Central I,31.53266,74.35008,Non DG,Un Guarded
6219,South I,24.81462,67.05003,Non DG,Un Guarded
2093,North I,33.6974,73.06659,DG,Guarded
2545,North I,33.03029,73.21519,DG,Guarded
N-4238,North II,34.615799,71.905544,Non DG,Guarded
N-4294,North II,34.96402,72.36813,Non DG,Un Guarded
6607,North II,33.68571,71.51147,DG,Guarded
2361,North II,34.27901,71.56175,DG,Guarded
1583,South II,27.5945,68.00388,Non DG,Un Guarded
6952,Central III,28.95203,70.30907,DG,Guarded
9859,South II,25.52774,69.01534,Non DG,Un Guarded
S-4035,South III,29.98375,69.57632,DG,Guarded
7743,Central I,31.83555,74.11009,DG,Guarded
S-4003,South III,31.649594,69.55176,DG,Guarded
N-3871,North I,33.865286,73.467318,Non DG,Un Guarded
N-4443,North I,32.95059,73.70679,Non DG,Un Guarded
2060,North I,33.58116,73.04407,DG,Un Guarded
2598,North I,32.94271,72.53081,DG,Guarded
N-3875,North I,33.851792,72.73586,Non DG,Un Guarded
1955,South II,26.85706,67.7231,DG,Guarded
4104,Central III,30.18227,71.47065,DG,Guarded
1852,South III,28.8224,62.7449,DG,Guarded
9042,South I,24.93678,67.09664,DG,Un Guarded
1309,South I,24.91617,67.12605,DG,Un Guarded
9536,South I,24.9286,67.08088,DG,Guarded
1806,South III,30.82194,67.72265,DG,Guarded
5535,Central II,30.91647,73.80834,DG,Guarded
6224,South I,24.85443,66.88016,DG,Guarded
3921,Central I,32.14858,74.16465,Non DG,Un Guarded
3936,Central I,32.18612,74.17901,Non DG,Un Guarded
2346,North II,34.67698,72.20855,DG,Guarded
S-3766,South III,28.25071,67.27859,DG,Guarded
5676,Central III,29.75246,70.56568,DG,Guarded
9513,South I,24.97406,66.99274,Non DG,Guarded
2153,North II,33.99672,71.49214,Non DG,Un Guarded
S-7362,South III,30.24439,67.01875,Non DG,Un Guarded
S-7305,South II,28.63684,69.18685,Non DG,Un Guarded
S-7361,South III,30.17777,66.9761,Non DG,Un Guarded
5666,Central III,31.11206,70.70713,DG,Guarded
S-7340,South III,30.37348,68.60242,Non DG,Un Guarded
5814,Central II,31.4311,73.13233,Non DG,Un Guarded
S-3184,South II,25.40418,68.36507,Non DG,Un Guarded
3160,Central I,31.5105,74.35201,Non DG,Un Guarded
S-7365,South III,27.68464,66.18526,Non DG,Un Guarded
S-7331,South III,27.811176,66.600446,Non DG,Un Guarded
S-7377,South III,30.33886,68.57143,Non DG,Un Guarded
S-7306,South II,28.64424,69.20169,Non DG,Un Guarded
S-7347,South III,25.1752,62.3326,Non DG,Un Guarded
S-7212,South III,25.05263,61.74863,Non DG,Un Guarded
S-7346,South III,25.12315,62.06837,Non DG,Un Guarded
S-7366,South III,30.19245,67.01766,Non DG,Un Guarded
S-7355,South III,30.192,67.0097,Non DG,Un Guarded
CII-2562,Central III,29.10204,70.32364,DG,Un Guarded
8906,North I,33.85655,73.75895,Non DG,Un Guarded
S-3275,South I,24.81891,67.04851,Non DG,Un Guarded
S-7422,South III,30.1698,66.9787,Non DG,Un Guarded
N-4303,North II,33.52873,71.563792,Non DG,Un Guarded
1529,South II,28.27481,68.44244,Non DG,Un Guarded
5487,Central III,29.91029,70.7363,Non DG,Un Guarded
N-4766,North II,32.91639,70.62997,DG,Guarded
8654,North II,34.191973,72.057174,Non DG,Un Guarded
1302,South II,25.073333333,67.5625,DG,Guarded
6726,North I,32.69101,72.6184,DG,Guarded
N-4309,North I,32.96068,72.87603,Non DG,Guarded
N-5885,North I,32.93711,72.84591,Non DG,Un Guarded
CI-1009,Central I,32.578,74.0877,Non DG,Un Guarded
8357,North I,33.95547,73.45997,Non DG,Un Guarded
N-5876,North I,32.9316,72.8226,Non DG,Un Guarded
S-4242,South III,29.81952,67.34184,Non DG,Un Guarded
S-4145,South I,24.924809,67.165598,Non DG,Un Guarded
S-4251,South III,30.18126,66.99493,Non DG,Un Guarded
CI-1556,Central I,31.46727,74.265861,Non DG,Un Guarded
CI-1930,Central I,32.60298,74.06515,Non DG,Un Guarded
N-5878,North I,33.64053,73.07351,Non DG,Un Guarded
N-4189,North II,34.19748,72.11433,Non DG,Un Guarded
3593,Central I,30.96284,73.98126,Non DG,Un Guarded
3G-N-2530,North I,33.72181,73.09502,Non DG,Un Guarded
S-3170,South III,27.80246,66.63834,DG,Guarded
N-5847,North I,32.94901,72.85985,Non DG,Un Guarded
8231,North I,33.56913,73.13188,DG,Un Guarded
N-5836,North I,33.5853,73.1007,Non DG,Un Guarded
CI-1785,Central I,31.464,74.4614,Non DG,Un Guarded
8558,North II,33.57683,71.45325,Non DG,Un Guarded
S-3030,South I,25.00083,67.10761,Non DG,Un Guarded
S-7554,South III,28.72739,67.69256,Non DG,Un Guarded
CI-1958,Central I,32.44951,74.53859,Non DG,Un Guarded
CI-1795,Central I,32.4723,74.4472,Non DG,Un Guarded
5679,Central III,29.79157,70.72611,DG,Guarded
N-5963,North I,33.6371,72.97585,Non DG,Un Guarded
N-5967,North I,33.6348,73.0702,Non DG,Un Guarded
S-7572,South III,29.36676,67.81484,Non DG,Un Guarded
N-5834,North II,33.99533,72.12834,Non DG,Un Guarded
CII-2749,Central III,30.05101,70.63891,Non DG,Un Guarded
CII-2881,Central II,30.95149,72.53994,Non DG,Un Guarded
N-5901,North I,33.6009,73.0003,Non DG,Un Guarded
3004,Central I,31.5261,74.31705,DG,Un Guarded
N-5918,North I,32.9301,72.83995,Non DG,Un Guarded
7030,Central I,31.52207,74.35612,DG,Guarded
N-5865,North I,33.5923,73.0091,Non DG,Un Guarded
9506,South I,25.03286,67.09672,DG,Guarded
9883,South III,25.38468,66.67438,DG,Guarded
7032,Central I,31.58165,74.36159,Non DG,Un Guarded
S-7561,South III,28.8027,67.8848,Non DG,Un Guarded
N-5917,North I,33.5787,73.1033,Non DG,Un Guarded
N-5874,North I,33.6291,72.93808,Non DG,Un Guarded
N-4416,North I,32.8516,72.92,Non DG,Un Guarded
8411,North II,33.03063,71.03129,DG,Un Guarded
N-5970,North I,33.6078,73.16668,Non DG,Un Guarded
S-7403,South III,30.0984,66.9713,Non DG,Un Guarded
S-7553,South III,28.4108,67.4578,Non DG,Un Guarded
N-4590,North I,33.54967,73.18786,Non DG,Un Guarded
S-7413,South I,24.86793,67.35781,Non DG,Un Guarded
S-7435,South III,30.40737,68.53078,Non DG,Un Guarded
3291,Central I,31.60026,74.41365,DG,Guarded
1066,South I,24.996583333,67.077916667,DG,Guarded
N-4861,North I,33.35124,73.10904,Non DG,Un Guarded
7759,Central I,32.49381,74.48524,DG,Un Guarded
S-7560,South III,28.9642,67.8484,Non DG,Un Guarded
S-7564,South III,28.0156,67.5218,Non DG,Un Guarded
S-7621,South III,30.249,67.0061,Non DG,Un Guarded
S-7624,South III,30.2158,66.9624,Non DG,Un Guarded
N-4516,North I,33.2583,72.9762,Non DG,Un Guarded
N-5872,North I,33.6222,73.0683,Non DG,Un Guarded
N-4537,North I,33.50141,73.06627,Non DG,Un Guarded
CI-1541,Central I,31.281632,74.18965,Non DG,Un Guarded
9980,South II,24.7619,69.19673,DG,Guarded
S-7559,South III,28.8578,67.6957,Non DG,Un Guarded
S-7595,South III,29.64028,66.72713,DG,Un Guarded
S-7581,South III,29.54599,67.754,Non DG,Un Guarded
S-7575,South III,29.07951,67.56404,Non DG,Un Guarded
S-7582,South III,28.17765,67.47165,Non DG,Un Guarded
S-7562,South III,29.1489,67.74601,Non DG,Un Guarded
6924,Central III,29.25975,71.47638,DG,Guarded
N-4873,North I,34.15719,73.24798,Non DG,Un Guarded
S-7574,South III,28.66914,67.40263,Non DG,Un Guarded
S-7586,South III,28.47028,67.62522,Non DG,Un Guarded
S-7566,South III,28.3265,67.5946,Non DG,Un Guarded
CI-1802,Central I,31.35041,74.24591,Non DG,Un Guarded
S-7571,South III,29.18823,67.89277,Non DG,Un Guarded
CII-2068,Central II,32.17172,71.09525,Non DG,Un Guarded
N-5979,North II,33.60098,71.44478,Non DG,Un Guarded
N-5976,North II,33.59236,71.42347,Non DG,Un Guarded
S-7386,South III,30.2137,67.02404,Non DG,Un Guarded
N-5981,North II,33.53755,71.47117,Non DG,Un Guarded
1695,South II,25.59653,68.69289,DG,Guarded
N-5980,North II,33.53671,71.4153,Non DG,Un Guarded
N-5925,North II,33.58598,71.12614,Non DG,Un Guarded
S-7579,South III,28.46201,67.29888,Non DG,Guarded
9023,South I,24.85054,67.00023,DG,Guarded
S-7568,South III,28.33234,67.69833,Non DG,Un Guarded
S-7584,South III,28.55672,67.37808,Non DG,Un Guarded
S-7387,South III,30.20404,67.03577,Non DG,Un Guarded
1565,South II,27.84091,67.90064,DG,Guarded
S-7625,South III,30.0522,66.9298,Non DG,Un Guarded
6094,South I,24.84262,67.10974,DG,Guarded
9120,South I,24.88493,67.07464,DG,Un Guarded
5682,Central III,29.38693,70.91007,DG,Guarded
S-7573,South III,28.7104,67.8296,Non DG,Un Guarded
S-7596,South III,29.82704,66.68551,DG,Un Guarded
S-7569,South III,29.05429,68.19608,Non DG,Un Guarded
S-7558,South III,28.98287,67.69725,Non DG,Un Guarded
3G-N-2058,North I,33.65275,73.153,Non DG,Un Guarded
4533,Central II,30.6748,73.02823,DG,Guarded
8194,North I,33.62424,73.05926,DG,Guarded
5782,Central III,30.5502,70.60099,Non DG,Un Guarded
S-7202,South III,25.3725,64.88929,Non DG,Un Guarded
S-7192,South III,25.46483,65.23396,Non DG,Un Guarded
S-7567,South III,28.56267,67.68917,Non DG,Un Guarded
S-7588,South III,29.12782,68.05039,Non DG,Un Guarded
S-7570,South III,29.24968,68.05069,Non DG,Un Guarded
S-7354,South III,25.28781,62.53177,Non DG,Un Guarded
S-7587,South III,28.93478,68.1281,Non DG,Un Guarded
S-7432,South III,30.71986,67.07709,Non DG,Un Guarded
S-7565,South III,28.1229,67.6356,Non DG,Un Guarded
5325,Central II,30.91976,72.93927,DG,Un Guarded
S-3693,South III,27.8059,66.479,DG,Guarded
CII-2781,Central II,32.54599,71.77388,Non DG,Un Guarded
CII-2759,Central II,31.755965,72.930561,Non DG,Un Guarded
CII-2783,Central III,29.5583,70.37516,Non DG,Un Guarded
S-3578,South III,30.05712,68.87493,DG,Guarded
CII-2780,Central II,31.6141,71.6706,Non DG,Un Guarded
CII-2779,Central II,32.2087,71.6151,Non DG,Un Guarded
9180,South I,24.9137,67.05132,Non DG,Un Guarded
9398,South I,24.8682,67.01678,Non DG,Guarded
1507,Central III,28.41771,70.30025,DG,Guarded
CI-1082,Central I,32.17405,74.20907,Non DG,Un Guarded
8340,North I,33.74059,73.05542,Non DG,Un Guarded
4501,Central II,30.81136,73.46002,DG,Guarded
2621,North I,34.08121,73.49355,DG,Guarded
MTNRNC01,Central II,0.0,0.0,Non DG,Un Guarded
6872,Central III,30.19032,71.47301,Non DG,Un Guarded
1249,South II,28.3728554,68.3463725,DG,Guarded
4975,Central III,30.06094,70.63183,Non DG,Un Guarded
CII-2316,Central III,31.12813,70.50454,DG,Un Guarded
N-4706,Central II,32.15469,70.25274,DG,Guarded
1724,South II,25.12734,68.88564,Non DG,Guarded
1070,South I,24.887972222,66.987916667,DG,Guarded
3512,Central I,31.70738,73.97887,DG,Un Guarded
N-5115,Central II,32.47168,69.63715,Non DG,Un Guarded
8093,North I,33.70628,73.10714,DG,Guarded
7035,Central I,31.55559,74.30285,Non DG,Guarded
4680,Central II,30.76399,72.42851,DG,Un Guarded
N-5179,Central II,32.47494,70.42881,Non DG,Un Guarded
2588,North I,33.18143,72.03393,DG,Guarded
9938,South II,26.33174,68.53594,DG,Guarded
7066,Central I,31.57306,74.29765,DG,Guarded
N-4212,North II,34.07172,71.49076,DG,Guarded
2567,North I,32.8781,73.2962,Non DG,Un Guarded
4456,Central III,29.23128,71.06514,DG,Guarded
3912,Central I,32.2194,74.21989,DG,Un Guarded
5300,Central III,30.16351,73.55961,DG,Un Guarded
9795,South II,27.723,68.8429,Non DG,Guarded
CII-2292,Central II,30.75241,72.42341,Non DG,Un Guarded
8364,North I,33.73344,73.0885,Non DG,Un Guarded
9207,South I,24.91814,67.06197,DG,Guarded
7028,Central I,31.56366,74.31955,Non DG,Un Guarded
2494,North I,33.51423,72.24935,DG,Un Guarded
N-5306,North II,33.02352,70.05125,Non DG,Un Guarded
5534,Central III,29.65001,70.59869,DG,Guarded
2554,North I,33.40935,73.4794,DG,Guarded
7473,Central I,32.15879,74.18045,Non DG,Un Guarded
4492,Central III,30.95794,70.94521,DG,Guarded
S-7211,South III,25.50553,65.86076,Non DG,Un Guarded
6887,Central III,30.06359,70.62479,Non DG,Un Guarded
S-7190,South III,25.46884,64.34271,Non DG,Un Guarded
6787,South II,28.24936,69.18002,DG,Guarded
8469,North II,34.2115,72.06659,DG,Guarded
7133,Central I,31.57836,74.39754,Non DG,Guarded
3697,Central I,32.4406,74.11669,Non DG,Un Guarded
N-3390,North II,34.365228,71.69432,DG,Guarded
7687,Central I,31.25632,73.84269,DG,Guarded
3037,Central I,31.46931,74.33159,DG,Guarded
1227,South II,27.95491,68.62924,Non DG,Un Guarded
N-4716,Central II,32.18952,70.44054,Non DG,Un Guarded
CII-2857,Central II,31.87521,70.91737,Non DG,Un Guarded
N-5018,North II,34.45583,71.94266,Non DG,Un Guarded
N-4830,North II,33.06808,70.04736,Non DG,Un Guarded
N-5000,North II,33.69501,71.16705,Non DG,Un Guarded
N-4985,North II,33.45166,70.75643,Non DG,Un Guarded
8733,North I,35.68559,74.63117,Non DG,Un Guarded
4663,Central III,30.05064,72.3507,DG,Un Guarded
5693,Central II,30.70463,73.40006,Non DG,Un Guarded
2266,North I,33.81588,73.4588,DG,Guarded
4552,Central II,30.48732,72.52351,DG,Guarded
6524,South II,25.53341,69.01148,Non DG,Un Guarded
2921,North I,33.76167,72.36047,DG,Guarded
6555,South I,24.937722,67.188185,Non DG,Un Guarded
3495,Central I,32.14509,74.7459,DG,Un Guarded
4696,Central II,30.45339,73.70569,DG,Guarded
7005,Central I,31.58153,74.31879,Non DG,Guarded
4206,Central II,31.14415,72.67735,DG,Un Guarded
4469,Central III,31.19898,71.09064,DG,Guarded
N-4722,Central II,32.21361,70.39721,Non DG,Un Guarded
7127,Central I,31.46393,74.36005,DG,Guarded
9556,South I,24.79756,67.05826,Non DG,Un Guarded
3804,Central I,31.8209,73.8208,DG,Guarded
CII-2159,Central III,30.408561,72.759625,Non DG,Un Guarded
5089,Central III,31.00177,70.67817,Non DG,Un Guarded
2079,North I,33.6153,72.98905,DG,Guarded
S-3074,South III,29.55398,67.88685,Non DG,Un Guarded
8243,North I,33.73872,73.17217,Non DG,Un Guarded
BSC_Gujranwala,Central I,32.17,74.18,DG,Un Guarded
BSC_Hafizabad,Central I,32.0732859820559,73.6866412006172,DG,Un Guarded
BSC_Gujrat,Central I,32.565823,74.0617737,DG,Un Guarded
BSC_Sialkot,Central I,32.5194009,74.5404915,DG,Un Guarded
BSC_Kasur,Central I,31.117932,74.451987,DG,Un Guarded
N-4666,North II,34.47041,71.91036,Non DG,Un Guarded
6124,South II,27.67135,68.88664,Non DG,Un Guarded
1041,South I,24.871972222,67.359638889,DG,Un Guarded
BSC_Sahiwal,Central II,30.66,73.1,DG,Un Guarded
N-4422,North I,32.91705,73.02844,Non DG,Un Guarded
BSC_Bahawalpur,Central III,29.397502,71.661858,DG,Un Guarded
2289,North I,33.34146,73.49529,DG,Guarded
BSC_Bahawalnagar,Central III,29.9997127,73.2578294,DG,Un Guarded
BSC_Multan,Central III,30.19161,71.4518,DG,Un Guarded
BSC_Burewala,Central III,30.164278,72.681444,DG,Un Guarded
BSC_Rahim Yar Khan,Central III,28.423028,70.309528,DG,Un Guarded
BSC_DG Khan,Central III,30.04882,70.630909,DG,Un Guarded
BSC_Khanewal,Central III,30.303232,71.921766,DG,Un Guarded
3595,Central I,31.46378,74.10061,DG,Guarded
7389,Central I,31.5532,74.3143,Non DG,Un Guarded
BSC_Jhelum,North I,32.9257,73.7095,DG,Un Guarded
BSC_Chakwal,North I,32.9311,72.8324,DG,Un Guarded
4607,Central III,29.38629,71.6616,Non DG,Guarded
8809,North I,33.71763,73.06295,Non DG,Un Guarded
BSC_Abbottabad,North I,34.1938,73.2357,DG,Un Guarded
BSC_Mansehra,North I,34.334076,73.20152,DG,Un Guarded
BSC_Mardan,North II,34.145321,72.035212,DG,Un Guarded
BSC_Kohat,North II,33.585,71.452,DG,Un Guarded
9360,South I,24.9568,67.09605,DG,Guarded
1500,Central III,28.42315,70.30925,DG,Un Guarded
BSC_Nawabshah,South II,26.2482769,68.4066796,DG,Un Guarded
CII-2319,Central III,28.81091,70.52616,DG,Un Guarded
BSC_MirpurKhas,South II,25.5124236,69.0096543,DG,Un Guarded
BSC_Larkana,South II,27.5596185,68.2163564,DG,Un Guarded
4446,Central III,30.46461,70.95807,Non DG,Un Guarded
CI-1035,Central I,32.4123,74.5828,Non DG,Un Guarded
3087,Central I,31.57703,74.38289,DG,Guarded
3449,Central I,32.47917,74.36996,DG,Guarded
3591,Central I,31.61825,74.23726,DG,Guarded
CII-2845,Central II,31.8522,70.8834,Non DG,Un Guarded
CII-2069,Central II,32.24394,70.87945,Non DG,Un Guarded
8384,North I,33.725004,73.085913,Non DG,Un Guarded
1223,South II,27.9513,68.64271,DG,Guarded
8148,North I,33.64289,73.19863,DG,Un Guarded
5022,Central III,30.19137,71.47799,DG,Un Guarded
5537,Central III,28.63861,70.66289,DG,Guarded
3G-S-4595,South I,24.824683,67.037984,Non DG,Un Guarded
1188,South II,25.91878,68.62244,DG,Guarded
7785,Central I,32.37787,74.60304,Non DG,Un Guarded
9836,South I,24.948765,67.133865,Non DG,Un Guarded
N-4947,North I,34.00092,72.87669,Non DG,Un Guarded
CI-1055,Central II,31.60202,73.61534,Non DG,Guarded
8612,North I,33.87019,72.94218,Non DG,Un Guarded
S-3732,South III,26.65841,66.48862,DG,Guarded
5947,Central II,31.75646,72.90316,DG,Guarded
9856,South II,25.36795,69.74899,DG,Guarded
N-5907,North I,33.57111,73.05847,Non DG,Un Guarded
N-5280,North I,33.75101,73.2068,Non DG,Un Guarded
9016,South I,24.9587,67.06552,DG,Guarded
N-5160,North I,33.70393,72.82112,Non DG,Un Guarded
N-5302,North II,34.0101,71.6769,Non DG,Un Guarded
5100,Central III,31.125,70.50865,DG,Guarded
2542,North I,33.40786,73.10064,DG,Guarded
2297,North I,33.25018,73.30587,Non DG,Un Guarded
7515,Central I,31.53256,74.28752,Non DG,Un Guarded
S-3395,South III,30.12249,66.96783,Non DG,Guarded
2258,North I,32.93253,72.81495,Non DG,Un Guarded
4862,Central I,31.447346,73.694908,Non DG,Un Guarded
UKTR04,South III,29.31206,66.75072,DG,Guarded
9126,South I,24.84029,67.01743,Non DG,Guarded
6991,Central III,29.77925,71.48257,Non DG,Un Guarded
2169,North II,34.049246,71.605104,DG,Guarded
9672,South I,24.8237,67.03575,Non DG,Un Guarded
N-4123,North I,33.48588,72.12084,Non DG,Un Guarded
4596,Central III,29.41149,71.68558,DG,Guarded
3565,Central I,31.11222,74.43505,DG,Guarded
N-4553,North I,34.2633,73.5893,Non DG,Un Guarded
7054,Central I,31.63374,74.27303,DG,Guarded
8134,North I,33.56337,72.99053,DG,Guarded
CI-1319,Central I,32.23669,74.19742,DG,Un Guarded
N-4363,North II,34.19215,72.04969,Non DG,Un Guarded
2140,North II,34.01476,71.47781,DG,Guarded
N-4453,North I,34.3578,73.45871,Non DG,Un Guarded
4884,Central III,29.63585,70.59582,DG,Guarded
N-3439,North I,34.17144,73.27108,Non DG,Un Guarded
N-3384,North II,34.117805,71.691006,DG,Guarded
S-4312,South I,24.901401,67.183135,Non DG,Un Guarded
S-4523,South I,24.919877,66.937369,Non DG,Un Guarded
S-4528,South I,25.021449,67.069101,Non DG,Un Guarded
S-4473,South I,24.81899,67.178501,Non DG,Un Guarded
CI-1227,Central I,32.64199,74.216416,Non DG,Un Guarded
N-3399,North II,34.384682,71.667912,DG,Guarded
S-3266,South III,31.35145,69.45519,DG,Guarded
S-4489,South I,24.867471,67.042611,Non DG,Un Guarded
3G-CI-1552,Central I,31.56297,74.33279,Non DG,Un Guarded
N-3365,North II,34.41525,71.90251,Non DG,Un Guarded
3639,Central I,32.55521,73.47177,DG,Guarded
CI-1690,Central I,32.19774,74.17114,Non DG,Un Guarded
7881,Central I,32.72554,74.15581,DG,Guarded
N-5934,North I,33.65655,73.06345,Non DG,Un Guarded
S-4460,South I,24.85569,67.22604,Non DG,Un Guarded
N-5667,North II,34.1898,72.0283,Non DG,Un Guarded
S-4549,South I,25.00005,67.08889,Non DG,Un Guarded
N-3017,North I,33.63473,72.98653,Non DG,Un Guarded
N-3256,North I,33.731561,72.771771,Non DG,Un Guarded
S-4311,South I,24.98413,67.06111,Non DG,Un Guarded
N-3275,North I,33.5478,73.01283,Non DG,Un Guarded
S-4543,South I,24.939726,66.952617,Non DG,Un Guarded
N-4809,North I,32.88041,73.58609,DG,Guarded
CI-1175,Central I,31.6438,74.2789,Non DG,Un Guarded
UCHR18,South III,28.753709,63.506778,DG,Guarded
7760,Central I,32.4645,74.59327,DG,Un Guarded
9594,South I,24.79918,67.07625,Non DG,Un Guarded
2905,North II,34.36029,72.07271,DG,Guarded
9922,South II,25.79292,68.39162,Non DG,Guarded
8118,North I,33.66394,73.07608,DG,Guarded
2613,North I,32.84915,72.65344,Non DG,Un Guarded
CII-2197,Central III,29.698444,70.447278,Non DG,Un Guarded
N-3442,North I,34.0016,72.9439,Non DG,Un Guarded
S-4470,South I,24.83403,67.14768,Non DG,Un Guarded
3G-CII-3011,Central II,31.4208,73.0351,Non DG,Un Guarded
S-4524,South I,24.99783,67.04996,Non DG,Un Guarded
S-4534,South I,25.010339,67.084741,Non DG,Un Guarded
N-3195,North I,33.62512,73.05404,Non DG,Un Guarded
S-4307,South I,24.894228,67.031707,Non DG,Un Guarded
N-3392,North II,33.75918,71.59338,DG,Guarded
CI-1569,Central I,31.46376,74.39038,Non DG,Un Guarded
CII-2334,Central III,29.10242,70.33686,Non DG,Un Guarded
CI-1218,Central I,32.48981,74.47819,Non DG,Un Guarded
S-4133,South I,24.8854,67.1726,Non DG,Un Guarded
S-7871,South III,28.5671,66.74173,DG,Guarded
S-4348,South I,24.9383,67.16771,Non DG,Un Guarded
5529,Central III,29.29936,70.44661,DG,Guarded
S-4292,South I,24.9321,67.09912,Non DG,Un Guarded
S-4428,South I,24.81509,66.99497,Non DG,Un Guarded
S-4285,South I,24.937,67.07246,Non DG,Un Guarded
S-4293,South I,24.91436,67.10504,Non DG,Un Guarded
S-4583,South III,29.87096,67.32312,Non DG,Un Guarded
5576,Central II,32.19503,72.68264,Non DG,Un Guarded
CII-2176,Central III,29.78172,70.4872,Non DG,Un Guarded
CII-2134,Central III,29.68118,70.63225,Non DG,Un Guarded
1023,South I,24.814027778,67.030083333,DG,Un Guarded
S-4551,South I,25.04976,66.86423,Non DG,Un Guarded
N-3367,North II,34.385677,71.921256,Non DG,Un Guarded
S-4186,South I,24.93773,66.96809,Non DG,Un Guarded
CII-2076,Central III,29.7108,70.6698,Non DG,Un Guarded
N-3440,North II,34.02234,71.98474,DG,Un Guarded
N-3248,North I,34.48502,73.2585,Non DG,Un Guarded
4979,Central III,30.0539,70.63894,Non DG,Un Guarded
6698,North II,34.12526,72.46954,Non DG,Un Guarded
1966,South III,30.90319,66.53071,DG,Guarded
2189,North II,34.01433,71.49515,Non DG,Un Guarded
1639,South II,28.05551,69.70521,Non DG,Un Guarded
CI-1618,Central I,31.44673,74.43411,Non DG,Un Guarded
4083,Central II,31.40891,73.09937,DG,Guarded
1150,South II,25.463758,68.717345,DG,Guarded
3932,Central I,32.1343,74.18914,Non DG,Guarded
4982,Central III,30.24024,70.94477,Non DG,Guarded
5840,Central III,30.16667,71.4423,Non DG,Un Guarded
CII-2165,Central II,30.61662,73.123111,Non DG,Un Guarded
S-3444,South I,24.83234,67.08097,Non DG,Un Guarded
9377,South I,24.89397,67.18149,DG,Guarded
2306,North II,33.55631,71.45701,DG,Guarded
5601,Central III,28.51285,70.04833,Non DG,Un Guarded
CI-1146,Central I,31.02292,73.8566,Non DG,Un Guarded
1242,South II,27.52868,68.74884,DG,Un Guarded
4575,Central III,29.79615,72.85557,DG,Guarded
1718,South II,24.80574,68.60564,DG,Guarded
S-7855,South III,30.27798,68.27881,DG,Guarded
S-4048,South II,28.12968,67.424283,Non DG,Un Guarded
S-4060,South III,28.73751,66.7236,Non DG,Guarded
S-4047,South III,30.28076,67.9095,Non DG,Un Guarded
S-4055,South II,28.60221,68.353644,Non DG,Un Guarded
N-4607,North II,32.80306,70.76596,Non DG,Un Guarded
4956,Central II,32.42269,71.69679,DG,Un Guarded
2263,North I,33.25014,72.81363,Non DG,Un Guarded
N-4225,North I,33.53901,73.52602,Non DG,Un Guarded
CII-2635,Central II,30.7168,73.2683,Non DG,Un Guarded
N-5169,North II,33.081781,70.342881,Non DG,Un Guarded
4208,Central II,31.15664,72.69007,Non DG,Un Guarded
S-4053,South III,31.3249,69.3257,Non DG,Guarded
S-4001,South III,31.71822,69.7925,Non DG,Guarded
S-3507,South III,31.89703,69.37124,Non DG,Guarded
3898,Central I,32.28249,73.88142,DG,Guarded
S-4011,South III,31.2904,69.8816,Non DG,Guarded
8504,North II,33.97544,71.45691,Non DG,Un Guarded
S-3892,South III,25.7007,67.2537,DG,Guarded
7720,Central I,31.58868,73.82274,DG,Guarded
7904,Central I,32.81198,73.9045,DG,Un Guarded
S-3775,South III,28.94177,64.71873,DG,Guarded
2780,North I,34.333177,73.20394,DG,Guarded
2619,North I,33.74556,72.70509,Non DG,Un Guarded
2176,North II,34.00012,71.56021,DG,Guarded
S-3842,South I,24.9098,67.11507,Non DG,Un Guarded
MGW Quetta,South III,30.19906,67.00756,DG,Un Guarded
N-4572,North II,34.51017,72.55749,Non DG,Un Guarded
7137,Central I,31.57154,74.37659,Non DG,Guarded
7126,Central I,31.5035,74.26172,Non DG,Un Guarded
8081,North I,33.58665,73.06648,Non DG,Un Guarded
2078,North I,33.62896,73.10631,DG,Guarded
9364,South I,24.82518,67.129993,Non DG,Guarded
4568,Central III,30.286777,73.0627778,Non DG,Un Guarded
2518,North I,33.28611,72.49363,DG,Guarded
S-3068,South II,26.24708598,68.41371875,Non DG,Un Guarded
1990,South III,29.87593,67.30645,DG,Guarded
1608,South II,26.24414,68.41045,DG,Un Guarded
7472,Central I,32.16226,74.17842,Non DG,Un Guarded
1439,South III,30.17232,67.02149,DG,Guarded
BSC Burewala,Central III,30.164278,72.681444,DG,Un Guarded
4047,Central II,31.3929,73.06659,Non DG,Guarded
2521,North I,33.25005,72.45741,DG,Un Guarded
9520,South I,24.89379,66.99466,DG,Guarded
CI-1632,Central I,31.6494,74.283,Non DG,Un Guarded
8076,North I,33.56078,73.05888,Non DG,Un Guarded
8834,North I,33.5552,73.09088,Non DG,Un Guarded
CI-1046,Central I,32.26785,75.027,Non DG,Un Guarded
3368,Central I,32.11213,73.92874,DG,Un Guarded
N-4063,North I,33.53135,73.14851,Non DG,Un Guarded
9740,South II,27.88567,67.62945,Non DG,Un Guarded
5021,Central III,30.18701,71.47276,Non DG,Un Guarded
4370,Central II,32.27121,72.90404,DG,Guarded
S-3511,South III,31.6254,68.39152,DG,Guarded
2121,North II,33.99189,71.48606,DG,Guarded
2710,North I,34.20189,73.2798,Non DG,Un Guarded
2043,North I,33.59787,73.05382,DG,Un Guarded
9415,South I,24.89691,67.11805,DG,Un Guarded
8007,North I,33.62225,73.07617,DG,Un Guarded
5177,Central II,32.66937,71.54983,DG,Guarded
2551,North I,33.37238,73.41759,DG,Guarded
2243,North I,33.02411,73.59908,DG,Un Guarded
9371,South I,24.8552,67.26369,DG,Guarded
2122,North II,33.98757,71.5334,DG,Guarded
9723,South II,28.51747,68.54404,Non DG,Un Guarded
5435,Central III,28.68728,70.74344,DG,Guarded
7541,Central I,31.57996,74.32334,Non DG,Un Guarded
1116,South II,25.40499,68.36997,Non DG,Un Guarded
2224,North I,32.92841,72.86449,DG,Un Guarded
8586,North II,32.9832,70.61301,DG,Guarded
1525,Central III,28.29827,70.13267,DG,Guarded
2365,North II,35.20782,71.87838,DG,Guarded
9493,South I,24.86798,67.2013,DG,Guarded
1250,South II,28.17707,68.03204,DG,Guarded
7786,Central I,32.49721,74.52603,Non DG,Un Guarded
8734,North I,35.16316,76.33618,Non DG,Un Guarded
6350,South I,24.8443,67.16024,Non DG,Un Guarded
9637,South I,24.95377,67.0585,Non DG,Un Guarded
N-4402,North II,34.02491,71.60715,Non DG,Guarded
5134,Central II,31.38873,71.43993,Non DG,Un Guarded
6125,South II,25.36256,68.39217,Non DG,Un Guarded
CII-2427,Central II,30.81377,71.82767,Non DG,Un Guarded
5904,Central III,30.22896,71.48482,Non DG,Un Guarded
S-7630,South III,25.43183,61.8547,DG,Guarded
S-7638,South III,25.49117,63.26065,DG,Guarded
S-7633,South III,25.30914,62.7442906,DG,Guarded
6407,South I,24.88591,67.08721,Non DG,Un Guarded
CII-2080,Central II,32.38277,71.75772,DG,Un Guarded
2508,North I,33.22842,73.38638,DG,Guarded
3607,Central I,32.57274,74.07368,DG,Guarded
1078,South I,24.843972222,67.054777778,DG,Guarded
S-7639,South III,25.47303,62.90618,DG,Guarded
S-7682,South III,26.0195,64.3713,DG,Guarded
S-7799,South III,28.4944,66.32811,DG,Un Guarded
S-7782,South III,29.0365,66.585032,Non DG,Un Guarded
9850,South II,25.53175,69.00733,Non DG,Guarded
7186,Central I,31.5237,74.26959,DG,Guarded
7648,Central I,31.56654,74.4065,Non DG,Un Guarded
6245,South I,24.94726,67.04574,Non DG,Un Guarded
N-4711,North II,34.01236,71.58169,Non DG,Guarded
8290,North I,33.64002,73.15258,Non DG,Un Guarded
2504,North I,33.01372,73.64597,Non DG,Un Guarded
4600,Central III,29.39774,71.66209,DG,Un Guarded
1082,South I,24.829666667,67.136527778,DG,Guarded
3188,Central I,31.53509,74.29021,Non DG,Un Guarded
5835,Central III,30.29704,71.92166,Non DG,Un Guarded
7919,Central I,32.80917,73.86821,Non DG,Un Guarded
3349,Central I,32.07269,73.81838,Non DG,Un Guarded
6276,South I,25.05392,66.87474,Non DG,Un Guarded
7293,Central I,31.5989,74.32595,Non DG,Un Guarded
8780,North I,33.735072966,73.8459808499,DG,Guarded
N-4815,North II,35.15434,71.89499,Non DG,Un Guarded
LHRRNC01,Central I,31.51768904,74.34859344,Non DG,Un Guarded
4013,Central II,31.43429,73.08849,DG,Guarded
5931,Central II,30.45212,73.68573,DG,Un Guarded
CI-1001,Central I,32.57029,74.08875,Non DG,Guarded
2369,North II,34.2363,71.90639,DG,Guarded
3920,Central I,32.17127,74.17243,Non DG,Un Guarded
8030,North I,33.71356,73.01568,DG,Un Guarded
8122,North I,33.67448,72.94858,DG,Guarded
CII-2105,Central II,31.1298,72.58096,DG,Guarded
4785,Central II,31.88591,72.69948,DG,Guarded
1282,South II,27.14563,68.36891,Non DG,Un Guarded
3640,Central I,32.58032,73.49047,DG,Guarded
8018,North I,33.54125,73.1084,DG,Guarded
3719,Central I,31.68335,74.10693,DG,Guarded
2675,North I,33.24443,73.13598,Non DG,Un Guarded
5317,Central III,29.4008,71.649,Non DG,Un Guarded
N-4513,North II,32.64804,70.87658,DG,Un Guarded
4294,Central III,31.0136,70.68045,DG,Guarded
6556,South I,24.91981,67.06577,Non DG,Un Guarded
HYDBSC01,South II,25.357661,68.380564,Non DG,Un Guarded
7991,Central I,31.59611,74.37463,Non DG,Un Guarded
S-3004,South I,24.8222,67.06857,Non DG,Un Guarded
6700,North II,33.50972,71.43579,DG,Guarded
1181,South II,24.65349,68.84749,Non DG,Guarded
3726,Central I,31.90417,74.51971,Non DG,Un Guarded
2313,North II,33.59456,71.45406,DG,Un Guarded
5871,Central III,28.41088,70.32097,Non DG,Un Guarded
5372,Central II,31.16101,72.97966,DG,Guarded
N-4302,North II,34.00858,71.64996,Non DG,Un Guarded
1055,South I,24.883222222,67.037,DG,Guarded
HBWPBSC02,Central III,29.397502,71.661858,DG,Un Guarded
7566,Central I,31.57861,74.32231,Non DG,Un Guarded
3396,Central I,31.96762,74.27505,DG,Guarded
6218,South I,24.79093,67.06591,Non DG,Guarded
3039,Central I,31.51988,74.32343,Non DG,Un Guarded
7684,Central I,31.35926,73.61824,Non DG,Un Guarded
1057,South I,24.88509001,67.12515998,Non DG,Un Guarded
CI-1476,Central I,31.36036,74.37133,Non DG,Guarded
9928,South II,25.78682,68.80558,Non DG,Un Guarded
3102,Central I,31.45521,74.32604,Non DG,Un Guarded
8079,North I,33.59048,73.13233,DG,Guarded
9515,South I,24.87948,67.13947,DG,Guarded
9579,South I,24.8006,67.05215,Non DG,Un Guarded
6077,South II,25.40087,68.3363,Non DG,Un Guarded
5034,Central III,29.97884,71.42503,Non DG,Un Guarded
N-5369,North II,33.1558,71.2424,Non DG,Un Guarded
2683,North I,33.75644,72.08468,Non DG,Guarded
2775,North I,34.501,73.01678,DG,Guarded
9162,South I,24.89902,67.10508,DG,Guarded
3145,Central I,31.41518,74.2609,Non DG,Un Guarded
5473,Central II,31.36739,72.93859,DG,Guarded
2214,North I,32.65751,73.27487,DG,Un Guarded
4561,Central II,30.35128,73.38657,DG,Guarded
N-4948,North I,33.90314,72.30825,Non DG,Un Guarded
4423,Central III,30.4375,72.34449,DG,Guarded
CI-9021,Central I,31.5633,74.2784,,Un Guarded
CI-9019,Central I,31.59003,74.29893,,Un Guarded
CI-9050,Central I,31.47825,74.35957,,Un Guarded
CI-9045,Central I,31.59973,74.35044,,Un Guarded
CI-1999,Central I,31.46453,74.21078,,Un Guarded
CI-9083,Central I,31.33711,74.23608,,Un Guarded
CI-9066,Central I,31.52787,74.35163,,Un Guarded
CI-9052,Central I,31.42106,74.35317,,Un Guarded
CI-9040,Central I,31.6357224,74.3676584,,Un Guarded
CI-9020,Central I,31.57052,74.28935,,Un Guarded
CI-9078,Central I,31.31504,74.22782,,Un Guarded
CI-9037,Central I,31.58204,74.39699,,Un Guarded
CI-9025,Central I,31.52017,74.26482,,Un Guarded
CI-9042,Central I,31.57328,74.39834,,Un Guarded
CI-9080,Central I,31.28637,74.1913,,Un Guarded
CI-9033,Central I,31.43873,74.29805,,Un Guarded
CI-9026,Central I,31.55836,74.27612,,Un Guarded
7333,Central I,31.50668,74.30225,Non DG,Un Guarded
Test Site,Central I,22.886187,113.887207,DG,Un Guarded
1195,South II,25.11907,68.533,DG,Guarded
4129,Central III,30.17228,71.465,DG,Guarded
2284,North I,32.91327,72.40085,DG,Un Guarded
CI-9115,Central I,31.62834,74.2791,,Un Guarded
CI-1985,Central I,31.59743,74.34124,,Un Guarded
CI-9077,Central I,31.45769,74.21902,,Un Guarded
CI-1986,Central I,31.608909,74.317429,,Un Guarded
CI-9074,Central I,31.386285,74.144813,,Un Guarded
CI-9079,Central I,31.38284,74.1784,,Un Guarded
CI-9027,Central I,31.5557,74.2697,,Un Guarded
CI-9082,Central I,31.25462,74.18128,,Un Guarded
CI-9048,Central I,31.55938,74.43409,,Un Guarded
CI-9118,Central I,0.0,0.0,,Un Guarded
CI-9030,Central I,31.46621,74.33108,,Un Guarded
CI-1981,Central I,31.42206,74.28289,,Un Guarded
CI-1997,Central I,31.39219,74.17816,,Un Guarded
CI-1983,Central I,31.60467,74.40055,,Un Guarded
CI-9004,Central I,31.37632,74.25445,,Un Guarded
CI-9054,Central I,31.41663,74.33279,,Un Guarded
1745,South II,24.5585,68.9013,Non DG,Un Guarded
3427,Central I,32.48996,74.5441,DG,Un Guarded
CI-9059,Central I,31.44811,74.36327,,Un Guarded
1690,South II,25.65697,68.79061,Non DG,Guarded
N-4133,North II,32.79597,70.50798,DG,Guarded
S-3486,South III,29.55383,67.87781,DG,Un Guarded
CI-9114,Central I,31.6154206,74.269549,,Un Guarded
CI-9039,Central I,31.60735,74.41868,,Un Guarded
CI-9011,Central I,31.43068,74.19811,,Un Guarded
CI-9081,Central I,31.2984424,74.1362336,,Un Guarded
CI-9069,Central I,31.41487,74.25426,,Un Guarded
N-4843,North II,34.75997,72.31365,Non DG,Un Guarded
CI-1980,Central I,31.57901,74.29598,,Un Guarded
CI-9085,Central I,31.44379,74.20819,,Un Guarded
CI-1993,Central I,31.39809,74.35335,,Un Guarded
CI-1996,Central I,31.56514,74.42625,,Un Guarded
CI-9041,Central I,31.57597,74.43848,,Un Guarded
CI-1976,Central I,31.36911,74.36396,,Un Guarded
CI-9071,Central I,31.50517,74.2476,,Un Guarded
CI-9062,Central I,31.39116,74.41011,,Un Guarded
CI-9061,Central I,31.48884,74.4764,,Un Guarded
CI-9044,Central I,31.5653,74.4154,,Un Guarded
CI-9051,Central I,31.4952,74.36435,,Un Guarded
CI-9055,Central I,31.39918,74.41685,,Un Guarded
CI-9008,Central I,31.280296,74.165934,,Un Guarded
CI-1978,Central I,31.3021947,74.3981384,,Un Guarded
CI-9120,Central I,0.0,0.0,,Un Guarded
CI-9036,Central I,31.59249,74.3537,,Un Guarded
CI-9002,Central I,31.552561,74.402864,,Un Guarded
CI-9024,Central I,31.51228,74.32336,,Un Guarded
CI-9029,Central I,31.45818,74.33216,,Un Guarded
CI-1988,Central I,31.533587,74.272488,,Un Guarded
CI-9086,Central I,31.45888,74.20869,,Un Guarded
CI-1992,Central I,31.60431,74.36321,,Un Guarded
CI-9010,Central I,31.37487,74.31044,,Un Guarded
CI-9075,Central I,31.39793,74.21484,,Un Guarded
5559,Central II,30.95074,73.32487,Non DG,Un Guarded
CI-9035,Central I,31.6028,74.3472,,Un Guarded
CI-1991,Central I,31.59884,74.50009,,Un Guarded
CI-9012,Central I,31.57652,74.37862,,Un Guarded
7135,Central I,31.43169,74.25999,Non DG,Un Guarded
2101,North II,33.99828,71.53636,DG,Guarded
UPGR11,South III,26.80217,63.84604,DG,Guarded
USLZ02,South III,,,DG,Guarded
UKNR02,South III,28.62349,64.6906,DG,Guarded
CI-9073,Central I,31.39104,74.16078,,Un Guarded
CI-9117,Central I,0.0,0.0,,Un Guarded
UPGR03,South III,,,DG,Guarded
CI-9001,Central I,31.4386,74.20596,,Un Guarded
CI-9003,Central I,31.48729,74.46554,,Un Guarded
CI-9034,Central I,31.3962,74.2508,,Un Guarded
CI-9076,Central I,31.44355,74.40047,,Un Guarded
CI-9060,Central I,31.44213,74.47054,,Un Guarded
CI-9064,Central I,31.47923,74.41549,,Un Guarded
CI-9032,Central I,31.42487,74.29212,,Un Guarded
CI-1987,Central I,31.54073,74.27702,,Un Guarded
CI-9057,Central I,31.43721,74.34565,,Un Guarded
CI-1977,Central I,31.37397,74.3575,,Un Guarded
5057,Central III,30.4988,71.93411,Non DG,Un Guarded
CI-9067,Central I,31.54925,74.34361,,Un Guarded
CI-1998,Central I,31.37409,74.20049,,Un Guarded
CI-1989,Central I,31.53022,74.2701,,Un Guarded
CI-9056,Central I,31.4758,74.4501,,Un Guarded
6343,South II,27.69105,68.89533,Non DG,Un Guarded
CI-1990,Central I,31.57731,74.43138,,Un Guarded
CI-9049,Central I,31.502,74.41455,,Un Guarded
9410,South I,24.81832,67.00442,DG,Guarded
UKSZ12,South III,31.63309,68.35416,DG,Guarded
CI-1982,Central I,31.60225,74.38577,,Un Guarded
CI-9053,Central I,31.49186,74.40558,,Un Guarded
9683,South I,24.7958,67.07217,Non DG,Un Guarded
CI-9072,Central I,31.4079,74.3519,,Un Guarded
S-3901,South III,26.3657,67.1648,DG,Guarded
CI-9058,Central I,31.5025,74.4346,,Un Guarded
CI-9113,Central I,31.5841403,74.2556649,,Un Guarded
3562,Central I,31.1164,74.45729,DG,Un Guarded
CI-9005,Central I,31.46865,74.44064,,Un Guarded
CI-9031,Central I,31.43828,74.32055,,Un Guarded
CI-9121,Central I,31.6083,74.2496,,Un Guarded
CI-1994,Central I,31.46007,74.40714,,Un Guarded
CI-1984,Central I,31.56903,74.3918,,Un Guarded
N-5600,Central II,33.02072,71.32626,DG,Guarded
2893,North II,35.73743,71.78466,DG,Guarded
S-3023,South I,24.93851,67.08843,Non DG,Un Guarded
8245,North I,33.57451,73.03185,Non DG,Un Guarded
UKSZ35,South III,30.58558,68.85905,DG,Guarded
CI-9119,Central I,0.0,0.0,,Un Guarded
CI-9089,Central I,31.33441,74.19787,,Un Guarded
CI-9022,Central I,31.40566,74.48811,,Un Guarded
CI-9068,Central I,31.28795,74.17587,,Un Guarded
CI-9006,Central I,31.43961,74.24174,,Un Guarded
CI-9009,Central I,31.42891,74.32426,,Un Guarded
CI-9017,Central I,31.402084,74.410274,,Un Guarded
CI-1320,Central I,32.19751,74.15758,Non DG,Guarded
6680,North I,33.62481,72.97354,Non DG,Un Guarded
CI-9038,Central I,31.58978,74.43618,,Un Guarded
4141,Central III,30.1753,71.47969,DG,Guarded
9202,South I,24.90843,67.07892,DG,Guarded
CI-9070,Central I,31.41493,74.42812,,Un Guarded
CI-9063,Central I,31.3749503,74.4718509,,Un Guarded
CI-9043,Central I,31.6419219,74.505839,,Un Guarded
CI-1979,Central I,31.2875622,74.3139427,,Un Guarded
CI-9122,Central I,31.5913,74.25802,,Un Guarded
1572,South II,27.59554,67.99892,DG,Guarded
CI-9028,Central I,31.44836,74.32182,,Un Guarded
CI-9023,Central I,31.449618,74.452642,,Un Guarded
CI-9087,Central I,31.34482,74.31558,,Un Guarded
CI-9046,Central I,31.54513,74.42092,,Un Guarded
CI-9088,Central I,31.2744362,74.1883033,,Un Guarded
CI-9000,Central I,31.42641,74.17026,,Un Guarded
CI-9065,Central I,31.51996,74.43297,,Un Guarded
CI-9007,Central I,31.430194,74.478972,,Un Guarded
CI-9116,Central I,31.3182229,74.3579566,,Un Guarded
CI-9047,Central I,31.5451,74.3696,,Un Guarded
CI-9084,Central I,31.3712,74.2854,,Un Guarded
MSC PECHS,South I,24.865297,67.064634,DG,Un Guarded
N-5965,North II,34.04799,71.48191,DG,Guarded
CI-9109,Central I,31.39751,74.38126,,Un Guarded
CI-9104,Central I,31.532815,74.349655,,Un Guarded
CI-9093,Central I,31.53202,74.35266,,Un Guarded
CI-9013,Central I,31.400111,74.413172,,Un Guarded
CI-9099,Central I,31.39685,74.21969,,Un Guarded
CI-9014,Central I,31.541441,74.342181,,Un Guarded
CI-9092,Central I,31.561647,74.322232,,Un Guarded
CI-9100,Central I,31.534886,74.3433934,,Un Guarded
CI-9091,Central I,31.55272,74.33778,,Un Guarded
CI-9015,Central I,31.517905,74.34428,,Un Guarded
CI-9098,Central I,31.52286,74.40946,,Un Guarded
CI-9102,Central I,31.53026,74.33508,,Un Guarded
CI-9096,Central I,31.56309,74.31817,,Un Guarded
8459,North I,33.73918,73.09651,Non DG,Un Guarded
CI-9101,Central I,31.459819,74.248645,,Un Guarded
CI-9097,Central I,31.522603,74.348347,,Un Guarded
CI-9110,Central I,31.54193,74.41668,,Un Guarded
CI-9018,Central I,31.525803,74.414949,,Un Guarded
S-3568,South III,30.40117,68.75649,DG,Guarded
CI-9090,Central I,31.517819,74.3431,,Un Guarded
CI-9108,Central I,31.56521,74.33126,,Un Guarded
CI-9095,Central I,31.579311,74.31912,,Un Guarded
CI-9112,Central I,31.44433,74.32051,,Un Guarded
CI-9107,Central I,31.48404,74.39726,,Un Guarded
CI-9103,Central I,31.5291,74.3793,,Un Guarded
CI-9094,Central I,31.584217,74.320984,,Un Guarded
CI-9106,Central I,31.48434,74.29685,,Un Guarded
CI-9105,Central I,31.509,74.30839,,Un Guarded
CI-9016,Central I,31.5270033,74.35596333,,Un Guarded
CI-1995,Central I,31.583427,74.500502,,Un Guarded
CI-9111,Central I,31.50344,74.34969,,Un Guarded
N-4229,North II,34.71513,72.27165,DG,Un Guarded
CI-1280,Central I,32.18603,74.15636,DG,Un Guarded
9288,South I,24.89318,67.19514,Non DG,Guarded
6408,South I,25.00096,67.07612,Non DG,Un Guarded
CI-1512,Central I,32.0902,74.59271,Non DG,Un Guarded
8556,North II,33.47955,71.49478,DG,Guarded
3571,Central I,30.875668,74.053057,Non DG,Un Guarded
8740,North I,33.38699,73.72105,DG,Guarded
N-4349,North I,33.69259,73.21966,Non DG,Un Guarded
5627,Central III,29.21142,70.76506,DG,Guarded
S-7623,South III,27.8002,66.6209,Non DG,Un Guarded
S-7622,South III,27.8295,66.612,DG,Guarded
1468,South III,29.48491,68.06207,DG,Guarded
4318,Central II,32.28643,72.28176,DG,Un Guarded
2544,North I,33.47272,73.26795,DG,Guarded
7983,Central I,31.52432,74.32147,Non DG,Un Guarded
S-7616,South III,30.1913,66.9623,Non DG,Un Guarded
8675,North II,34.01109,71.59516,Non DG,Un Guarded
3557,Central I,31.16602,74.1063,DG,Un Guarded
N-4700,North I,34.3361,73.54646,DG,Un Guarded
3875,Central I,32.49011,73.12834,Non DG,Un Guarded
CII-8064,Central II,32.590635,71.54585833,DG,Un Guarded
CII-1367,Central II,30.6671,73.10249,Non DG,Un Guarded
CII-8067,Central II,32.09626,72.67392,DG,Un Guarded
8768,North I,33.94972,73.87846,DG,Guarded
4216,Central II,31.06278,72.9547,DG,Guarded
N-4655,North I,33.65936,72.98833,Non DG,Un Guarded
N-4845,North I,33.19496,72.85644,DG,Un Guarded
5500,Central III,30.55957,72.09118,DG,Guarded
9950,South II,26.24891,68.3935,Non DG,Un Guarded
N-4609,North II,32.65956,70.63045,Non DG,Un Guarded
8513,North II,34.21145,72.04802,Non DG,Un Guarded
8292,North I,33.55681,73.02114,Non DG,Un Guarded
8325,North I,33.73344,73.0885,Non DG,Un Guarded
7159,Central I,31.46069,74.34372,Non DG,Un Guarded
5590,Central III,30.2441,73.69505,Non DG,Un Guarded
S-3374,South II,25.15662,69.58322,Non DG,Un Guarded
5526,Central III,28.81482,70.67589,DG,Guarded
5670,Central III,29.99932,70.76258,DG,Guarded
5633,Central III,29.31937,70.55218,DG,Guarded
MSC-I9,North I,33.66141,73.04965,DG,Un Guarded
N-5619,North II,33.35938,71.08499,DG,Guarded
9808,South II,25.39205,68.36925,Non DG,Un Guarded
2942,North II,33.84627,71.81456,DG,Guarded
8550,North II,33.57415,71.46883,DG,Guarded
1826,South III,26.99379,64.10706,DG,Guarded
4825,Central III,29.09986,70.33986,DG,Guarded
N-4433,North II,32.71891,70.91216,DG,Guarded
N-5564,North II,33.68026,71.902,DG,Guarded
4026,Central II,31.47319,73.20503,DG,Guarded
S-3262,South III,29.05874,66.59486,DG,Guarded
3208,Central I,31.70468,73.98351,Non DG,Un Guarded
8907,North I,33.8358,73.7164,DG,Guarded
6559,South I,24.93606,67.00042,Non DG,Un Guarded
8105,North I,33.70653,73.0374,DG,Un Guarded
2029,North I,33.6676,72.99789,DG,Guarded
CI-1479,Central I,31.44769,74.31515,Non DG,Un Guarded
8031,North I,33.61475,73.01071,DG,Guarded
3414,Central I,32.49053,74.56328,DG,Guarded
3559,Central I,31.13247,74.45125,Non DG,Un Guarded
4444,Central III,30.46885,70.96838,DG,Un Guarded
N-3362,North II,33.89934,71.80356,Non DG,Un Guarded
S-4517,South I,24.98056,67.03209,Non DG,Un Guarded
N-5100,North I,33.567458,72.842247,Non DG,Un Guarded
S-4174,South I,24.9205,67.14731,Non DG,Un Guarded
S-4480,South I,24.891688,67.297604,Non DG,Un Guarded
N-3424,North I,34.20209,73.23915,Non DG,Un Guarded
CII-2175,Central III,30.234148,70.677385,Non DG,Un Guarded
CII-2217,Central II,32.60196,71.54286,Non DG,Un Guarded
S-4519,South I,24.91847,67.04307,Non DG,Un Guarded
N-5680,North I,32.92137,72.85301,Non DG,Un Guarded
N-5498,North I,33.63725,73.05137,Non DG,Un Guarded
S-4526,South I,25.03677,67.07193,Non DG,Un Guarded
2602,North I,33.10475,72.6208888888888,DG,Guarded
S-4541,South I,24.92788,67.00387,Non DG,Un Guarded
S-7016,South III,30.2131,66.98676,Non DG,Un Guarded
9051,South I,24.82118,67.12347,DG,Guarded
9151,South I,24.940259,66.93658,Non DG,Un Guarded
S-3594,South III,30.02441,69.21366,DG,Guarded
6570,South I,24.77882,67.07352,Non DG,Un Guarded
9032,South I,24.8597,67.0278,DG,Guarded
S-4423,South I,24.931536,67.03556,Non DG,Un Guarded
S-4497,South I,24.82253,67.11927,Non DG,Un Guarded
9635,South I,24.85838,67.01408,Non DG,Un Guarded
CI-1180,Central I,32.52594,74.49956,Non DG,Un Guarded
S-4411,South III,25.1259,62.32092,Non DG,Un Guarded
CI-1137,Central I,31.54371,74.32026,Non DG,Un Guarded
N-4510,North II,33.03416,70.83786,DG,Guarded
2142,North II,34.00549,71.56619,DG,Un Guarded
S-4512,South I,24.94709,67.0378,Non DG,Un Guarded
CII-2241,Central II,31.85953,70.85641,Non DG,Un Guarded
HMPKBSC02,South II,25.5124236,69.0096543,DG,Un Guarded
N-4823,North I,33.998657,72.92672,Non DG,Un Guarded
6004,South I,24.886814,67.157068,Non DG,Un Guarded
N-3249,North I,33.93631,72.89068,Non DG,Un Guarded
8392,North I,32.84915,72.65344,Non DG,Un Guarded
N-3055,North I,33.68557,73.01612,Non DG,Un Guarded
CII-2240,Central II,31.85582,70.894114,Non DG,Un Guarded
CII-2428,Central II,32.14854,71.26168,Non DG,Un Guarded
6823,Central III,30.19311,71.47293,Non DG,Un Guarded
3910,Central I,32.12429,74.2107,DG,Guarded
N-4166,North II,33.4539,71.2884,DG,Guarded
N-3426,North II,34.01048,71.49372,Non DG,Un Guarded
N-3101,North I,33.64058,73.18124,Non DG,Un Guarded
CI-1239,Central I,32.49676,74.56963,Non DG,Un Guarded
9167,South I,24.82812,67.01978,DG,Guarded
S-7023,South III,30.18133,66.95586,Non DG,Un Guarded
7178,Central I,31.5968342,74.4924403,Non DG,Un Guarded
2154,North II,34.05698,71.54038,DG,Guarded
S-4389,South I,25.00039,67.30732,Non DG,Un Guarded
S-4474,South I,24.82316,67.23562,Non DG,Un Guarded
7259,Central I,31.52245,74.31301,Non DG,Un Guarded
CI-1206,Central I,32.47528,74.57667,Non DG,Un Guarded
S-4458,South I,24.856787,67.28567,Non DG,Un Guarded
N-3431,North I,33.68113,73.2225,Non DG,Un Guarded
7531,Central I,31.58263,74.31556,Non DG,Un Guarded
9117,South I,24.91088,67.03615,DG,Guarded
S-7913,South I,24.95379,67.160298,Non DG,Un Guarded
PTCL Tando Allahyar,South II,25.46619,68.72406,Non DG,Un Guarded
2340,North II,34.77598,72.36751,Non DG,Guarded
S-4530,South I,24.93769,67.02163,Non DG,Un Guarded
CI-1288,Central I,31.59491,74.33256,DG,Un Guarded
S-4438,South II,25.36387,69.75868,Non DG,Un Guarded
4170,Central III,29.8798,71.29765,DG,Guarded
6825,Central III,30.19202,71.47836,Non DG,Un Guarded
1792,South I,24.46043,67.583,DG,Guarded
S-3535,South III,29.71004,69.39033,DG,Guarded
S-4574,South III,30.15058,67.01703,Non DG,Un Guarded
8925,North I,33.8733,73.85426,Non DG,Un Guarded
N-5758,North I,33.6289,73.03304,Non DG,Un Guarded
7094,Central I,31.60241,74.37842,Non DG,Un Guarded
7172,Central I,31.14851,73.91969,DG,Guarded
8783,North I,33.57565,73.82251,DG,Guarded
2510,North I,33.30196,73.26501,DG,Guarded
N-4209,North II,33.83125,71.59306,DG,Guarded
4437,Central III,30.49378,72.30934,Non DG,Un Guarded
1983,South III,30.21822,66.98533,Non DG,Guarded
4798,Central II,30.78789,72.89319,DG,Guarded
3729,Central I,31.88267,74.40343,DG,Guarded
6768,South II,25.39245,68.36489,Non DG,Un Guarded
6621,North II,32.8804,70.65243,DG,Guarded
4365,Central II,32.46041,71.4843,DG,Un Guarded
2868,North I,34.38175,73.3508,DG,Guarded
5426,Central III,28.38107,70.17571,Non DG,Un Guarded
3222,Central I,31.58185,74.31788,Non DG,Un Guarded
1123,South II,25.39391,68.3903,DG,Guarded
1100,South II,25.413,68.261833333,Non DG,Un Guarded
CI-1416,Central I,31.55199,74.31455,Non DG,Un Guarded
N-4213,North II,34.07769,71.45162,DG,Guarded
S-3741,South III,28.0376,66.6398,DG,Guarded
9815,South II,25.35955,68.36449,Non DG,Un Guarded
S-3168,South II,25.35274,68.26043,Non DG,Un Guarded
7221,Central I,31.55613,74.39767,Non DG,Guarded
7561,Central I,31.11959,74.44809,Non DG,Un Guarded
8123,North I,33.7324,73.13105,DG,Un Guarded
3836,Central I,30.8217,73.92633,DG,Un Guarded
1058,South I,24.919055556,67.083333333,DG,Guarded
3521,Central I,31.01723,73.85734,DG,Guarded
6910,Central II,32.52358,72.13643,DG,Un Guarded
6193,South I,24.91118,67.12246,Non DG,Un Guarded
HSKTBSC03,Central I,32.5194009,74.5404915,DG,Un Guarded
S-3823,South III,30.86867,67.82145,Non DG,Guarded
S-4075,South III,26.04946,63.21899,DG,Un Guarded
6011,South I,24.85918,66.99307,Non DG,Un Guarded
HMLTBSC01,Central III,30.2239579,71.477732,Non DG,Un Guarded
HMLTBSC02,Central III,30.2239579,71.477732,Non DG,Un Guarded
1359,South III,29.96371,66.74407,DG,Guarded
4288,Central III,29.88976,70.6564,DG,Guarded
N-4347,North II,33.893756,71.954685,Non DG,Un Guarded
N-5723,North II,32.753264,69.878762,Non DG,Un Guarded
S-7890,South III,25.21654,64.62357,Non DG,Un Guarded
S-7902,South I,24.98541,67.03209,Non DG,Un Guarded
N-5096,North II,34.02683,71.49058,Non DG,Un Guarded
S-7915,South II,27.57705,68.20435,Non DG,Un Guarded
S-7888,South II,27.71042,68.81851,Non DG,Un Guarded
S-7944,South III,31.33952,69.44245,Non DG,Un Guarded
N-4419,North II,33.05671,70.99612,DG,Guarded
CII-2461,Central III,30.15528,71.49602,Non DG,Un Guarded
CI-1034,Central I,32.43867,74.48475,Non DG,Un Guarded
2161,North II,33.98734,71.42427,DG,Guarded
5227,Central III,29.78172,73.10839,DG,Guarded
3492,Central I,32.18339,74.7651,DG,Guarded
CI-1198,Central I,32.1228,74.20535,Non DG,Un Guarded
9420,South I,24.87806,67.01919,Non DG,Un Guarded
2462,North II,34.10107,71.4237,DG,Guarded
4797,Central II,30.84301,72.71455,DG,Guarded
1981,South III,29.91362,69.31264,DG,Guarded
3675,Central I,32.63645,73.72075,Non DG,Un Guarded
N-5316,North II,33.979595,71.50038,Non DG,Un Guarded
S-3287,South I,24.95256,67.2454,Non DG,Un Guarded
N-5325,North II,33.919,71.44149,Non DG,Un Guarded
CII-2021,Central III,30.20956,71.53342,Non DG,Un Guarded
N-5939,North II,33.02445,70.70963,Non DG,Un Guarded
S-7943,South III,31.33893,69.45312,Non DG,Un Guarded
1662,South III,30.37234,68.59602,DG,Guarded
N-5321,North II,33.92758,71.55493,Non DG,Un Guarded
S-7160,South III,30.15701,66.97152,Non DG,Un Guarded
N-5481,North II,33.97126,71.39165,Non DG,Un Guarded
9581,South I,24.81814,67.04006,Non DG,Un Guarded
1753,South II,24.65053,68.5312,Non DG,Un Guarded
8125,North I,33.52193,73.14836,DG,Guarded
5527,Central III,28.48133,70.22166,DG,Guarded
8163,North I,33.5999,72.99543,Non DG,Guarded
CII-2027,Central II,31.7799,70.8802,Non DG,Un Guarded
2315,North II,33.53422,71.56329,DG,Guarded
2476,North II,33.54555,71.08785,DG,Guarded
1419,South III,30.24635,66.89383,DG,Guarded
6905,South II,27.54002,68.19919,DG,Guarded
S-7927,South II,26.06376,68.99567,Non DG,Un Guarded
N-5322,North II,33.87225,71.36763,Non DG,Un Guarded
N-5283,North I,33.60515,73.19643,Non DG,Un Guarded
2249,North II,32.96046,70.55186,Non DG,Un Guarded
2654,North I,33.67636,73.1838,Non DG,Un Guarded
CII-2984,Central III,30.732181,70.6456,Non DG,Un Guarded
S-7881,South I,24.93731,67.09211,Non DG,Un Guarded
N-4171,North I,34.138555,73.225049,Non DG,Un Guarded
N-5320,North II,33.91889,71.37326,Non DG,Un Guarded
S-3306,South I,24.96477,67.15626,Non DG,Un Guarded
4274,Central III,30.55214,72.12183,DG,Guarded
4490,Central III,30.96596,70.94406,DG,Guarded
2677,North II,34.8063,71.8073,DG,Guarded
S-3994,South I,25.06199,67.32161,Non DG,Un Guarded
S-7935,South III,30.25089,67.01266,Non DG,Un Guarded
N-5136,North I,33.59786,73.15492,Non DG,Un Guarded
1683,South II,27.54055,68.20527,DG,Guarded
8633,North II,34.34284,72.00595,Non DG,Un Guarded
N-4567,North I,32.9055,73.6198,Non DG,Un Guarded
5483,Central III,29.71719,70.60714,DG,Guarded
N-5999,North II,32.99048,70.5063,Non DG,Un Guarded
3797,Central I,32.1452,74.99657,Non DG,Un Guarded
S-7304,South I,24.96491,67.06281,Non DG,Un Guarded
N-5218,North I,33.64728,72.87883,Non DG,Un Guarded
N-5250,North I,33.53545,73.18522,Non DG,Un Guarded
2555,North II,32.99956,70.68756,Non DG,Un Guarded
S-3280,South I,24.95674,67.16729,Non DG,Un Guarded
N-5378,North II,33.99008,71.5426,Non DG,Un Guarded
N-5387,North II,34.02984,71.56161,Non DG,Un Guarded
N-4651,North II,33.8342,70.14803,Non DG,Un Guarded
N-4821,North II,34.4874,71.92352,Non DG,Un Guarded
N-4535,North I,33.2673,73.3016,Non DG,Un Guarded
1821,South III,30.27271,68.29879,DG,Guarded
S-3344,South III,30.67457,67.0973,DG,Guarded
N-5519,North II,34.04237,71.60078,Non DG,Un Guarded
S-3659,South III,28.1807,66.05547,DG,Guarded
7315,Central I,31.43507,74.31741,Non DG,Un Guarded
S-7410,South III,30.16984,66.95437,Non DG,Un Guarded
S-3157,South III,30.93335,66.49155,Non DG,Un Guarded
S-7167,South III,30.21426,67.03371,Non DG,Un Guarded
N-5157,North II,34.01116,71.61637,Non DG,Un Guarded
N-4247,North II,33.984395,72.10403,Non DG,Un Guarded
N-5534,North II,33.96668,71.51935,DG,Un Guarded
N-5409,North II,33.9532,71.45618,Non DG,Un Guarded
S-7827,South III,28.55764,66.31679,Non DG,Un Guarded
7627,Central I,31.33166,74.29066,Non DG,Un Guarded
S-7384,South I,24.8607,67.2118,Non DG,Un Guarded
N-5012,North II,34.7144514,71.9709155,Non DG,Un Guarded
CI-1143,Central I,32.48035,74.54455,Non DG,Un Guarded
8065,North I,33.6832,73.05871,DG,Guarded
CI-1096,Central I,32.49493,74.50548,Non DG,Un Guarded
2333,North II,32.62529,70.7683,DG,Guarded
3G-N-1662,North I,34.1727,73.2268,Non DG,Un Guarded
3701,Central I,31.98553,74.22132,DG,Un Guarded
S-7851,South III,26.18084,66.39047,DG,Guarded
S-7852,South III,25.87148,66.48371,DG,Guarded
S-7870,South III,26.00647,66.39555,DG,Guarded
S-7858,South I,25.1236,66.9633,DG,Guarded
9427,South I,24.85489,67.00041,Non DG,Guarded
S-7469,South I,24.88031,67.09805,Non DG,Un Guarded
N-5238,North I,32.937936,73.7033,Non DG,Un Guarded
CI-1114,Central I,31.37008,74.18805,Non DG,Guarded
N-5671,North I,32.92336,73.78478,Non DG,Un Guarded
CI-1127,Central I,31.3511,74.17277,Non DG,Guarded
3623,Central I,32.8001,73.87479,DG,Guarded
9555,South I,24.79365,67.05224,Non DG,Un Guarded
N-5199,North I,33.51067,73.04544,Non DG,Un Guarded
S-3985,South I,24.85064,67.07485,DG,Un Guarded
3239,Central I,31.58099,74.31194,Non DG,Un Guarded
N-5274,North I,33.55456,73.02459,Non DG,Un Guarded
S-7242,South III,30.16687,67.02102,Non DG,Un Guarded
S-3378,South III,30.236,66.96114,Non DG,Un Guarded
S-7225,South III,30.16017,66.98869,Non DG,Un Guarded
S-7336,South I,24.87004,67.179118,Non DG,Un Guarded
N-5197,North I,33.612,73.1191,Non DG,Un Guarded
1076,South I,24.946833333,67.002472222,Non DG,Un Guarded
9933,South II,25.95558,68.88657,DG,Un Guarded
8923,North I,33.86094,73.69104,DG,Guarded
8389,North I,33.73227,73.08698,Non DG,Un Guarded
8725,North I,33.10146,74.11149,Non DG,Un Guarded
N-4293,North II,33.97549,72.18475,Non DG,Un Guarded
8521,North II,34.00171,71.4118,Non DG,Un Guarded
PTCL KACHA PAKA,North II,33.457768,70.879018,Non DG,Un Guarded
1285,South II,27.08463,68.31293,Non DG,Un Guarded
7700,Central I,32.09102,74.6929,Non DG,Un Guarded
8014,North I,33.60816,73.06464,DG,Guarded
2000,North I,33.66141,73.04965,DG,Un Guarded
3906,Central I,32.14616,74.21616,DG,Un Guarded
6409,South I,24.93641,66.98072,Non DG,Un Guarded
7344,Central I,32.43947,74.12327,DG,Guarded
N-5643,North II,34.01829,71.05442,Non DG,Un Guarded
N-4321,North II,33.53119,71.81827,Non DG,Un Guarded
N-4785,North II,33.87618,71.5022,Non DG,Un Guarded
N-4353,North II,34.050059,72.048729,Non DG,Un Guarded
N-5749,North II,34.22239,71.87622,Non DG,Un Guarded
N-5896,North II,34.07114,72.0392,Non DG,Un Guarded
CII-2846,Central II,31.79679,70.87716,Non DG,Un Guarded
N-4390,North II,33.9361,71.43456,Non DG,Un Guarded
N-4270,North II,34.32343,71.75872,Non DG,Un Guarded
N-4391,North II,34.01628,72.26596,Non DG,Un Guarded
N-4835,North II,34.16463,71.48652,Non DG,Un Guarded
N-4806,North II,33.43544,70.65964,Non DG,Un Guarded
7267,Central I,31.48513,74.25374,Non DG,Un Guarded
2377,North II,34.28045,71.59875,Non DG,Un Guarded
6978,South II,24.73022,69.79515,DG,Guarded
3634,Central I,32.4549,73.94835,DG,Guarded
7284,Central I,31.62768,74.27454,Non DG,Un Guarded
1461,South III,25.15903,62.32897,DG,Guarded
S-4069,South III,25.82555,62.68612,Non DG,Guarded
S-4911,South I,25.084138,67.012151,Non DG,Un Guarded
S-4877,South I,24.89836,67.15192,Non DG,Un Guarded
S-7517,South III,30.29447,68.34328,Non DG,Guarded
S-4123,South III,28.0553,67.4027,Non DG,Guarded
S-7844,South III,26.76537,65.37486,Non DG,Guarded
N-4681,North II,34.08424,71.55193,Non DG,Un Guarded
N-4883,North II,34.14371,71.60212,Non DG,Un Guarded
6239,South I,24.81829,67.17234,Non DG,Un Guarded
4134,Central III,30.21353,71.52245,DG,Guarded
N-4759,North II,32.87136,70.65842,DG,Guarded
9727,South II,27.90166,68.32124,DG,Un Guarded
N-4801,North II,34.0083,71.81241,Non DG,Un Guarded
6222,South I,24.91706,67.14983,DG,Guarded
N-4140,North II,34.2449,71.6334,Non DG,Un Guarded
CII-2101,Central II,30.9656,72.4452,Non DG,Un Guarded
4157,Central III,28.95373,70.88021,DG,Guarded
CII-2016,Central III,30.96829,70.93992,Non DG,Un Guarded
3500,Central I,31.71697,73.97777,DG,Un Guarded
HNWBBSC02,South II,26.2482769,68.4066796,DG,Un Guarded
CII-2568,Central II,30.83155,72.7935,DG,Guarded
3544,Central I,31.71933,74.40771,DG,Guarded
4219,Central II,31.0732,72.9666,Non DG,Un Guarded
2282,North I,32.71706,72.98534,DG,Guarded
1870,South I,24.84933,66.99663,Non DG,Un Guarded
8595,North II,32.56706,70.75331,DG,Un Guarded
N-3893,North II,34.0016,71.3812,DG,Un Guarded
N-4251,North II,34.23027,72.31367,Non DG,Un Guarded
6611,North II,33.01465,70.71602,DG,Guarded
8629,North II,34.21004,71.9486,DG,Guarded
6657,North I,34.1896,73.26111,Non DG,Un Guarded
1857,South III,27.72927,66.63977,DG,Guarded
1867,South III,26.97635,64.10615,DG,Guarded
5264,Central II,30.85713,73.02938,Non DG,Un Guarded
1967,South III,30.84358,66.56857,DG,Guarded
6567,South I,24.91817,67.04842,Non DG,Un Guarded
CII-2103,Central II,31.01438,72.54296,Non DG,Un Guarded
7560,Central I,31.11919,74.44939,Non DG,Un Guarded
MGW Qutta,South III,30.19906,67.00756,DG,Un Guarded
4778,Central II,30.82369,72.7929,DG,Un Guarded
2715,North I,34.126497,73.330157,Non DG,Guarded
1406,South III,30.19039,66.98936,DG,Guarded
3384,Central I,31.43103,74.36184,Non DG,Un Guarded
CII-2117,Central III,29.98952,72.15578,Non DG,Un Guarded
1149,South II,25.400183,68.318794,Non DG,Un Guarded
6590,South I,24.90683,67.07384,Non DG,Un Guarded
7731,Central I,32.29317,74.53372,DG,Guarded
5825,Central II,30.80422,73.45789,Non DG,Un Guarded
7663,Central I,31.57788,74.31498,Non DG,Un Guarded
N-4696,North II,34.93965,72.48826,Non DG,Un Guarded
9494,South I,24.89868,67.19585,DG,Guarded
CI-1630,Central I,31.6142,74.2939,Non DG,Un Guarded
1458,South III,27.78585,66.61682,DG,Guarded
3G-N-1804,North II,33.542296,71.513469,Non DG,Un Guarded
3796,Central I,32.15867,75.02756,DG,Guarded
4652,Central III,29.63576,70.58196,DG,Guarded
5000,Central III,30.20047,71.51788,DG,Guarded
S-3403,South II,27.95004,68.63669,Non DG,Guarded
5783,Central III,30.6528,70.60831,Non DG,Un Guarded
7876,Central I,32.58982,74.49957,DG,Guarded
8527,North II,33.98463,71.485,Non DG,Un Guarded
2925,North I,33.76682,72.35326,Non DG,Un Guarded
9799,South II,27.69837,68.84581,Non DG,Un Guarded
3791,Central I,31.85019,73.58263,DG,Un Guarded
KHI-IuB-S9306-B2,South I,24.88784481,67.16800139,Non DG,Un Guarded
FSB-IuB-S9306-A4,Central II,31.40995,73.10939,Non DG,Un Guarded
QTA-PE-NE40E-X8A-A1,South III,30.19920995,67.00728372,Non DG,Un Guarded
QTA-PE-NE40E-X8A-A2,South III,30.19920995,67.00728372,Non DG,Un Guarded
S-3783,South III,29.00805,62.44998,DG,Guarded
9077,South I,24.80042,67.13742,DG,Guarded
SKR-IUB-S9306-A4,South II,27.711604,68.853495,Non DG,Un Guarded
FSB-IuB-S9306-A3,Central II,31.40995,73.10939,Non DG,Un Guarded
4868,Central III,29.1471,71.2634,Non DG,Un Guarded
KHI-IuB-S9306-B1,South I,24.88784481,67.16800139,Non DG,Un Guarded
SKR-IUB-S9306-A3,South II,27.711604,68.853495,Non DG,Un Guarded
QTA-IUB-S9306-A3,South III,30.19920995,67.00728372,Non DG,Un Guarded
1170,South II,25.81576,68.43211,DG,Guarded
5236,Central III,30.05885,72.75758,Non DG,Un Guarded
QTA-RNC-S9306-A1,South III,30.19920995,67.00728372,Non DG,Un Guarded
FSB-PE-NE40E-X8A-A1,Central II,31.40995,73.10939,Non DG,Un Guarded
N-5706,North II,33.6015,71.41431,Non DG,Un Guarded
N-5444,North II,33.621,71.1698,Non DG,Un Guarded
N-5752,North II,33.5781,71.468749,Non DG,Un Guarded
QTA-RNC-S9306-A2,South III,30.19920995,67.00728372,Non DG,Un Guarded
FSB-PE-NE40E-X8A-A2,Central II,31.40995,73.10939,Non DG,Un Guarded
N-4745,North II,34.017,71.59498,Non DG,Guarded
KHI-RNC-S9303-A1,South I,24.8652797269,67.0646306679,Non DG,Un Guarded
KHI-RNC-S9303-A2,South I,24.8652797269,67.0646306679,Non DG,Un Guarded
N-5764,North II,33.9992,71.9897,Non DG,Un Guarded
N-5663,North II,34.2161,71.203401,Non DG,Un Guarded
N-5398,North II,32.8951,69.74101,Non DG,Un Guarded
N-4075,North II,33.9727,71.5287,Non DG,Un Guarded
N-5661,North II,33.0247,70.9156,Non DG,Un Guarded
N-5443,North II,33.417,71.4063,Non DG,Un Guarded
KHI-IUB-S9306-A4,South I,24.865278,67.064673,Non DG,Un Guarded
3306,Central I,32.18491,74.20732,DG,Guarded
3073,Central I,31.49298,74.37663,DG,Guarded
2720,North I,33.9134,73.38386,DG,Guarded
N-5716,North II,33.9953,71.53702,Non DG,Un Guarded
N-5741,North II,33.6171,71.452204,Non DG,Un Guarded
KHI-IUB-S9306-A3,South I,24.865278,67.064673,Non DG,Un Guarded
N-5787,North II,32.9566,70.597955,Non DG,Un Guarded
N-5439,North II,33.022715,70.526398,Non DG,Un Guarded
N-5455,North II,33.8788,71.4572,Non DG,Un Guarded
N-5662,North II,34.089,71.162,Non DG,Un Guarded
MUL-RNC-S9306-A3,Central III,30.223899,71.477845,Non DG,Un Guarded
1601,South II,26.237919,68.413553,DG,Un Guarded
7080,Central I,31.52204,74.28244,DG,Guarded
S-7388,South III,25.10344,62.37392,DG,Guarded
QTA-IUB-S9306-A4,South III,30.19920995,67.00728372,Non DG,Un Guarded
MUL-RNC-S9306-A4,Central III,30.223899,71.477845,Non DG,Un Guarded
KHI-DC-TOR-CE6881-A2,South I,24.8652797269,67.0646306679,Non DG,Un Guarded
KHI-MW-TOR-CE6881-A2,South I,24.8652797269,67.0646306679,Non DG,Un Guarded
KHI-MW-TOR-CE6881-A1,South I,24.8652797269,67.0646306679,Non DG,Un Guarded
KHI-WL-TOR-CE6863-A2,South I,24.8652797269,67.0646306679,Non DG,Un Guarded
N-3889,North II,33.54307,71.50913,Non DG,Un Guarded
S-7510,South III,30.23036,68.2531,Non DG,Guarded
3580,Central I,31.74397,73.82547,DG,Guarded
KHI-DC-EOR-CE6881-A1,South I,24.8652797269,67.0646306679,Non DG,Un Guarded
S-7364,South III,30.15796,66.97702,Non DG,Un Guarded
KHI-DC-TOR-CE6881-A1,South I,24.8652797269,67.0646306679,Non DG,Un Guarded
S-7371,South III,30.18476,67.0177,Non DG,Un Guarded
KHI-CORE-TOR-CE6863-A2,South I,24.8652797269,67.0646306679,Non DG,Un Guarded
S-7369,South III,30.18355,67.01288,Non DG,Un Guarded
KHI-DC-EOR-CE6881-A2,South I,24.8652797269,67.0646306679,Non DG,Un Guarded
KHI-CORE-TOR-CE6863-A1,South I,24.8652797269,67.0646306679,Non DG,Un Guarded
6264,South I,24.94511,67.0789,Non DG,Un Guarded
KHI-WL-TOR-CE6863-A1,South I,24.8652797269,67.0646306679,Non DG,Un Guarded
1585,South II,28.43722,69.67549,DG,Un Guarded
5168,Central II,32.3851,72.09533,Non DG,Un Guarded
6118,South II,27.67308,68.85557,Non DG,Un Guarded
2701,North I,34.14665,73.21563,DG,Guarded
3341,Central I,32.1013,74.87492,DG,Un Guarded
KHI_RN04_CtrSrvTOR02,South I,24.8652797269,67.0646306679,Non DG,Un Guarded
CII-2678,Central III,30.05075,70.64141,DG,Guarded
8471,North II,34.12659,71.77174,DG,Guarded
KHI_RN03_CtrSrvTOR02,South I,24.8652797269,67.0646306679,Non DG,Un Guarded
KHI_RN01_CtrSrvTOR01,South I,24.8652797269,67.0646306679,Non DG,Un Guarded
KHI_RN02_CtrSrvTOR01,South I,24.8652797269,67.0646306679,Non DG,Un Guarded
KHI_RN02_MgmtStorTOR01,South I,24.8652797269,67.0646306679,Non DG,Un Guarded
KHI_RN01_Equ_MgmtTOR01,South I,24.8652797269,67.0646306679,Non DG,Un Guarded
KHI_RN04_MgmtStorTOR02,South I,24.8652797269,67.0646306679,Non DG,Un Guarded
7968,Central I,31.53314,74.38094,Non DG,Un Guarded
KHI_RN01_MgmtStorTOR01,South I,24.8652797269,67.0646306679,Non DG,Un Guarded
1378,South III,30.21666,66.99441,Non DG,Un Guarded
2781,North I,34.339,73.19913,DG,Guarded
KHI_RN03_MgmtStorTOR02,South I,24.8652797269,67.0646306679,Non DG,Un Guarded
6975,Central II,31.54306,73.13114,DG,Guarded
KHI_RN02_Equ_MgmtTOR01,South I,24.8652797269,67.0646306679,Non DG,Un Guarded
KHI_RN09_EOR01,South I,24.8652797269,67.0646306679,Non DG,Un Guarded
KHI_RN06_MgmtStorTOR01,South I,24.8652797269,67.0646306679,Non DG,Un Guarded
3994,Central I,32.14683,73.22972,Non DG,Un Guarded
KHI_RN07_CtrSrvTOR01,South I,24.8652797269,67.0646306679,Non DG,Un Guarded
KHI_RN07_MgmtStorTOR01,South I,24.8652797269,67.0646306679,Non DG,Un Guarded
KHI_RN06_CtrSrvTOR01,South I,24.8652797269,67.0646306679,Non DG,Un Guarded
KHI_RN10_EOR02,South I,24.8652797269,67.0646306679,Non DG,Un Guarded
KHI_RN07_Equ_MgmtTOR01,South I,24.8652797269,67.0646306679,Non DG,Un Guarded
1950,South II,25.53573,68.32376,Non DG,Un Guarded
6483,South I,24.78957,67.05423,Non DG,Un Guarded
2040,North I,33.5885,73.05616,Non DG,Un Guarded
KHI_RN09_SWITCH_DCGW_01,South I,24.8652797269,67.0646306679,Non DG,Un Guarded
5101,Central III,31.13693,70.51076,DG,Guarded
4303,Central II,32.72650477,71.54483373,DG,Guarded
KHI_RN10_SWITCH_DCGW_02,South I,24.8652797269,67.0646306679,Non DG,Un Guarded
HYD-IUB-S9303-A1,South II,25.357661,68.380564,Non DG,Un Guarded
HYD-IUB-S9303-A2,South II,25.357661,68.380564,Non DG,Un Guarded
8826,North I,33.57359,73.02088,Non DG,Un Guarded
S-3538,South III,29.80373,69.468756,DG,Guarded
3820,Central I,31.79605,73.86736,DG,Guarded
KHI-CBS-TOR-CE6881-1B,South I,24.8652797269,67.0646306679,Non DG,Un Guarded
KHI-CBS-TOR-CE6881-1A,South I,24.8652797269,67.0646306679,Non DG,Un Guarded
KHI-CBS-TOR-CE6881-2B,South I,24.8652797269,67.0646306679,Non DG,Un Guarded
KHI-CBS-EOR-CE6881-A1,South I,24.8652797269,67.0646306679,Non DG,Un Guarded
8413,North II,33.03678,70.63151,DG,Un Guarded
KHI-CBS-Eudemon-A2,South I,24.8652797269,67.0646306679,Non DG,Un Guarded
6027,South I,24.92774,67.00933,Non DG,Un Guarded
KHI-CBS-TOR-CE6881-2A,South I,24.8652797269,67.0646306679,Non DG,Un Guarded
KHI-CBS-EOR-CE6881-A2,South I,24.8652797269,67.0646306679,Non DG,Un Guarded
2512,North I,33.19358,73.46389,DG,Un Guarded
7093,Central I,31.5272,74.31055,DG,Guarded
6380,South I,24.92841,67.0243,Non DG,Un Guarded
KHI-CBS-Eudemon-A1,South I,24.8652797269,67.0646306679,Non DG,Un Guarded
KHI-RBT-CE6857-EOR-1A,South I,24.8652797269,67.0646306679,Non DG,Un Guarded
9436,South I,24.92043,67.03097,DG,Un Guarded
6405,South I,24.88372,67.19198,Non DG,Guarded
KHI-RBT-CE6857-Service-TOR-1A,South I,24.8652797269,67.0646306679,Non DG,Un Guarded
KHI-RBT-CE6857-EOR-1B,South I,24.8652797269,67.0646306679,Non DG,Un Guarded
6277,South I,24.86087,66.98278,DG,Guarded
KHI-RBT-CE6857-Service-TOR-1B,South I,24.8652797269,67.0646306679,Non DG,Un Guarded
CII-2837,Central II,31.4481,73.1733,Non DG,Un Guarded
N-4793,North II,33.57587,71.47167,Non DG,Un Guarded
KHI-IPDR-CE8861-RN02_EOR01,South I,24.8652797269,67.0646306679,Non DG,Un Guarded
5454,Central III,28.4283,70.3405,DG,Guarded
QTA-vMGW-RN02-MediaSrv-TOR01,South III,30.19920995,67.00728372,Non DG,Un Guarded
N-4352,North I,33.62998,72.92776,Non DG,Guarded
2077,North I,33.67264,73.14075,DG,Guarded
KHI-IPDR-CE6865-RN01_MgmtStorTOR01,South I,24.8652797269,67.0646306679,Non DG,Un Guarded
6055,South I,24.90756,67.03275,Non DG,Un Guarded
KHI-IPDR-CE6865-RN02_SrvTOR02,South I,24.8652797269,67.0646306679,Non DG,Un Guarded
KHI-IPDR-CE6865-RN01_MgmtStorTOR02,South I,24.8652797269,67.0646306679,Non DG,Un Guarded
KHI-IPDR-CE6865-RN02_SrvTOR01,South I,24.8652797269,67.0646306679,Non DG,Un Guarded
CI-1059,Central I,31.44142,74.22493,Non DG,Un Guarded
8258,North I,33.58487,73.07855,DG,Un Guarded
KHI-IPDR-CE8861-RN02_EOR02,South I,24.8652797269,67.0646306679,Non DG,Un Guarded
KHI-CBS-TOR-CE6881-3B,South I,24.8652797269,67.0646306679,Non DG,Un Guarded
KHI-CBS-TOR-CE6881-3A,South I,24.8652797269,67.0646306679,Non DG,Un Guarded
QTA-vMGW-RN01-MgmtStor-TOR01,South III,30.19920995,67.00728372,Non DG,Un Guarded
KHI-IPDR-CE6856-RN01_Equ_MgmtTOR01,South I,24.8652797269,67.0646306679,Non DG,Un Guarded
QTA-vMGW-RN02-CE6863-EOR-02,South III,30.19920995,67.00728372,Non DG,Un Guarded
1988,South II,27.616684,68.98638,DG,Guarded
CII-2311,Central III,30.52774,72.24304,Non DG,Un Guarded
QTA-vMGW-RN02-CE6863-EOR-01,South III,30.19920995,67.00728372,Non DG,Un Guarded
SKR-vMGW-RN02-MediaSrv-TOR01,South II,27.711604,68.853495,Non DG,Un Guarded
SKR-vMGW-RN02-CE6863-EOR-01,South II,27.711604,68.853495,Non DG,Un Guarded
SKR-vMGW-RN01-MgmtStor-TOR02,South II,27.711604,68.853495,Non DG,Un Guarded
SKR-vMGW-RN02-MediaSrv-TOR02,South II,27.711604,68.853495,Non DG,Un Guarded
QTA-vMGW-RN02-MediaSrv-TOR02,South III,30.19920995,67.00728372,Non DG,Un Guarded
QTA-vMGW-RN01-MgmtStor-TOR02,South III,30.19920995,67.00728372,Non DG,Un Guarded
4335,Central II,32.27201,72.47093,DG,Guarded
8712,North I,34.350952,73.462714,Non DG,Un Guarded
N-4852,North I,33.538,73.252,Non DG,Un Guarded
CI-1968,Central I,32.17887,74.16276,Non DG,Un Guarded
QTA-vMGW-RN01-Equ_Mgmt-TOR01,South III,30.19920995,67.00728372,Non DG,Un Guarded
CII-2181,Central II,31.06366,73.04328,DG,Guarded
SKR-vMGW-RN01-MgmtStor-TOR01,South II,27.711604,68.853495,Non DG,Un Guarded
N-4343,North II,34.01181,71.97322,Non DG,Un Guarded
SKR-vMGW-RN01-Equ_Mgmt-TOR01,South II,27.711604,68.853495,Non DG,Un Guarded
CII-2000,Central III,29.32542,71.653,Non DG,Un Guarded
7868,Central I,32.70115,74.36716,Non DG,Un Guarded
SKR-vMGW-RN02-CE6863-EOR-02,South II,27.711604,68.853495,Non DG,Un Guarded
N-5261,North I,33.64325,73.04113,Non DG,Un Guarded
S-3015,South I,24.97192,66.98561,Non DG,Guarded
KHI-PE-NE40E-X8A-A1,South I,24.8652797269,67.0646306679,Non DG,Un Guarded
N-5332,North I,32.96261,73.69621,Non DG,Un Guarded
CI-1006,Central I,32.15427,74.15617,Non DG,Un Guarded
CI-1340,Central I,32.52214,74.61511,Non DG,Un Guarded
3051,Central I,31.52485,74.30254,DG,Guarded
7077,Central I,31.55865,74.3485,Non DG,Guarded
KHI-PE-NE40E-X8A-A2,South I,24.8652797269,67.0646306679,Non DG,Un Guarded
2150,North II,33.97175,71.55014,DG,Guarded
KHI_EPC_RN03_MediaSrvTOR02,South I,24.8652797269,67.0646306679,Non DG,Un Guarded
6709,North II,34.05545,71.57393,DG,Guarded
1733,South II,25.28694,69.2452,Non DG,Guarded
KHI-Wireless-TOR-4,South I,24.8652797269,67.0646306679,Non DG,Un Guarded
CI-1311,Central I,31.29479,74.071917,Non DG,Un Guarded
1762,South II,25.07765,69.20995,DG,Guarded
6238,South I,24.86176,67.06021,Non DG,Un Guarded
KHI_EPC_RN04_MgmtStorTOR02,South I,24.8652797269,67.0646306679,Non DG,Un Guarded
3012,Central I,31.48581,74.38061,DG,Guarded
8575,North II,32.95911,70.67216,DG,Guarded
KHI_EPC_RN01_MediaSrvTOR01,South I,24.8652797269,67.0646306679,Non DG,Un Guarded
KHI_EPC_RN04_MediaSrvTOR03,South I,24.8652797269,67.0646306679,Non DG,Un Guarded
KHI_EPC_RN03_MgmtStorTOR02,South I,24.8652797269,67.0646306679,Non DG,Un Guarded
KHI-EVC-SW-TOR02,South I,24.8652797269,67.0646306679,Non DG,Un Guarded
8905,North I,33.96888,73.777694,DG,Guarded
KHI_EPC_RN01_MgmtStorTOR01,South I,24.8652797269,67.0646306679,Non DG,Un Guarded
KHI_EPC_RN02_MediaSrvTOR01,South I,24.8652797269,67.0646306679,Non DG,Un Guarded
KHI_EPC_RN05_MediaSrvTOR03,South I,24.8652797269,67.0646306679,Non DG,Un Guarded
KHI_EPC_RN02_MgmtStorTOR01,South I,24.8652797269,67.0646306679,Non DG,Un Guarded
2739,North I,34.0019,73.27106,DG,Guarded
4070,Central II,31.4483,73.3316,Non DG,Guarded
ISB-RNC-S9303-A1,North I,33.661496,71.049307,Non DG,Un Guarded
KHI_EPC_RN05_Equ_MgmtTOR01,South I,24.8652797269,67.0646306679,Non DG,Un Guarded
2514,North I,33.46946,73.19595,Non DG,Un Guarded
S-3002,South I,24.812126,67.047357,Non DG,Un Guarded
KHI_EPC_RN01_Equ_MgmtTOR01,South I,24.8652797269,67.0646306679,Non DG,Un Guarded
6747,North II,33.98958,71.5867,DG,Guarded
ISB-RNC-S9303-A2,North I,33.661496,71.049307,Non DG,Un Guarded
9273,South I,24.96234,67.0467,Non DG,Guarded
6754,South I,24.84157,67.16615,Non DG,Guarded
KHI-EVC-SW-TOR01,South I,24.8652797269,67.0646306679,Non DG,Un Guarded
8223,North I,33.66592,73.00534,DG,Guarded
8837,North I,33.61455,73.04397,Non DG,Guarded
2696,North II,33.8133,72.07074,Non DG,Un Guarded
S-3049,South II,25.92682,68.63075,Non DG,Un Guarded
3181,Central I,31.444,74.3615,Non DG,Un Guarded
KHI_EPC_RN04_MediaSrvTOR02,South I,24.8652797269,67.0646306679,Non DG,Un Guarded
N-4817,North II,35.05186,71.99687,Non DG,Un Guarded
3109,Central I,31.50899,74.26869,Non DG,Un Guarded
CI-1933,Central I,32.54685,74.08393,Non DG,Un Guarded
8038,North I,33.65314,73.0496,DG,Un Guarded
CI-1954,Central I,32.46095,74.54804,Non DG,Un Guarded
9130,South I,24.84956,66.99171,Non DG,Un Guarded
3472,Central I,32.65796,74.53574,DG,Guarded
7157,Central I,31.47309,74.33756,Non DG,Guarded
7676,Central I,31.62865,73.99786,DG,Guarded
4431,Central III,30.4041,71.8707,DG,Guarded
5719,Central II,31.26709,72.31405,Non DG,Un Guarded
1241,South II,27.519167,68.749725,DG,Guarded
4471,Central III,29.39582,70.92226,DG,Guarded
5838,Central II,31.27929,72.32308,Non DG,Un Guarded
S-7350,South III,30.404,66.9747,Non DG,Un Guarded
9087,South I,24.8389,67.32926,Non DG,Un Guarded
4548,Central II,30.95703,73.45282,DG,Guarded
4697,Central II,30.45058,73.67543,DG,Guarded
8999,North I,33.30696,73.63455,DG,Guarded
CI-1062,Central I,31.60086,74.53363,Non DG,Un Guarded
1240,South II,27.529447,68.757661,DG,Guarded
6121,South I,24.88479,66.98686,Non DG,Un Guarded
7476,Central I,32.16001,74.18201,Non DG,Un Guarded
6918,Central III,30.27656,70.72796,DG,Guarded
2713,North I,34.26348,73.24272,DG,Guarded
4642,Central III,29.53539,71.625,DG,Guarded
3469,Central I,32.24763,74.71313,Non DG,Guarded
8106,North I,33.72956,73.08481,DG,Un Guarded
1674,South II,27.34817,68.53183,DG,Un Guarded
5775,Central II,32.57515,71.52201,Non DG,Un Guarded
1271,South II,27.91864,68.23557,DG,Guarded
CI-1412,Central I,32.554,73.93968,DG,Un Guarded
2226,North I,32.92645,72.80149,DG,Guarded
S-3570,South III,30.26101,69.10349,DG,Guarded
S-7277,South III,26.22187,66.31341,Non DG,Un Guarded
N-5751,North I,32.9433,72.86954,Non DG,Un Guarded
N-3043,North II,33.02093,70.68091,Non DG,Un Guarded
S-4254,South I,24.8514,67.26651,Non DG,Un Guarded
N-3065,North I,34.32285,73.18618,Non DG,Un Guarded
N-3066,North I,34.2107,73.22859,Non DG,Un Guarded
N-5926,North II,33.00671,70.59497,Non DG,Un Guarded
N-3044,North II,33.01155,70.7998,Non DG,Un Guarded
N-3012,North II,32.98116,70.8138,Non DG,Un Guarded
S-4246,South III,27.73659,67.1705,Non DG,Un Guarded
4569,Central II,30.33935,73.3876,Non DG,Un Guarded
1828,South III,29.80335,66.83873,DG,Guarded
3116,Central I,31.49335,74.25927,Non DG,Un Guarded
5914,Central III,30.17827,71.43435,Non DG,Un Guarded
CII-2552,Central III,30.31287,73.78079,Non DG,Un Guarded
N-3059,Central II,32.4954,69.7164,Non DG,Un Guarded
S-7892,South III,30.92474,66.48,Non DG,Un Guarded
N-3062,North II,34.2221,71.54177,Non DG,Un Guarded
N-5866,North II,33.84393,71.4799,Non DG,Un Guarded
N-5374,North II,33.89842,71.40189,Non DG,Un Guarded
S-4239,South II,25.38997,68.32419,Non DG,Un Guarded
CI-1965,Central I,32.14557,74.14521,Non DG,Un Guarded
N-4000,North I,34.06071,72.68924,Non DG,Un Guarded
CI-1934,Central I,32.58801,74.08303,Non DG,Un Guarded
CII-2034,Central II,31.61296,71.06859,Non DG,Un Guarded
N-5231,North I,33.67986,72.83612,Non DG,Un Guarded
N-4072,North I,33.43273,73.44323,Non DG,Un Guarded
7612,Central I,31.36409,74.10496,DG,Guarded
7860,Central I,32.42575,73.57605,DG,Guarded
S-4249,South III,30.16146,68.5699,Non DG,Un Guarded
S-3493,South I,24.998302,66.977112,Non DG,Un Guarded
S-3831,South III,30.70253,67.63016,DG,Guarded
N-3071,North II,34.06478,71.38745,Non DG,Un Guarded
N-5390,North II,34.02663,71.61514,Non DG,Un Guarded
N-5977,North II,33.52178,70.99126,Non DG,Un Guarded
S-4245,South III,31.02756,67.46606,Non DG,Un Guarded
N-3074,North II,33.0965,71.0531,Non DG,Un Guarded
KHI-IUB-S9303-A1,South I,24.8652797269,67.0646306679,Non DG,Un Guarded
S-3819,South I,24.87816,67.01015,Non DG,Un Guarded
S-7967,South II,25.41495,68.32991,Non DG,Un Guarded
S-4192,South II,28.27957,68.43764,Non DG,Un Guarded
CI-1966,Central I,32.16891,74.13748,Non DG,Un Guarded
CII-2895,Central III,30.2228,71.4535,Non DG,Un Guarded
S-3825,South III,30.82269,67.54653,DG,Guarded
S-7962,South I,25.01961,66.87414,Non DG,Un Guarded
KHI-IUB-S9303-A2,South I,24.8652797269,67.0646306679,Non DG,Un Guarded
S-4257,South I,25.02298,67.17631,Non DG,Un Guarded
9485,South I,24.89181,67.14373,DG,Guarded
5705,Central III,29.80446,72.17277,Non DG,Un Guarded
N-5974,North II,33.51045,71.49436,Non DG,Un Guarded
S-4253,South I,24.82526,66.98634,Non DG,Un Guarded
S-3826,South III,30.67091,67.5417,DG,Guarded
N-3064,North II,34.5067,71.90545,Non DG,Un Guarded
S-3013,South I,25.01377,67.10788,Non DG,Un Guarded
N-4432,North II,32.93651,70.64065,DG,Guarded
7986,Central I,31.47537,74.38625,Non DG,Un Guarded
2645,North I,33.65245,73.19198,Non DG,Un Guarded
N-4593,North I,33.53518,73.1401,Non DG,Un Guarded
S-4215,South III,30.12359,67.00923,Non DG,Un Guarded
N-3013,North II,34.17381,72.04254,Non DG,Un Guarded
3572,Central I,30.77206,74.12833,DG,Guarded
CI-1967,Central I,32.1677,74.1545,Non DG,Un Guarded
1064,South I,24.9767,67.05588,Non DG,Guarded
S-7283,South III,26.038633,63.078918,Non DG,Un Guarded
N-3070,North II,33.90422,71.54192,Non DG,Un Guarded
S-7950,South III,27.8305,66.62034,Non DG,Un Guarded
S-3324,South III,25.99715,63.03286,Non DG,Un Guarded
S-7949,South III,27.81107,66.58296,Non DG,Un Guarded
SUKRNC01,South II,27.7118239,68.8530008,Non DG,Un Guarded
8588,North II,33.57936,71.46427,DG,Guarded
N-5404,North II,33.88634,71.41798,Non DG,Un Guarded
S-3173,South III,30.71876,68.2842,DG,Un Guarded
N-3035,North II,32.93286,70.69244,Non DG,Un Guarded
N-5170,North II,33.99356,72.00045,Non DG,Un Guarded
N-4714,Central II,32.2414,70.4109,DG,Un Guarded
S-7015,South I,24.98528,67.30363,Non DG,Un Guarded
N-5483,North II,33.98151,71.53127,Non DG,Un Guarded
S-7154,South II,27.54812,68.23136,Non DG,Un Guarded
S-7921,South II,25.52669,69.01881,Non DG,Un Guarded
S-3981,South II,27.851465,67.90633,Non DG,Un Guarded
6928,Central III,30.12821,71.49397,DG,Guarded
S-7951,South III,27.7935,66.65922,Non DG,Un Guarded
S-7929,South III,27.81866,66.61681,Non DG,Un Guarded
S-4244,South III,30.36323,68.56696,Non DG,Un Guarded
9031,South I,24.85555,67.0476,DG,Un Guarded
5772,Central II,32.58008,71.52449,Non DG,Un Guarded
CI-1841,Central I,32.14446,74.23173,Non DG,Un Guarded
CI-1195,Central I,32.10921,74.16869,Non DG,Un Guarded
9478,South I,24.85832,67.19922,Non DG,Guarded
3959,Central I,32.10114,74.24787,DG,Un Guarded
N-5484,North II,33.9976,71.4013,Non DG,Un Guarded
CI-1200,Central I,32.82373,73.95766,Non DG,Un Guarded
N-5734,North II,33.96915,71.55583,Non DG,Un Guarded
N-5499,North II,34.0275,71.59923,Non DG,Un Guarded
S-3437,South I,24.9961,67.2251,Non DG,Un Guarded
N-5517,North II,33.98855,71.42995,Non DG,Un Guarded
S-7932,South III,30.62951,67.04146,Non DG,Un Guarded
CI-1932,Central I,32.60012,74.10558,Non DG,Un Guarded
S-7928,South II,26.09283,68.94855,Non DG,Un Guarded
S-7295,South III,25.10698,61.79537,Non DG,Un Guarded
S-7418,South III,26.04261,63.02298,Non DG,Un Guarded
S-7946,South III,30.60208,66.98043,Non DG,Un Guarded
S-4247,South III,30.08482,66.97517,Non DG,Un Guarded
4851,Central I,32.24676,73.15756,Non DG,Un Guarded
7316,Central I,31.4155,74.23054,Non DG,Un Guarded
2938,North II,34.0087,72.0338,DG,Guarded
S-7788,South III,30.57458,66.55556,Non DG,Un Guarded
N-4374,North II,34.04707,71.42877,Non DG,Un Guarded
S-7287,South II,28.61979,69.19212,Non DG,Un Guarded
1992,South III,29.91744,67.1012,DG,Guarded
2655,North I,32.85942,72.76223,DG,Guarded
S-7262,South III,30.15326,67.01037,Non DG,Un Guarded
S-7383,South III,30.20865,66.975841,Non DG,Un Guarded
S-7042,South III,30.12883,66.97225,Non DG,Un Guarded
S-7269,South III,30.16996,66.96816,Non DG,Un Guarded
4832,Central III,29.54206,70.60021,DG,Guarded
S-7178,South III,30.07746,66.99364,Non DG,Un Guarded
CII-2313,Central III,30.71136,70.64755,Non DG,Un Guarded
S-7234,South III,30.14998,66.98013,Non DG,Un Guarded
S-4252,South III,30.10679,66.97321,Non DG,Un Guarded
S-7248,South III,30.01695,66.951917,Non DG,Un Guarded
N-4018,North II,32.96894,70.97991,DG,Guarded
N-5636,North I,33.5534,73.1262,Non DG,Un Guarded
3597,Central I,31.411799,73.988042,Non DG,Un Guarded
N-5252,North I,33.67256,73.05278,Non DG,Un Guarded
CI-1202,Central I,32.71502,73.98743,Non DG,Un Guarded
CI-1875,Central I,32.85045,73.90247,Non DG,Un Guarded
S-7282,South II,28.66469,69.18464,Non DG,Un Guarded
CI-1108,Central I,31.41164,74.26549,Non DG,Un Guarded
N-5186,North I,33.672381,72.8354,Non DG,Un Guarded
N-5210,North I,33.70797,73.21203,Non DG,Un Guarded
9844,South I,24.85229,66.98076,Non DG,Un Guarded
N-5200,North II,34.02691,71.55312,Non DG,Un Guarded
CI-1936,Central I,32.507388,74.595669,Non DG,Un Guarded
CI-1025,Central I,31.53391,74.4133,Non DG,Un Guarded
4969,Central III,30.06503,70.64149,DG,Guarded
CI-1140,Central I,32.50202,74.50685,Non DG,Un Guarded
CI-1128,Central I,31.52848,74.41947,Non DG,Un Guarded
N-5509,North II,34.02935,71.59342,Non DG,Un Guarded
6236,South I,24.94977,67.09023,Non DG,Guarded
2440,North I,33.7469,72.81758,DG,Un Guarded
6099,South I,24.92699,67.1326,Non DG,Un Guarded
N-5492,North II,33.99237,71.46825,Non DG,Un Guarded
2439,North I,33.64894,73.18443,Non DG,Un Guarded
S-7930,South III,30.11794,66.9563,Non DG,Un Guarded
S-3152,South III,30.6464,66.73213,Non DG,Un Guarded
S-7247,South III,30.11204,66.98621,Non DG,Un Guarded
S-7286,South III,26.01198,63.06297,Non DG,Un Guarded
S-4236,South I,24.92817,67.11325,Non DG,Un Guarded
S-4234,South I,25.02886,67.0655,Non DG,Un Guarded
3927,Central I,32.11719,74.17835,DG,Un Guarded
S-4233,South I,24.9984,67.06448,Non DG,Un Guarded
S-4235,South I,25.03398,66.87547,Non DG,Un Guarded
S-4237,South I,25.0005,67.16078,Non DG,Un Guarded
2694,North II,32.6884,69.82643,Non DG,Un Guarded
N-5648,North I,33.60246,73.11803,Non DG,Un Guarded
3358,Central I,32.1687,74.06359,Non DG,Un Guarded
9335,South I,24.84886,67.16731,DG,Guarded
N-5750,North I,33.60518,73.14168,Non DG,Un Guarded
N-4110,North I,33.55896,73.00775,Non DG,Un Guarded
N-3011,North I,33.510271,73.08221,Non DG,Un Guarded
N-5059,North I,34.3663,73.47727,Non DG,Un Guarded
3810,Central I,31.91763,73.33883,DG,Guarded
N-4108,North I,33.54469,73.02277,Non DG,Un Guarded
S-7489,South I,24.90276,67.03476,Non DG,Un Guarded
N-5436,North I,33.56578,72.99895,Non DG,Un Guarded
CI-1086,Central I,32.51931,74.53077,Non DG,Un Guarded
N-3060,Central II,32.4178,69.6151,Non DG,Un Guarded
N-3006,North I,33.53275,73.04168,Non DG,Un Guarded
9070,South I,24.86035,67.0647,DG,Un Guarded
N-3061,North II,34.012,71.285,Non DG,Un Guarded
N-5755,North I,32.9242,72.39977,Non DG,Un Guarded
4605,Central III,29.39397,71.67772,DG,Un Guarded
CI-1383,Central I,31.43686,74.49644,Non DG,Guarded
N-3056,North I,33.65356,72.9129,Non DG,Un Guarded
N-3063,North II,34.038866,71.614622,Non DG,Un Guarded
N-3073,Central II,32.2264,70.3763,Non DG,Un Guarded
S-4255,South II,25.76514,68.65742,Non DG,Un Guarded
4252,Central II,31.06243,72.00556,DG,Guarded
N-4630,North I,34.01068,72.92395,Non DG,Un Guarded
8526,North II,34.02419,71.58644,Non DG,Un Guarded
4244,Central II,30.91874,72.1235,DG,Guarded
8421,North II,32.81746,70.79117,DG,Guarded
S-7809,South III,30.3819,68.585533,Non DG,Un Guarded
8981,North I,35.89913,74.35122,DG,Guarded
S-3624,South III,29.26035,66.49329,DG,Guarded
N-4776,North II,33.52794,71.05839,DG,Guarded
6716,North II,34.02711,71.57832,DG,Guarded
7216,Central I,31.45579,74.29184,DG,Guarded
4282,Central III,30.07769,71.05239,DG,Guarded
2502,North I,33.2479,73.3144,DG,Guarded
8211,North I,33.64808,72.90939,Non DG,Un Guarded
1977,South III,31.3462,69.44371,Non DG,Un Guarded
8777,North I,33.80552,73.8646,DG,Guarded
3075,Central I,31.51925,74.30771,DG,Guarded
4481,Central III,30.44352,70.97034,DG,Guarded
4707,Central II,32.09344,72.68327,DG,Un Guarded
N-4498,North II,34.89268,72.6882,DG,Guarded
7243,Central I,31.55293,74.27559,Non DG,Un Guarded
8073,North I,33.59887,73.07221,DG,Guarded
2088,North I,33.73911,73.07257,DG,Guarded
LHR-RNC-S9303-B1,Central I,31.51768904,74.34859344,Non DG,Un Guarded
LHR-RNC-S9303-B2,Central I,31.51768904,74.34859344,Non DG,Un Guarded
1510,Central III,28.55069,70.4749722,Non DG,Un Guarded
2341,North II,34.753316,72.360425,DG,Guarded
N-4494,North I,33.6339,72.8723,Non DG,Un Guarded
3290,Central I,32.88432,73.99352,DG,Guarded
6984,South II,27.69532,68.85889,Non DG,Un Guarded
6673,North II,32.98275,70.63319,DG,Guarded
8320,North I,33.61459,73.05457,Non DG,Un Guarded
7896,Central I,32.43417,74.6687,DG,Guarded
S-3545,South III,31.03689,67.84013,DG,Guarded
2631,North I,34.11009,73.37579,Non DG,Un Guarded
CI-1705,Central I,31.3824,74.19923,Non DG,Un Guarded
8124,North I,33.60004,73.07943,DG,Guarded
5221,Central III,29.59676,73.1217,DG,Guarded
N-5425,North II,34.19253,71.95852,Non DG,Un Guarded
1704,South II,25.1614,69.10911,DG,Guarded
7628,Central I,31.33188,74.23483,DG,Guarded
N-4492,North I,33.65361,72.9055,Non DG,Un Guarded
9786,South II,24.66169,68.83664,Non DG,Un Guarded
6402,South I,24.90662,66.97259,Non DG,Un Guarded
3162,Central I,31.51671,74.2841,Non DG,Un Guarded
9267,South I,24.88087,67.14412,DG,Guarded
4931,Central II,31.40544,72.93492,Non DG,Guarded
CII-2528,Central II,31.30856,73.35339,DG,Guarded
9186,South I,24.78157,67.05723,Non DG,Guarded
4719,Central II,31.85954,72.87079,DG,Guarded
9670,South I,24.85037,67.0075,Non DG,Un Guarded
CI-1884,Central I,31.33465,74.25281,Non DG,Un Guarded
CII-2855,Central II,31.84491,70.87378,Non DG,Un Guarded
CII-2777,Central II,30.81667,72.84207,Non DG,Un Guarded
5864,Central III,30.46782,70.98206,DG,Guarded
3605,Central I,32.56514,74.06198,Non DG,Un Guarded
1720,South II,25.04238,68.6576,Non DG,Un Guarded
5536,Central II,30.88045,73.84918,Non DG,Un Guarded
CI-1502,Central I,32.15993,74.18777,Non DG,Un Guarded
6352,South I,24.93196,66.95798,Non DG,Un Guarded
6151,South I,24.921435,67.116554,Non DG,Un Guarded
3673,Central I,32.43359,73.58071,DG,Un Guarded
9110,South I,24.859981,67.053394,Non DG,Un Guarded
S-3410,South III,30.15471,66.9797,Non DG,Guarded
1344,South II,26.14628,68.72218,DG,Guarded
8158,North I,33.5408,73.09854,Non DG,Un Guarded
6652,North II,33.73313,71.51005,Non DG,Un Guarded
4502,Central II,30.80155,73.45081,DG,Guarded
5847,Central III,30.20872,71.52764,Non DG,Un Guarded
3G-N-1950,North II,34.21797,71.566821,Non DG,Un Guarded
8430,North I,33.68274,72.98666,Non DG,Un Guarded
3076,Central I,31.47797,74.32927,Non DG,Guarded
7442,Central I,31.5796,74.3198,Non DG,Un Guarded
3335,Central I,32.04684,74.21051,Non DG,Un Guarded
9890,South II,25.47661,68.40411,DG,Guarded
6274,South I,24.95759,67.04581,Non DG,Guarded
7455,Central I,31.53094,74.35286,Non DG,Un Guarded
7010,Central I,31.45205,74.34995,Non DG,Un Guarded
6486,South I,24.78436,67.06977,Non DG,Un Guarded
9094,South I,24.86727,66.99921,DG,Guarded
4824,Central III,29.10842,70.33105,DG,Un Guarded
8816,North I,33.57109,73.20303,Non DG,Un Guarded
N-4154,North I,33.58842,72.92187,Non DG,Un Guarded
9033,South I,24.85428,67.01644,Non DG,Un Guarded
QTA-E1000-X7-A1,South III,30.19920995,67.00728372,Non DG,Un Guarded
8166,North I,33.68874,72.9872,Non DG,Un Guarded
QTA-E1000-X7-A2,South III,30.19920995,67.00728372,Non DG,Un Guarded
7823,Central I,32.51872,73.8615,DG,Guarded
3406,Central I,32.49125,74.52911,DG,Guarded
2808,North I,33.95928,72.88275,Non DG,Un Guarded
3175,Central I,31.59499,74.40279,Non DG,Un Guarded
UCHR19,South III,28.8913,64.9079,DG,Guarded
QTA-IUB-S9303-A1,South III,30.19920995,67.00728372,Non DG,Un Guarded
2390,North II,34.94041,72.45798,DG,Guarded
QTA-IUB-S9303-A2,South III,30.19920995,67.00728372,Non DG,Un Guarded
4664,Central III,30.03969,72.34783,Non DG,Un Guarded
4353,Central II,31.50442,71.23846,DG,Guarded
7493,Central I,31.577,74.3155,Non DG,Un Guarded
1611,South III,30.17068,66.99525,Non DG,Un Guarded
8225,North I,33.67212,73.07483,DG,Un Guarded
9792,South II,27.66418,68.84648,DG,Guarded
9931,South II,25.78923,69.45506,Non DG,Guarded
5444,Central III,29.23959,70.83706,DG,Guarded
7883,Central I,32.64316,74.3237,DG,Guarded
3696,Central I,32.43251,74.11362,Non DG,Un Guarded
4065,Central II,31.45384,73.09797,DG,Guarded
SKR-IUB-S9303-A1,South II,27.7116453,68.8533509,Non DG,Un Guarded
4651,Central III,29.64762,70.59384,DG,Guarded
1755,South II,25.17759,69.56742,Non DG,Guarded
4503,Central II,30.74813,73.33701,DG,Guarded
SKR-IUB-S9303-A2,South II,27.7116453,68.8533509,Non DG,Un Guarded
2339,North II,34.66119,72.03137,Non DG,Un Guarded
N-3833,North I,33.59634,73.39392,Non DG,Un Guarded
5182,Central II,32.84353,71.20577,DG,Un Guarded
9232,South I,24.92388,67.11602,Non DG,Un Guarded
3934,Central I,32.19478,74.17286,DG,Un Guarded
6472,South I,24.83823,67.11292,Non DG,Un Guarded
8976,North I,32.97725,74.07406,DG,Guarded
7312,Central I,31.48673,74.32281,Non DG,Un Guarded
CII-2182,Central II,31.07914,72.83678,Non DG,Un Guarded
4395,Central II,31.7788,71.1053,DG,Un Guarded
CI-1676,Central I,32.242,74.118,Non DG,Un Guarded
2373,North II,34.29598,71.65087,DG,Guarded
1560,South II,27.8445,67.90619,DG,Guarded
2976,North I,33.56276,72.64425,DG,Guarded
2531,North I,33.14042,73.02824,DG,Guarded
3319,Central I,32.17781,74.20314,DG,Un Guarded
6746,North I,33.73488,72.79713,DG,Guarded
7052,Central I,31.47907,74.30505,Non DG,Un Guarded
4658,Central III,29.10614,70.32264,DG,Un Guarded
4346,Central II,31.79858,71.10911,DG,Guarded
2275,North I,33.06636,72.97348,Non DG,Un Guarded
8112,North I,33.69851,73.05834,DG,Guarded
N-4144,North II,33.3587,70.6467,Non DG,Un Guarded
CII-2614,Central III,30.17837,71.52324,Non DG,Un Guarded
N-4964,Central II,31.34971,70.35396,Non DG,Un Guarded
8126,North I,33.60803,72.99704,DG,Un Guarded
2138,North II,33.99496,71.4749,Non DG,Guarded
9158,South I,24.91012,67.10649,DG,Un Guarded
5779,Central III,30.70735,70.65115,Non DG,Un Guarded
2417,North I,33.67539,72.85188,DG,Guarded
N-4664,North II,34.50012,71.87579,Non DG,Un Guarded
N-4599,North II,33.80945,71.99136,DG,Guarded
1399,South III,30.14946,67.01224,Non DG,Guarded
1781,South II,24.35047,67.87669,DG,Un Guarded
CI-1135,Central I,31.56387,74.39606,Non DG,Un Guarded
7142,Central I,31.53999,74.35756,Non DG,Guarded
CII-2637,Central III,30.32248,70.72252,DG,Un Guarded
4954,Central II,31.89369,72.40498,DG,Un Guarded
9448,South I,24.8969,67.0783,DG,Un Guarded
2427,North I,33.94188,73.4438,DG,Un Guarded
4535,Central II,30.71497,72.96072,DG,Un Guarded
3338,Central I,32.25415,74.10931,DG,Un Guarded
4326,Central II,31.92355,70.46447,DG,Guarded
4720,Central II,31.71829,72.98403,DG,Guarded
S-3916,South III,26.15974,66.52615,DG,Guarded
3128,Central I,31.49928,74.32196,DG,Un Guarded
5353,Central II,31.21832,72.997086,Non DG,Un Guarded
7183,Central I,31.54266,74.26868,Non DG,Un Guarded
2237,North I,32.85305,73.22193,DG,Guarded
1382,South III,30.09736,66.97619,Non DG,Un Guarded
7002,Central I,31.57058,74.31923,Non DG,Un Guarded
2412,North I,33.77607,72.71817,DG,Guarded
4706,Central II,32.0454,72.68529,DG,Un Guarded
S-7452,South III,29.80926,66.83248,Non DG,Un Guarded
3G-CII-3377,Central III,28.432,70.30553,Non DG,Un Guarded
1711,South II,25.05018,68.62349,DG,Guarded
3336,Central I,32.14312,74.18298,DG,Guarded
CI-1653,Central I,31.57291,74.38557,Non DG,Un Guarded
7251,Central I,31.58747,74.4027,DG,Guarded
4993,Central III,30.15596,70.9817,Non DG,Un Guarded
1705,South II,25.14868,69.11944,DG,Guarded
1328,South II,25.37967,68.32623,Non DG,Un Guarded
5423,Central III,28.41893,70.30553,DG,Guarded
4023,Central II,31.4607,73.14396,DG,Un Guarded
8509,North II,34.00805,71.57998,Non DG,Un Guarded
1398,South III,30.17521,66.97714,Non DG,Guarded
7532,Central I,31.58427,74.31356,Non DG,Un Guarded
8418,North I,33.68234,72.98992,Non DG,Un Guarded
5261,Central III,30.16015,71.53409,DG,Guarded
2102,North II,34.00114,71.49928,DG,Un Guarded
3624,Central I,32.65028,73.72583,DG,Un Guarded
9421,South I,24.97701,66.98511,DG,Guarded
9107,South I,24.87661,67.01604,DG,Guarded
4610,Central III,29.38064,71.66165,DG,Guarded
6063,South I,24.93207,67.07643,DG,Guarded
9013,South I,24.91706,67.05553,DG,Guarded
3542,Central I,31.46022,74.09753,DG,Guarded
S-3921,South III,26.054618,66.618681,DG,Guarded
9921,South II,25.80982,68.41818,DG,Guarded
2975,North I,33.5337,72.49181,DG,Un Guarded
3219,Central I,31.57861,74.32031,Non DG,Un Guarded
2045,North I,33.69246,73.10731,DG,Guarded
3687,Central I,32.70564,73.96228,DG,Guarded
CI-1376,Central I,31.5858,74.31307,Non DG,Un Guarded
8141,North I,33.62409,73.10931,DG,Un Guarded
2539,North I,33.07747,73.23955,DG,Guarded
4724,Central II,31.61985,72.76453,DG,Guarded
9004,South I,24.82634,67.03412,DG,Un Guarded
S-3414,South II,24.7915,68.96284,Non DG,Un Guarded
2777,North I,34.41817,73.36363,DG,Un Guarded
6135,South I,24.79034,67.37251,Non DG,Un Guarded
4907,Central III,30.965028,71.215306,Non DG,Un Guarded
6089,South I,24.95262,66.98626,Non DG,Un Guarded
N-4760,North II,32.95544,70.6067,DG,Guarded
6229,South I,24.96455,67.17246,Non DG,Un Guarded
5648,Central III,29.84982,70.66083,DG,Guarded
5341,Central II,30.965,72.47471,Non DG,Un Guarded
Multan MSC,Central III,30.223899,71.477845,DG,Un Guarded
9317,South I,24.91029,67.09221,Non DG,Guarded
6088,South I,24.93437,66.96955,Non DG,Un Guarded
S-3555,South III,30.83998,67.53525,DG,Guarded
S-3656,South III,28.24313,66.00632,DG,Guarded
5185,Central II,32.96298,71.55192,DG,Un Guarded
1803,South III,30.15638,69.90504,DG,Guarded
2993,North II,33.78669,72.02139,DG,Guarded
2772,North I,34.672911,73.020375,Non DG,Un Guarded
4226,Central II,31.27732,72.32963,DG,Guarded
3555,Central I,31.0899,73.88979,DG,Guarded
1474,South III,27.79968,66.60811,Non DG,Guarded
N-4394,North I,33.03146,73.60753,Non DG,Un Guarded
7214,Central I,31.54813,74.42189,Non DG,Un Guarded
CI-1558,Central I,31.5525,74.35255,Non DG,Un Guarded
6973,South II,27.54908,68.22196,DG,Guarded
9379,South I,24.9937,67.05403,DG,Guarded
3938,Central I,31.97929,74.2184,Non DG,Un Guarded
2085,North I,33.57388,73.10607,DG,Guarded
5103,Central III,30.37719,70.72275,DG,Guarded
CII-2659,Central III,30.17417,70.70571,DG,Guarded
N-4423,North I,34.15975,73.26393,Non DG,Un Guarded
CI-1617,Central I,31.52135,74.46239,Non DG,Un Guarded
UKZR05,South III,28.04168,66.4045,DG,Guarded
N-4301,North I,34.69006,73.05817,DG,Guarded
3939,Central I,31.91099,74.13573,DG,Guarded
N-4719,North I,33.58666,73.2012,Non DG,Un Guarded
4775,Central II,31.74867,72.91351,DG,Guarded
4805,Central II,31.44241,73.05379,Non DG,Un Guarded
5890,Central III,30.10093,71.15868,Non DG,Un Guarded
5247,Central III,29.95801,72.07045,Non DG,Guarded
1503,Central III,28.32999,70.43058,DG,Guarded
9888,South II,25.39781,68.39331,Non DG,Un Guarded
6051,South I,24.92285,67.13854,Non DG,Un Guarded
1014,South I,24.915916667,67.065333333,Non DG,Un Guarded
S-3653,South III,29.59823,66.59155,DG,Guarded
9865,South I,25.05454,66.88398,DG,Guarded
2388,North II,35.20697,72.54632,Non DG,Guarded
3422,Central I,32.49888,74.52002,DG,Un Guarded
CI-1546,Central I,31.88746,74.23676,Non DG,Un Guarded
N-5047,North II,34.39926,71.45045,Non DG,Un Guarded
4361,Central II,32.09221,72.69538,DG,Un Guarded
2614,North I,33.45669,72.83154,DG,Guarded
2571,North I,33.04639,73.11255,DG,Guarded
3363,Central I,32.26985,73.81561,Non DG,Un Guarded
CI-1004,Central I,31.43056,74.21056,Non DG,Un Guarded
4392,Central II,32.269,72.88995,Non DG,Un Guarded
9259,South I,24.85308,67.19771,Non DG,Guarded
6592,South I,25.00177,67.11529,DG,Guarded
5796,Central III,30.03134,70.63959,Non DG,Un Guarded
N-4295,North II,32.62797,70.75963,DG,Guarded
4543,Central II,30.89789,73.5961,DG,Un Guarded
2834,North I,34.07783,73.22519,DG,Guarded
4876,Central III,29.65392,70.59601,Non DG,Un Guarded
2672,North I,32.88435,73.72245,Non DG,Un Guarded
S-3763,South III,27.0747,67.0893,DG,Guarded
4351,Central II,30.62848,71.74634,DG,Guarded
1133,South II,25.41333,68.34439,DG,Guarded
6974,South II,27.53601,68.20732,DG,Guarded
6749,North II,33.98809,71.53835,Non DG,Un Guarded
8060,North I,33.68531,73.03846,DG,Guarded
N-4135,North II,34.55022,72.30387,DG,Guarded
2149,North II,34.01411,71.50385,Non DG,Guarded
7522,Central I,31.41189,74.23035,Non DG,Un Guarded
2062,North I,33.71713,73.08386,DG,Un Guarded
3305,Central I,32.1653,74.17392,DG,Guarded
4086,Central II,31.58876,73.03982,DG,Guarded
HHFZBSC01,Central I,32.0732859820559,73.6866412006172,DG,Un Guarded
6690,North I,32.67627,72.67541,Non DG,Guarded
S-3143,South I,24.99966,67.0824,Non DG,Un Guarded
8216,North I,33.73112,73.17738,Non DG,Un Guarded
9280,South I,24.90728,67.11113,Non DG,Un Guarded
1053,South I,24.883138889,67.028305555,DG,Un Guarded
2900,North II,34.2115,72.0347,DG,Guarded
4183,Central III,30.0482,70.6457,DG,Guarded
S-3812,South III,29.53845,65.97276,DG,Guarded
3139,Central I,31.40213,74.15858,DG,Guarded
6589,South I,24.91487,67.03683,Non DG,Un Guarded
1040,South I,24.836722222,67.296166667,DG,Guarded
8143,North I,33.65929,73.09609,DG,Guarded
4355,Central II,31.43239,71.26949,DG,Un Guarded
8188,North I,33.5307,73.1618,,
S-3415,South II,25.28204,69.39465,Non DG,Un Guarded
1147,South II,25.79555,69.06959,Non DG,Guarded
6518,South III,30.193587,67.010537,Non DG,Un Guarded
8877,North I,33.61949,72.9935,Non DG,Un Guarded
1758,South II,25.86304,69.30292,DG,Guarded
7987,Central I,31.47373,74.4132,Non DG,Un Guarded
6164,South I,24.91197,67.12659,Non DG,Un Guarded
2070,North I,33.64273,73.16069,DG,Guarded
1460,South III,25.12869,62.3256,DG,Guarded
S-3213,South III,30.1526,67.02235,DG,Guarded
2738,North I,34.01355,73.2058,Non DG,Un Guarded
9585,South I,24.82309,67.04878,Non DG,Un Guarded
1647,South II,26.42682,67.86268,Non DG,Un Guarded
S-7692,South III,,,DG,Guarded
2409,North II,34.01769,71.69804,DG,Guarded
N-5368,North II,33.0347,70.9889,Non DG,Un Guarded
1630,South II,28.00705556,69.3116667,DG,Guarded
6764,South I,24.85796,67.07918,Non DG,Un Guarded
3909,Central I,32.157385,74.14663,Non DG,Un Guarded
9584,South I,24.80468,67.07805,Non DG,Un Guarded
3256,Central I,31.58156,74.31126,Non DG,Un Guarded
9894,South II,24.7033,70.17039,Non DG,Un Guarded
6248,South I,24.94815,67.10928,Non DG,Un Guarded
S-4864,South III,25.31635,62.48014,Non DG,Un Guarded
7210,Central I,31.4544,74.25239,DG,Un Guarded
2091,North I,33.67738,72.98595,DG,Guarded
1192,South II,25.76477,68.6545,Non DG,Guarded
3735,Central I,31.84681,74.4487,Non DG,Guarded
9946,South II,26.39934,68.43865,DG,Guarded
7795,Central I,32.51243,74.24035,Non DG,Un Guarded
3251,Central I,31.5327,74.3501,Non DG,Un Guarded
4184,Central III,30.03379,70.63509,DG,Guarded
2719,North I,34.15877,73.23585,Non DG,Un Guarded
3088,Central I,31.53063,74.37648,Non DG,Un Guarded
9108,South I,24.85218,67.0102,Non DG,Guarded
6938,Central III,31.089889,70.9765,Non DG,Un Guarded
S-3411,South II,27.84547,67.91072,Non DG,Un Guarded
N-4141,North II,34.354121,71.757591,DG,Guarded
S-7836,South III,26.57903,65.50777,DG,Guarded
S-7831,South III,27.0975,65.56432,DG,Guarded
S-7857,South I,25.0265,66.77055,DG,Guarded
N-3094,North II,33.9723,71.52147,Non DG,Un Guarded
S-7838,South III,26.36406,65.28599,DG,Guarded
9260,South I,24.90762,66.99756,DG,Guarded
9404,South I,24.82509,67.07961,Non DG,Un Guarded
1069,South I,24.913388889,66.993527778,DG,Un Guarded
1640,Central III,28.64379,70.6504,DG,Un Guarded
7287,Central I,31.5452,74.30091,Non DG,Un Guarded
3815,Central I,31.32057,74.39059,DG,Guarded
3003,Central I,31.5471,74.31463,DG,Guarded
9059,South I,24.87861,67.08218,DG,Un Guarded
8102,North I,33.69094,73.01155,Non DG,Un Guarded
S-3196,South II,25.50864,69.01533,Non DG,Guarded
1380,South III,30.18901,66.9811,Non DG,Un Guarded
CII-2038,Central II,30.66174,73.09551,Non DG,Un Guarded
9331,South I,24.94277,67.09661,DG,Guarded
1520,Central III,28.30474,70.1256,DG,Guarded
6849,Central III,30.24881,72.18741,Non DG,Un Guarded
CI-1638,Central I,31.435329,74.28038,Non DG,Un Guarded
2642,North I,34.6765,73.04233,DG,Un Guarded
CI-1467,Central I,31.45306,74.33785,DG,Guarded
5681,Central II,30.6751,73.653,Non DG,Un Guarded
5052,Central III,30.17107,71.64167,Non DG,Un Guarded
8853,North I,33.56841,73.01928,Non DG,Un Guarded
N-5940,North II,33.05733,70.74645,Non DG,Un Guarded
1958,South II,26.86139,67.78604,DG,Guarded
5096,Central II,31.53322,71.03961,DG,Guarded
2065,North I,33.64644,73.10303,DG,Un Guarded
4586,Central III,29.71885,72.5558,DG,Guarded
S-3689,South III,26.93208,66.37152,DG,Guarded
9446,South I,24.92837,67.10867,Non DG,Un Guarded
BSC RYK,Central III,28.423358,70.309305,DG,Un Guarded
8288,North I,33.60653,73.1071,Non DG,Un Guarded
4421,Central III,30.43549,72.35532,DG,Guarded
7149,Central I,31.50544,74.38153,Non DG,Un Guarded
CI-1313,Central I,31.06266,74.47264,DG,Guarded
S-3086,South II,24.65797,69.28978,Non DG,Un Guarded
4203,Central II,30.95737,72.49285,Non DG,Un Guarded
N-5159,North II,33.98966,71.52757,Non DG,Un Guarded
7064,Central I,31.58819,74.29605,DG,Guarded
8226,North I,33.64498,73.17562,DG,Guarded
9450,South I,24.93117,67.09254,DG,Un Guarded
8503,North II,34.01783,71.61924,Non DG,Un Guarded
5561,Central II,30.9984,73.4996,Non DG,Un Guarded
5284,Central III,30.1731,72.76663,DG,Guarded
9498,South I,24.87884,67.1985,DG,Guarded
7115,Central I,31.50827,74.33714,DG,Guarded
4310,Central II,32.95996,71.54729,DG,Un Guarded
8104,North I,33.70017,73.00516,DG,Guarded
S-3025,South I,24.93499,67.04897,Non DG,Un Guarded
6617,North I,34.19523,73.22616,DG,Guarded
S-3048,South III,29.7891,66.8374,Non DG,Un Guarded
8289,North I,33.59496,73.10119,Non DG,Un Guarded
3683,Central I,31.83142,73.62051,DG,Un Guarded
8646,North II,34.03312,72.56259,Non DG,Un Guarded
S-3069,South III,29.5431,66.01428,Non DG,Guarded
3038,Central I,31.35987,74.14766,DG,Guarded
LHRBSC01,Central I,31.5177776,74.3486031,Non DG,Un Guarded
8842,North I,33.555,73.13493,DG,Guarded
2646,North I,32.66684,72.51521,DG,Guarded
N-4610,North II,32.59382,70.59782,Non DG,Un Guarded
N-5513,North II,34.02729,71.60588,Non DG,Un Guarded
3G-CI-1002,Central I,32.58203,74.0421,Non DG,Un Guarded
3320,Central I,32.1721,74.19576,DG,Un Guarded
MLTBSC02,Central III,30.223899,71.477845,Non DG,Un Guarded
4309,Central II,32.54055,71.92677,DG,Guarded
3G-N-2294,North II,34.01133,71.50632,Non DG,Un Guarded
1934,South II,28.18715,68.51938,DG,Guarded
8420,North II,33.51954,71.0488,Non DG,Un Guarded
SUKBSC01,South II,27.711604,68.853495,Non DG,Un Guarded
4325,Central II,31.69072,70.80028,DG,Guarded
LHRBSC02,Central I,31.5177776,74.3486031,Non DG,Un Guarded
7880,Central I,32.75063,74.27876,Non DG,Un Guarded
2011,North I,33.71221,73.06181,DG,Guarded
ISBBSC02,North I,33.662238,73.049358,Non DG,Un Guarded
CI-1007,Central I,32.17766,74.16849,Non DG,Un Guarded
1973,South III,30.695,68.67704,DG,Guarded
7307,Central I,31.50545,74.28543,Non DG,Un Guarded
ISBBSC01,North I,33.662238,73.049358,Non DG,Un Guarded
N-4399,North II,33.98865,71.60272,Non DG,Un Guarded
MLTBSC01,Central III,30.223899,71.477845,Non DG,Un Guarded
CI-1315,Central I,31.62837,74.28293,Non DG,Un Guarded
6462,South I,24.98614,67.09312,Non DG,Un Guarded
N-5704,North I,33.6713,72.9821,Non DG,Un Guarded
N-5984,North I,33.68291,73.2508,Non DG,Un Guarded
N-5699,North I,33.6387,73.21161,Non DG,Un Guarded
N-5735,North I,33.5993,73.12581,Non DG,Un Guarded
N-5702,North I,33.6263,73.12008,Non DG,Un Guarded
N-5765,North I,33.744743,72.739401,Non DG,Un Guarded
N-5951,North I,33.68295,72.80313,Non DG,Un Guarded
N-5696,North I,33.6592,73.15793,Non DG,Un Guarded
N-5651,North I,32.9251,72.83448,Non DG,Un Guarded
N-5780,North I,33.6233,72.986286,Non DG,Un Guarded
N-5763,North I,32.9179,72.866087,Non DG,Un Guarded
3603,Central I,32.57562,74.08357,DG,Guarded
N-3878,North I,33.623339,72.958592,,
HTTSBSC02,Central II,30.969813,72.477295,DG,Un Guarded
5399,Central II,31.9934,72.53909,DG,Un Guarded
S-7236,South II,28.18296,68.051445,Non DG,Un Guarded
2446,North I,33.96352,72.57333,DG,Un Guarded
3779,Central I,32.12503,74.31789,DG,Guarded
S-7233,South III,26.963144,64.072308,Non DG,Un Guarded
CII-2719,Central II,31.44183,73.10258,DG,Un Guarded
1736,South II,28.04935,69.43474,DG,Guarded
S-7235,South III,27.73839,64.79581,Non DG,Un Guarded
N-5730,North I,33.5941,73.0439,Non DG,Un Guarded
N-5412,North I,33.739,72.7228,Non DG,Un Guarded
N-5738,North I,33.6483,73.07169,Non DG,Un Guarded
N-5779,North I,33.5439,73.059821,Non DG,Un Guarded
N-5421,North I,33.4896,73.06624,Non DG,Un Guarded
CII-2810,Central II,31.6125,71.0829,Non DG,Un Guarded
CII-2811,Central II,31.5777,71.0519,Non DG,Un Guarded
CII-2812,Central II,31.6001,71.0971,Non DG,Un Guarded
N-5916,North II,33.83446,72.23299,Non DG,Un Guarded
N-4725,North II,33.66579,71.53865,DG,Guarded
5349,Central II,31.45374,71.15178,DG,Un Guarded
N-5424,North I,32.9676,73.6573,Non DG,Un Guarded
S-7239,South III,28.88791,64.42437,Non DG,Un Guarded
N-5427,North I,33.5072,73.2364,Non DG,Un Guarded
N-5418,North I,33.7298,73.2278,Non DG,Un Guarded
S-7240,South III,28.88872,64.4139,Non DG,Un Guarded
3G-S-2175,South I,24.98592,67.10334,Non DG,Un Guarded
S-7241,South III,28.89876,64.38528,Non DG,Un Guarded
S-7244,South III,29.73401,66.45614,Non DG,Un Guarded
2386,North II,34.72942,72.02076,Non DG,Un Guarded
S-7245,South III,29.81775,66.81953,Non DG,Un Guarded
N-5729,North I,33.5762,73.0262,Non DG,Un Guarded
N-5415,North I,32.8401,72.7785,Non DG,Un Guarded
N-5289,North I,33.7272,73.1707,Non DG,Un Guarded
N-5423,North I,32.9919,73.651498,Non DG,Un Guarded
N-4177,North II,32.62858,70.58298,Non DG,Un Guarded
S-7246,South III,30.000462,68.706553,Non DG,Un Guarded
N-4308,North II,34.031722,71.377891,Non DG,Un Guarded
N-4816,North II,32.7428,70.82564,Non DG,Un Guarded
S-7249,South III,30.21773,66.9911,Non DG,Un Guarded
N-4048,North I,33.6299,72.9788,Non DG,Un Guarded
N-5167,North I,33.7772,72.34538,Non DG,Un Guarded
6535,South II,25.36318,69.74496,DG,Guarded
2301,North II,33.605,71.4619722222222,DG,Guarded
N-4044,North I,34.3146,73.1951,Non DG,Un Guarded
S-7251,South III,30.244858,66.914718,Non DG,Un Guarded
N-5413,North I,32.95904,73.12475,Non DG,Un Guarded
N-4005,North I,34.0152,72.9412,Non DG,Un Guarded
N-5728,North I,33.6072,73.00628,Non DG,Un Guarded
N-4043,North I,33.5998,73.1433,Non DG,Un Guarded
N-4028,North I,33.4173,73.3832,Non DG,Un Guarded
CI-1689,Central I,32.19638,74.16631,Non DG,Un Guarded
NO-PSH-35-702,North II,34.010887,71.566267,DG,Un Guarded
S-7255,South III,30.73891,66.72401,Non DG,Un Guarded
9287,South I,24.89001,67.03613,DG,Guarded
1834,South III,28.579164,65.421339,DG,Guarded
N-5430,North I,33.4816,73.2055,Non DG,Un Guarded
S-7258,South III,30.9289,66.4759,Non DG,Un Guarded
N-5422,North I,33.7214,72.9833,Non DG,Un Guarded
4299,Central III,28.78246,70.38751,DG,Guarded
N-4027,North I,32.935,72.4184,Non DG,Un Guarded
N-5781,North I,33.5376,73.100966,Non DG,Un Guarded
CII-2822,Central III,29.8696,70.683195,Non DG,Un Guarded
CII-2818,Central III,29.9372,70.627044,Non DG,Un Guarded
N-5688,North I,33.6205,72.95004,Non DG,Un Guarded
N-4080,North I,33.571,72.999,Non DG,Un Guarded
S-7259,South III,25.14454,62.3283,Non DG,Un Guarded
N-5411,North I,34.1711,73.2439,Non DG,Un Guarded
CII-2807,Central III,30.0398,70.64118,Non DG,Un Guarded
CII-2834,Central III,29.01987,70.25315,Non DG,Un Guarded
N-4515,North II,34.16338,72.6462,DG,Un Guarded
N-4017,North I,34.3331,73.1778,Non DG,Un Guarded
S-7268,South III,30.376722,68.59344,Non DG,Un Guarded
N-4013,North I,33.63327,72.9191,Non DG,Guarded
9847,South I,24.9025,67.0605,Non DG,Un Guarded
N-5212,North II,34.035166,71.645188,Non DG,Un Guarded
CII-2830,Central III,29.524992,70.5125,Non DG,Un Guarded
N-5182,North II,32.99727,70.74697,Non DG,Un Guarded
CII-2825,Central III,29.604383,70.62255,Non DG,Un Guarded
2979,North II,34.4678,72.55791,Non DG,Un Guarded
N-5213,North II,34.213203,71.513771,Non DG,Un Guarded
N-4677,North II,33.72741,70.92268,DG,Guarded
N-4024,North I,32.9595,72.952,Non DG,Un Guarded
CII-2819,Central III,29.615943,70.52852,Non DG,Un Guarded
N-5224,North I,33.510912,73.359266,Non DG,Un Guarded
N-5666,North II,33.52749,71.3755,Non DG,Un Guarded
N-5665,North II,33.62272,71.2665,Non DG,Un Guarded
N-5724,North I,33.6138,73.06273,Non DG,Un Guarded
CII-2831,Central III,29.7712,70.52127,Non DG,Un Guarded
N-4076,North II,33.601,71.284,Non DG,Un Guarded
N-4084,North I,33.492,73.084,Non DG,Un Guarded
1512,South III,30.15475,67.01482,Non DG,Un Guarded
N-5226,North II,34.007425,71.445158,Non DG,Un Guarded
N-4086,North I,33.4826,73.10015,Non DG,Un Guarded
N-5229,North II,34.075192,71.529287,Non DG,Un Guarded
CII-2821,Central III,29.9602,70.69686,Non DG,Un Guarded
N-4098,North I,33.5386,73.0345,Non DG,Un Guarded
N-5269,North I,33.4524,73.24611,Non DG,Un Guarded
N-4087,North I,33.4787,73.08298,Non DG,Un Guarded
N-4041,North I,33.5912,72.9738,Non DG,Un Guarded
5278,Central II,30.5179,72.83599,Non DG,Un Guarded
CII-2816,Central III,29.8137,70.56567,Non DG,Un Guarded
N-5066,North II,32.92223,70.49593,Non DG,Un Guarded
N-5340,North I,33.635355,73.085088,Non DG,Un Guarded
N-5065,North II,32.94398,70.56574,Non DG,Un Guarded
N-4073,North II,34.0254,71.6216,Non DG,Un Guarded
N-5067,North II,32.98679,70.69558,Non DG,Guarded
N-5989,North II,32.87108,70.58203,Non DG,Un Guarded
9588,South I,24.86467,67.02359,Non DG,Un Guarded
N-5222,North I,32.992223,72.453421,Non DG,Un Guarded
9870,South III,25.38667,66.665516,DG,Guarded
N-4102,North I,33.54682,73.029,Non DG,Un Guarded
5550,Central II,30.57885,73.83159,Non DG,Un Guarded
N-4101,North I,33.4734,73.3011,Non DG,Un Guarded
N-5659,North II,32.81521,70.58421,Non DG,Un Guarded
6578,South I,24.83949,67.14575,Non DG,Un Guarded
N-5204,North I,32.973219,72.848665,Non DG,Un Guarded
S-7806,South III,30.514789,66.510455,Non DG,Un Guarded
N-4066,North I,33.568,73.1108,Non DG,Un Guarded
N-5207,North I,33.67405,72.906616,Non DG,Un Guarded
N-5203,North II,32.89629,70.65746,Non DG,Un Guarded
N-5992,North II,33.554402,71.728821,Non DG,Un Guarded
3194,Central I,31.5666,74.4205,Non DG,Un Guarded
N-5205,North II,33.336829,70.694412,Non DG,Un Guarded
2197,North II,34.00246,71.58155,Non DG,Un Guarded
N-5414,North I,32.88204,72.98141,Non DG,Un Guarded
N-5638,North II,34.00829,71.56891,Non DG,Un Guarded
N-5634,North II,34.002462,71.50385,Non DG,Un Guarded
N-5309,North II,32.95189,70.26855,Non DG,Un Guarded
9027,South I,24.8779,67.06876,Non DG,Guarded
N-4082,North I,33.55075,73.07919,Non DG,Un Guarded
1062,South I,24.948444444,67.081611111,DG,Guarded
N-4090,North I,32.71816,72.54687,Non DG,Un Guarded
N-5420,North I,33.6696,72.9721,Non DG,Un Guarded
S-7456,South III,25.2089,64.6368,DG,Un Guarded
N-5172,North I,33.7454,73.2177,Non DG,Un Guarded
N-4071,North II,33.969568,71.503933,Non DG,Un Guarded
N-4107,North II,34.0434,71.9925,DG,Un Guarded
8738,North I,33.14948,73.72555,DG,Guarded
N-5785,North II,33.51709,71.05316,Non DG,Un Guarded
N-5553,North II,33.07987,71.22983,DG,Guarded
CII-2817,Central III,29.935842,70.73324,Non DG,Un Guarded
CII-2836,Central III,29.95841,70.59931,Non DG,Un Guarded
8506,North II,33.99554,71.57807,Non DG,Un Guarded
N-5419,North I,33.643707,73.127187,Non DG,Un Guarded
N-5064,North I,33.5753,72.6418,Non DG,Un Guarded
5575,Central II,32.1589,72.59363,DG,Guarded
S-3179,South III,30.38999,68.57917,DG,Guarded
7004,Central I,31.56678,74.33518,Non DG,Un Guarded
N-4105,North II,33.465609,71.597225,Non DG,Un Guarded
N-5296,North I,33.5084,72.949,Non DG,Un Guarded
CII-2835,Central III,30.045928,70.575605,Non DG,Un Guarded
N-5291,North I,33.72993,73.19932,Non DG,Guarded
USBR06,South III,30.2045,68.1452,DG,Guarded
5088,Central III,31.10967,70.70203,Non DG,Un Guarded
N-4103,North I,33.6055,73.41551,Non DG,Un Guarded
CII-2827,Central III,29.67265,70.497208,Non DG,Un Guarded
N-4287,North II,33.49538,71.04511,Non DG,Un Guarded
N-4064,North I,33.56479,73.12702,Non DG,Un Guarded
N-4067,North I,33.58355,73.1213,Non DG,Un Guarded
N-4059,North I,33.6349,73.0348,Non DG,Un Guarded
N-5295,North I,33.18141,73.40577,Non DG,Un Guarded
N-4117,North II,32.87497,69.84635,Non DG,Un Guarded
S-7723,South II,28.492379,68.131629,DG,Guarded
N-4096,North I,33.111689,73.046394,Non DG,Un Guarded
S-7726,South II,28.212422,67.970473,DG,Guarded
S-7808,South III,30.39517,68.55234,Non DG,Un Guarded
S-7821,South III,29.38753,66.64347,Non DG,Un Guarded
S-7811,South III,30.39344,68.56804,Non DG,Un Guarded
N-4369,North I,32.93391,73.7368,Non DG,Un Guarded
N-4328,North II,34.116292,72.053529,Non DG,Un Guarded
2216,North I,32.9324,73.70756,Non DG,Un Guarded
7491,Central I,31.57949,74.31619,Non DG,Un Guarded
6234,South I,25.02497,66.87558,DG,Guarded
N-4470,North I,33.09796,72.04427,Non DG,Un Guarded
N-4361,North II,33.98444,71.57106,Non DG,Un Guarded
1424,South III,30.19362,67.01371,Non DG,Guarded
N-4371,North II,33.99912,71.63216,Non DG,Un Guarded
N-4093,North I,33.27285,73.32609,Non DG,Un Guarded
N-4112,North I,33.29999,72.02322,Non DG,Un Guarded
2957,North II,34.386489,71.803734,Non DG,Un Guarded
6174,South I,24.912613,67.1212,Non DG,Un Guarded
S-7556,South III,28.33533,67.39436,Non DG,Un Guarded
S-7720,South III,26.61371,63.81832,DG,Guarded
S-3366,South III,25.2697,63.3988,Non DG,Guarded
3G-S-4219,South I,24.80472,67.13047,Non DG,Un Guarded
N-4164,North I,33.5114,73.9073,Non DG,Un Guarded
N-4150,North I,33.5625,73.8457,Non DG,Un Guarded
N-4167,North I,33.5069,73.8844,Non DG,Un Guarded
N-4143,North I,33.35058,74.049213,Non DG,Un Guarded
N-4585,North I,33.09421,73.68917,Non DG,Un Guarded
N-4584,North I,33.85024,73.74479,Non DG,Un Guarded
N-4172,North I,33.5218,73.908,Non DG,Un Guarded
N-4181,North I,34.3695,73.4811,Non DG,Un Guarded
N-4557,North I,33.54178,73.86704,Non DG,Un Guarded
N-4179,North I,34.3333,73.4623,Non DG,Un Guarded
N-4583,North I,33.63666,73.70325,Non DG,Un Guarded
N-4152,North I,32.9715,74.0726,Non DG,Un Guarded
S-7580,South III,29.2256,67.65775,Non DG,Un Guarded
N-4556,North I,33.3866,74.005,Non DG,Un Guarded
7058,Central I,31.59673,74.35103,DG,Un Guarded
7019,Central I,31.49393,74.3873,Non DG,Un Guarded
3505,Central I,31.711472,74.00006,Non DG,Un Guarded
8758,North I,34.0719,73.53343,DG,Guarded
8859,North I,33.57283,73.11646,Non DG,Un Guarded
6672,North II,32.98135,70.62303,DG,Guarded
2725,North I,33.87292,73.46434,DG,Guarded
N-4912,North I,33.88479,73.36961,DG,Un Guarded
N-3024,North I,33.60096,73.00435,Non DG,Un Guarded
1933,South III,25.25066,66.73123,DG,Guarded
N-3015,North I,33.702,72.96756,Non DG,Un Guarded
N-3089,North I,33.24869,73.29464,Non DG,Un Guarded
CI-1113,Central I,31.38881,74.258001,Non DG,Un Guarded
N-3030,North I,33.629362,73.110432,Non DG,Un Guarded
N-3014,North I,32.8832,73.7478,Non DG,Un Guarded
N-3075,North I,33.5028,73.10022,Non DG,Un Guarded
N-3092,North II,34.8293,72.40214,Non DG,Un Guarded
N-3090,Central II,32.2634,70.24975,Non DG,Un Guarded
N-3081,North II,33.53181,71.53445,Non DG,Un Guarded
N-3005,North I,33.52569,73.05471,Non DG,Un Guarded
N-4975,North I,34.67751,72.99356,Non DG,Un Guarded
N-3095,North II,33.62664,71.1922,Non DG,Un Guarded
2618,North I,33.5616,73.13372,Non DG,Un Guarded
N-5705,North II,34.2258,71.5816,Non DG,Un Guarded
N-3085,North I,33.61743,73.17002,Non DG,Un Guarded
N-3093,North II,32.81436,71.03119,Non DG,Un Guarded
S-4267,South II,28.42939,69.58025,Non DG,Un Guarded
S-4266,South I,24.99061,67.10833,Non DG,Un Guarded
S-7148,South I,25.00611,67.12438,Non DG,Un Guarded
S-4263,South I,24.93081,67.01161,Non DG,Un Guarded
S-4262,South I,24.91518,66.99813,Non DG,Un Guarded
7132,Central I,31.57079,74.28176,DG,Guarded
5286,Central III,30.25759,72.93939,Non DG,Un Guarded
5237,Central III,30.07128,72.88531,Non DG,Un Guarded
2898,North II,35.99076,71.55952,DG,Guarded
7675,Central I,31.60155,74.05607,DG,Guarded
S-4220,South III,30.0313,66.91,Non DG,Un Guarded
S-4156,South III,30.3812,68.5971,Non DG,Un Guarded
S-4258,South III,26.98614,64.04862,Non DG,Un Guarded
S-4275,South II,25.04661,68.6665,Non DG,Un Guarded
6958,Central II,30.82438,73.37797,DG,Un Guarded
S-3180,South III,30.75189,68.27409,Non DG,Un Guarded
S-4151,South III,30.2806,66.9157,Non DG,Un Guarded
S-4154,South III,30.2701,66.9457,Non DG,Un Guarded
S-7948,South III,30.59731,67.04135,Non DG,Un Guarded
2517,North I,33.35016,72.58358,DG,Guarded
S-4227,South III,30.092099,66.961587,Non DG,Un Guarded
S-7159,South III,30.195887,67.014168,Non DG,Un Guarded
4736,Central II,31.78532,72.88562,DG,Guarded
3811,Central I,31.89586,73.26984,DG,Guarded
S-7964,South I,25.04213,66.8801,Non DG,Un Guarded
S-4168,South I,24.921,67.12148,Non DG,Un Guarded
S-4172,South I,24.87888,67.18337,Non DG,Un Guarded
S-7958,South III,30.18845,66.95298,Non DG,Un Guarded
S-7270,South III,30.17419,66.95797,Non DG,Un Guarded
S-4210,South III,30.14357,66.95049,Non DG,Un Guarded
S-7886,South I,24.904458,67.069967,Non DG,Un Guarded
S-4165,South I,24.91017,67.13276,Non DG,Un Guarded
S-4199,South III,30.2427,66.9845,Non DG,Un Guarded
S-4269,South II,24.70221,70.18381,Non DG,Un Guarded
S-7411,South I,24.9452,66.93393,Non DG,Un Guarded
S-4206,South III,30.25121,66.99616,Non DG,Un Guarded
S-4213,South III,30.1267,66.99389,Non DG,Un Guarded
S-7901,South I,24.93167,67.13997,Non DG,Un Guarded
S-4209,South III,30.16388,66.9499,Non DG,Un Guarded
S-4273,South I,24.86649,67.28497,Non DG,Un Guarded
S-4187,South I,24.955853,66.945529,Non DG,Un Guarded
2943,North II,33.98958,72.00174,DG,Guarded
S-4221,South III,29.9359,66.9459,Non DG,Un Guarded
1220,South II,27.953053,68.636661,DG,Guarded
9028,South I,24.88105,67.04229,Non DG,Un Guarded
6939,Central III,31.31584,70.98905,DG,Guarded
8291,North I,33.54375,73.01564,Non DG,Un Guarded
1246,South II,27.49895,68.7606,Non DG,Un Guarded
1901,South III,25.27083,63.47256,DG,Guarded
3293,Central I,31.444339,74.348259,Non DG,Un Guarded
6155,South I,24.93197,67.15774,Non DG,Un Guarded
4321,Central II,31.82497,70.90036,DG,Guarded
4174,Central III,29.69081,71.04039,DG,Guarded
4609,Central III,29.4009,71.67029,DG,Guarded
3768,Central I,32.47914,74.45252,DG,Un Guarded
3433,Central I,32.48268,74.55832,DG,Guarded
CI-1133,Central I,31.58738,74.42944,Non DG,Guarded
N-5599,Central II,33.01303,71.36683,DG,Guarded
5456,Central III,28.39374,70.3299,Non DG,Un Guarded
1570,South II,27.58936,68.00253,DG,Guarded
8748,North I,33.35828,74.026,DG,Guarded
6930,Central III,29.97542,71.66065,DG,Guarded
S-3230,South I,25.03077,66.88692,DG,Guarded
6257,South I,24.82513,67.06023,Non DG,Un Guarded
2345,North II,34.62028,71.98746,DG,Guarded
9533,South I,24.93317,66.96435,Non DG,Un Guarded
4302,Central II,32.58863,71.53234,DG,Un Guarded
8406,North I,33.7037,73.07625,DG,Guarded
4703,Central II,32.08554,72.6828,DG,Un Guarded
4988,Central III,30.071667,70.9615,Non DG,Un Guarded
7475,Central I,32.15856,74.18595,Non DG,Un Guarded
6247,South I,24.89408,67.0648,Non DG,Un Guarded
7911,Central I,32.73935,73.68904,DG,Guarded
1205,South II,27.68921,68.89024,DG,Guarded
S-3667,South III,28.20699,66.18372,DG,Guarded
9018,South I,24.86529,66.98967,DG,Un Guarded
2887,North II,33.90602,71.35603,DG,Guarded
S-3346,South I,24.8189,67.04398,Non DG,Un Guarded
9035,South I,24.85366,67.02193,Non DG,Un Guarded
S-3185,South II,25.35082,68.36225,Non DG,Un Guarded
7611,Central I,31.29965,74.0673,DG,Un Guarded
1944,South II,25.46253,68.27276,Non DG,Un Guarded
9025,South I,24.83736,67.26273,DG,Guarded
7211,Central I,31.4721,74.25369,DG,Guarded
2384,North II,34.22191,71.57031,Non DG,Un Guarded
9824,South II,25.39814,68.37972,DG,Guarded
CI-1668,Central I,31.7198,73.98335,Non DG,Un Guarded
9324,South I,24.8126,67.14111,DG,Guarded
3G-S-3085,South I,24.84971,66.99976,Non DG,Un Guarded
8071,North I,33.66909,73.04743,Non DG,Un Guarded
2050,North I,33.704,73.07165,DG,Un Guarded
1313,South II,25.40855,68.27828,Non DG,Un Guarded
4381,Central II,31.60765,71.07317,DG,Un Guarded
9170,South I,24.80329,67.06193,Non DG,Un Guarded
1447,South III,27.81397,66.63051,DG,Guarded
1574,South II,27.58142,67.99883,DG,Guarded
8051,North I,33.6506,73.0894,DG,Guarded
N-4574,North II,32.77535,70.83597,DG,Guarded
8319,North I,33.6124,73.0571,Non DG,Un Guarded
3350,Central I,32.38542,74.35748,DG,Guarded
PTCL Banda Daud Shah,North II,33.2789229,71.1686517,Non DG,Un Guarded
2870,North I,33.91097,72.48713,Non DG,Un Guarded
9864,South I,24.79387,67.14023,DG,Guarded
4114,Central III,30.19015,71.4946,DG,Guarded
7528,Central I,31.50678,74.35581,Non DG,Un Guarded
7677,Central I,31.45602,74.06188,DG,Guarded
4235,Central II,31.2768,72.31078,DG,Un Guarded
1713,South II,24.78826,68.96812,Non DG,Un Guarded
6549,South III,26.98056,64.13702,DG,Un Guarded
1440,South III,30.9225,66.44334,DG,Guarded
4105,Central III,30.21078,71.44782,DG,Guarded
N-4617,Central II,32.2781,70.5182,Non DG,Un Guarded
9092,South I,24.86719,67.07533,Non DG,Un Guarded
1701,South II,25.3078,69.04768,Non DG,Un Guarded
5068,Central III,30.27585,72.357077,Non DG,Un Guarded
N-4083,North II,33.96844,71.42634,Non DG,Guarded
S-3288,South I,24.90722,67.04512,Non DG,Un Guarded
7470,Central I,32.57471,74.08097,Non DG,Un Guarded
1643,Central III,28.6447,70.66129,DG,Un Guarded
5195,Central III,31.17606,71.20909,DG,Un Guarded
4273,Central II,30.70693,72.05495,Non DG,Guarded
S-3608,South III,30.01599,68.069,DG,Guarded
1648,South II,28.021215,69.544592,Non DG,Un Guarded
8806,North I,33.69834,72.97139,Non DG,Un Guarded
6283,South I,24.86361,67.0502,Non DG,Un Guarded
S-3166,South III,30.35593,66.95049,Non DG,Un Guarded
3G-CI-4138,Central I,31.4801,74.2428,Non DG,Un Guarded
9183,South I,24.81204,67.01348,Non DG,Un Guarded
4165,Central III,30.08114,71.25897,DG,Guarded
2042,North I,33.59,73.09627,DG,Guarded
1658,South III,30.20161,67.00171,Non DG,Un Guarded
CII-2814,Central III,30.0285,70.6861,Non DG,Un Guarded
CII-2808,Central III,30.0631,70.6367,Non DG,Un Guarded
3197,Central I,31.63383,74.30688,Non DG,Un Guarded
6268,South I,24.8432,67.2047,Non DG,Un Guarded
7789,Central I,32.38774,74.40309,Non DG,Un Guarded
8441,North I,33.71214,73.05762,Non DG,Un Guarded
9932,South II,25.66231,69.25073,DG,Guarded
7631,Central I,31.27807,74.29728,DG,Guarded
1024,South I,24.821388889,67.045888889,DG,Guarded
PTCL Tando Jan M,South II,25.07677,69.2112,Non DG,Un Guarded
4648,Central III,29.2937,70.4551,DG,Guarded
8054,North I,33.69027,73.07347,Non DG,Un Guarded
S-3182,South II,25.4,68.31891,DG,Un Guarded
5163,Central II,32.35737,71.82771,Non DG,Un Guarded
4848,Central III,29.50054,70.147,DG,Guarded
3136,Central I,31.40302,74.25902,Non DG,Un Guarded
9192,South I,24.92474,66.99379,Non DG,Un Guarded
5689,Central II,31.71146,72.98617,Non DG,Un Guarded
3253,Central I,31.45717,74.33552,Non DG,Un Guarded
7657,Central I,31.1761,74.2382,DG,Guarded
CI-1112,Central I,31.5264,74.28417,Non DG,Un Guarded
7922,Central I,32.71813,73.93733,DG,Un Guarded
3990,Central I,32.32556,73.7882,DG,Guarded
S-3841,South I,24.8809,67.07579,Non DG,Un Guarded
3951,Central I,32.13447,74.20193,Non DG,Un Guarded
4751,Central II,31.17051,73.12619,Non DG,Un Guarded
S-3573,South III,30.524378,69.355359,DG,Guarded
TEST_SITE,Central I,22.886187,113.887207,,
7884,Central I,32.73409,74.22682,DG,Guarded
N-4176,North II,32.56628,70.82515,Non DG,Un Guarded
8993,North I,33.1281,73.74692,DG,Un Guarded
7869,Central I,32.75159,74.38742,Non DG,Un Guarded
1037,South I,24.828388889,67.160888889,DG,Guarded
6127,South III,30.16851,67.01732,DG,Guarded
5053,Central III,30.23718,71.7292,DG,Guarded
4483,Central III,30.57893,71.076589,Non DG,Un Guarded
3257,Central I,31.58392,74.32602,Non DG,Un Guarded
N-4467,North II,34.0748,71.194,Non DG,Un Guarded
5654,Central III,30.11229,70.74979,DG,Guarded
8987,North I,36.30683,74.61434,DG,Un Guarded
CII-2599,Central II,31.52436,73.2352,Non DG,Un Guarded
4906,Central III,30.96436,71.09327,DG,Guarded
S-3406,South II,27.55388,68.22224,Non DG,Un Guarded
CII-2561,Central III,30.0186,70.62502,DG,Un Guarded
N-4697,North II,34.90322,72.64233,DG,Guarded
S-3001,South I,24.79767,67.04859,Non DG,Un Guarded
N-4819,North II,34.45861,72.40221,DG,Guarded
4137,Central III,30.20714,71.43404,DG,Guarded
CII-2301,Central II,30.67578,73.11116,Non DG,Guarded
9165,South I,24.8476,67.00016,Non DG,Guarded
1605,South II,26.2455,68.417,Non DG,Un Guarded
N-4193,North II,34.29165,71.94085,Non DG,Un Guarded
6632,North I,33.76834,72.36003,Non DG,Un Guarded
S-3742,South III,28.15473,67.17869,DG,Guarded
2591,North I,33.29195,71.91905,DG,Un Guarded
2705,North I,34.20948,73.23575,DG,Un Guarded
3478,Central I,32.38931,74.23561,DG,Guarded
S-3793,South III,29.23075,64.25644,DG,Guarded
9078,South I,24.80032,67.0457,Non DG,Guarded
7962,Central I,31.48768,74.38543,Non DG,Un Guarded
N-4291,North II,33.438503,70.909878,DG,Un Guarded
2028,North I,33.67359,73.01245,DG,Guarded
2687,North I,33.50969,72.18276,DG,Un Guarded
7797,Central I,32.3843,74.39118,DG,Guarded
HDIKBSC03,Central II,31.821,70.91,DG,Un Guarded
6254,South I,24.84829,67.0798,Non DG,Un Guarded
2795,North I,34.69977094,73.6149369,DG,Un Guarded
CI-1661,Central I,31.52991,74.3936,Non DG,Un Guarded
2546,North I,33.57497,73.28398,DG,Guarded
CII-2150,Central III,29.75918,72.78792,Non DG,Un Guarded
9586,South I,24.81006,67.04307,Non DG,Un Guarded
9209,South I,24.9697,66.97524,DG,Guarded
9656,South I,24.844907,66.99699,Non DG,Un Guarded
4943,Central III,28.96581,70.73797,DG,Guarded
1401,South III,30.21042,67.04103,DG,Guarded
3404,Central I,32.51747,74.55897,DG,Guarded
HDGKBSC02,Central III,30.04882,70.630909,DG,Un Guarded
N-4728,North II,33.95981,71.66616,DG,Guarded
CI-1616,Central I,31.4955,74.39278,Non DG,Un Guarded
3892,Central I,32.12232,74.07272,DG,Guarded
N-4782,North II,33.12064,71.3184,DG,Guarded
7688,Central I,31.316978,73.778706,Non DG,Un Guarded
6498,South I,24.87479,67.05854,Non DG,Un Guarded
PSHRNC02,North II,34.012063,71.566812,DG,Guarded
7422,Central I,31.53266,74.35008,Non DG,Un Guarded
2367,North II,34.46057,71.91,DG,Guarded
8997,North I,35.42177,75.73053,DG,Un Guarded
S-7183,South III,25.47113,65.20656,Non DG,Un Guarded
2310,North II,33.55634,71.43768,DG,Guarded
9295,South I,24.87398,67.07376,Non DG,Un Guarded
S-7197,South III,25.43571,63.63335,Non DG,Un Guarded
S-3685,South III,26.7384,66.2842,DG,Guarded
2104,North II,34.01027,71.58647,DG,Guarded
1119,South II,25.39971,68.37473,DG,Un Guarded
N-4802,North II,34.01414,71.76164,Non DG,Un Guarded
N-4168,North II,33.474151,71.556158,DG,Guarded
N-4046,North I,33.62109,73.01239,Non DG,Un Guarded
CI-1703,Central I,31.45513,74.37391,Non DG,Guarded
2448,North II,33.99729,72.28755,DG,Guarded
2066,North I,33.535393,73.093188,Non DG,Un Guarded
5413,Central II,32.2188,72.24661,Non DG,Un Guarded
6869,Central III,30.19011,71.47232,Non DG,Un Guarded
S-3814,South I,24.9428,67.07655,Non DG,Un Guarded
S-7512,South III,29.19679,69.35886,DG,Guarded
N-4011,North II,33.60159,71.23112,DG,Un Guarded
8792,North I,33.37733,73.9405,DG,Guarded
5319,Central III,29.3699,71.66729,Non DG,Un Guarded
1425,South III,30.23982,67.10867,DG,Guarded
4889,Central III,29.6423,70.59041,DG,Guarded
6982,South III,30.17507,66.98943,Non DG,Guarded
N-4485,North I,33.621038,72.87582,Non DG,Un Guarded
5266,Central II,30.76794,73.13743,DG,Guarded
6724,North I,33.36393,73.23422,DG,Guarded
2946,North II,33.99547,71.90398,Non DG,Un Guarded
N-4252,North II,34.24848,72.34752,Non DG,Un Guarded
S-3663,South III,28.18035,66.34338,DG,Guarded
7297,Central I,31.48216,74.3183,Non DG,Un Guarded
5275,Central III,30.0881,72.47325,Non DG,Un Guarded
CI-1704,Central I,31.55425,74.39153,Non DG,Un Guarded
8519,North II,34.8236,71.68259,Non DG,Un Guarded
2468,North II,33.68446,71.52358,DG,Guarded
7121,Central I,31.4084,74.25939,DG,Guarded
7109,Central I,31.49501,74.3123,Non DG,Un Guarded
1441,South III,30.92091,66.46155,DG,Guarded
N-5558,North II,33.13877,71.43811,DG,Guarded
4479,Central III,29.56007,70.38161,DG,Guarded
3695,Central I,32.4275,74.11629,DG,Guarded
6371,South I,24.99062,67.0785,Non DG,Un Guarded
1391,South III,30.2414,66.9976,DG,Guarded
S-3041,South II,28.31887,69.17407,Non DG,Un Guarded
S-7773,South II,28.20481,69.10326,Non DG,Un Guarded
S-3393,South II,25.3836,68.3164,Non DG,Un Guarded
S-7769,South II,28.24783,69.11424,Non DG,Un Guarded
S-3089,South II,27.53582,68.18547,Non DG,Un Guarded
8172,North I,33.64036,73.06306,Non DG,Un Guarded
2075,North I,33.71612,73.06976,DG,Un Guarded
4925,Central III,30.5865,70.6865,DG,Guarded
8502,North II,33.97318,71.60963,DG,Guarded
7279,Central I,31.56441,74.30833,Non DG,Un Guarded
1694,South II,28.320496,69.794171,DG,Guarded
8938,North I,34.02968,73.67767,DG,Guarded
N-4827,North I,33.14522,73.72503,Non DG,Un Guarded
3G-CI-4134,Central I,31.5587,74.3842,Non DG,Un Guarded
3G-CI-4870,Central I,31.53608,74.33249,Non DG,Un Guarded
N-4762,North II,33.8594,71.481583,DG,Guarded
N-5447,North II,33.9379,71.6526,DG,Un Guarded
2005,North I,33.64397,73.06977,DG,Un Guarded
1311,South I,24.85185,67.08317,Non DG,Un Guarded
N-5886,North II,33.95315,71.55825,Non DG,Un Guarded
N-4796,North II,33.563,71.439,DG,Un Guarded
9085,South I,24.80408,67.02986,DG,Un Guarded
9203,South I,24.90902,67.07112,Non DG,Guarded
WH.DG Khan,Central III,30.0337363,70.6449306,Non DG,Un Guarded
WH.Narowal,Central I,32.092368,74.86386,Non DG,Un Guarded
N-4401,North II,33.97974,71.54927,DG,Un Guarded
9351,South I,24.90308,67.10762,DG,Un Guarded
WH.Patoki,Central I,31.0041,73.50113,Non DG,Un Guarded
WH.Sibbi,South III,29.3311,67.534,Non DG,Un Guarded
8002,North I,33.57993,73.02316,DG,Un Guarded
WH.Sukkur,South II,27.718869,68.829434,Non DG,Un Guarded
CII-2230,Central III,29.15497,71.26081,Non DG,Un Guarded
4573,Central III,30.15753,72.69785,Non DG,Un Guarded
3577,Central I,30.9864,73.9347,Non DG,Guarded
4230,Central II,31.52214,72.34023,DG,Guarded
8545,North II,33.00581,71.08562,Non DG,Un Guarded
5567,Central III,28.96126,70.36297,Non DG,Un Guarded
3904,Central I,32.10231,74.16521,DG,Guarded
5455,Central III,28.32246,70.46277,Non DG,Un Guarded
4060,Central II,31.43253,73.14155,DG,Guarded
5328,Central II,30.75726,72.77604,DG,Guarded
8261,North I,33.74173,73.18802,Non DG,Un Guarded
S-3529,South III,30.1061,69.66117,DG,Guarded
PTCL Munda,North II,34.829107,71.680111,Non DG,Un Guarded
S-7674,South III,25.93326,62.71661,DG,Guarded
S-7783,South III,29.04819,66.5821,Non DG,Un Guarded
S-7781,South III,29.02368,66.59236,Non DG,Un Guarded
9383,South I,24.84132,67.19112,Non DG,Un Guarded
S-3112,South II,26.09727,68.86088,Non DG,Un Guarded
S-3219,South III,29.81448,66.86269,Non DG,Un Guarded
1324,South II,25.51513,69.76865,DG,Guarded
S-3055,South II,28.3827,68.35891,Non DG,Un Guarded
3226,Central I,31.58003,74.31259,Non DG,Un Guarded
7667,Central I,30.97053,73.89141,DG,Guarded
7206,Central I,31.53078,74.29667,DG,Guarded
1844,South III,30.20315,67.70248,DG,Guarded
3829,Central I,31.16174,74.4248,DG,Un Guarded
4712,Central II,32.07314,72.69884,DG,Guarded
8529,North II,34.13533,71.7478,DG,Guarded
1612,South III,30.1644,66.975,DG,Guarded
8244,North I,33.63559,73.07484,Non DG,Un Guarded
2480,North II,33.45816,70.87857,DG,Guarded
1232,South II,28.27209,68.44589,DG,Guarded
7696,Central I,31.71176,73.9741,DG,Un Guarded
3295,Central I,31.58117,74.37619,Non DG,Un Guarded
2980,North II,34.598296,72.451833,Non DG,Un Guarded
1411,South III,30.258583333,66.959333333,DG,Guarded
7466,Central I,31.55197,74.33865,Non DG,Un Guarded
2202,North I,32.9378611111111,73.7355,DG,Guarded
4603,Central III,29.38894,71.70005,DG,Guarded
9942,South II,26.06047,68.3269,DG,Un Guarded
S-3768,South III,29.02255,65.33828,DG,Guarded
3724,Central I,31.44198,74.34376,Non DG,Un Guarded
1675,South II,27.28555,68.508,DG,Guarded
1290,South II,26.72783,67.77681,DG,Guarded
CI-1043,Central I,32.09541,74.82175,DG,Un Guarded
3G-CI-4143,Central I,31.4748,74.2343,Non DG,Un Guarded
1095,South I,24.866638889,66.917472222,Non DG,Un Guarded
1816,South III,29.35158,66.63942,DG,Guarded
9988,South III,26.04333,63.373617,DG,Guarded
4938,Central III,30.159861,73.734556,Non DG,Un Guarded
8237,North I,33.51917,73.04692,DG,Guarded
S-3200,South II,25.53972,69.02256,Non DG,Guarded
4042,Central II,31.42424,73.04041,DG,Un Guarded
UKSR10,South III,31.10109,68.04476,DG,Guarded
CII-2269,Central III,30.03995,70.62453,Non DG,Un Guarded
CII-2465,Central III,30.07372,71.16626,Non DG,Un Guarded
CII-2377,Central III,30.945614,70.93856,Non DG,Un Guarded
CII-2110,Central III,30.06101,70.66147,Non DG,Un Guarded
CII-2454,Central III,30.32032,71.92089,Non DG,Un Guarded
CII-2447,Central III,29.54863,71.65042,Non DG,Un Guarded
CII-2395,Central II,30.87749,72.887,Non DG,Un Guarded
CI-1272,Central I,32.30978,74.14713,Non DG,Un Guarded
CII-2397,Central II,31.37473,72.95742,Non DG,Un Guarded
CI-1248,Central I,32.71546,73.90349,Non DG,Un Guarded
CII-2407,Central III,29.87651,71.31097,Non DG,Un Guarded
CII-2399,Central II,32.33186,71.3915,Non DG,Un Guarded
CI-1271,Central I,31.41805,74.20769,Non DG,Un Guarded
CI-1253,Central I,32.71256,73.68213,Non DG,Un Guarded
8760,North I,33.89834,73.71356,Non DG,Un Guarded
CII-2398,Central II,30.975397,72.87126,Non DG,Un Guarded
7076,Central I,31.55409,74.32599,Non DG,Un Guarded
CII-2400,Central III,30.40161,71.8607,Non DG,Un Guarded
N-5635,North I,33.56702,73.11743,Non DG,Un Guarded
N-3417,North II,34.18257,71.43314,Non DG,Un Guarded
N-3595,North I,34.416987,73.26191,Non DG,Un Guarded
N-3303,North II,33.316975,70.611511,Non DG,Un Guarded
N-3503,North II,33.496352,71.461591,Non DG,Un Guarded
7249,Central I,31.53363,74.36069,Non DG,Un Guarded
N-3153,North I,33.44539,73.17101,Non DG,Un Guarded
N-3123,North II,32.90269,70.61363,Non DG,Un Guarded
N-3147,North II,32.87727,70.61777,Non DG,Un Guarded
N-3700,North I,34.435693,73.162602,Non DG,Un Guarded
N-5286,North I,33.61137,73.04907,Non DG,Un Guarded
N-3387,North II,33.7101,71.63232,Non DG,Un Guarded
N-3463,North II,32.99675,70.61615,Non DG,Un Guarded
N-3579,North II,34.36492,72.0589,Non DG,Un Guarded
2024,North I,33.58925,73.07246,DG,Guarded
N-3166,North II,33.56086,71.4884,Non DG,Un Guarded
9733,South II,27.21449,68.41183,DG,Un Guarded
8676,North II,34.02411,71.6017,Non DG,Un Guarded
N-3529,North II,34.107289,72.647856,Non DG,Un Guarded
N-3459,North II,32.97515,70.61763,Non DG,Un Guarded
N-3228,North II,32.79941,70.7175,Non DG,Un Guarded
N-3676,North II,33.83522,70.03712,Non DG,Un Guarded
N-3329,North II,32.72155,70.84279,Non DG,Un Guarded
N-3321,North II,32.93749,70.66399,Non DG,Un Guarded
N-3628,North II,33.99338,71.81241,Non DG,Un Guarded
N-3465,North II,33.00372,70.57678,Non DG,Un Guarded
N-3687,North II,34.26312,72.05419,Non DG,Un Guarded
N-3468,North II,32.967915,70.608641,Non DG,Un Guarded
N-3461,North II,32.98452,70.61555,Non DG,Un Guarded
N-3485,North II,33.50052,71.04177,Non DG,Un Guarded
N-3382,North II,33.834802,71.496235,DG,Guarded
N-3322,North II,32.814247,70.740487,Non DG,Un Guarded
N-3674,North II,33.90493,69.95122,Non DG,Un Guarded
N-3482,North II,33.53787,71.06457,Non DG,Un Guarded
N-3673,North II,33.84464,69.98719,Non DG,Un Guarded
N-3460,North II,32.977376,70.631316,Non DG,Un Guarded
N-3194,North II,33.86174,71.72032,Non DG,Un Guarded
N-3326,North II,33.473359,70.728773,Non DG,Un Guarded
N-3486,North II,33.52246,71.06525,Non DG,Un Guarded
N-3349,North II,33.468628,70.992444,Non DG,Un Guarded
S-4173,South I,24.922215,67.141979,Non DG,Un Guarded
CI-1644,Central I,31.50457,74.2667,Non DG,Un Guarded
N-3568,North II,34.027906,72.532461,Non DG,Un Guarded
N-3361,North II,34.005,72.008,Non DG,Un Guarded
N-3470,North II,33.00711,70.6451,Non DG,Un Guarded
S-4462,South I,24.87743,67.14284,Non DG,Un Guarded
S-4280,South I,24.950485,67.06808,Non DG,Un Guarded
3498,Central I,32.19917,74.65027,DG,Guarded
S-4475,South I,24.789832,67.138142,Non DG,Un Guarded
S-4760,South II,27.7312,68.8218,Non DG,Un Guarded
S-4794,South II,28.36997,68.36275,Non DG,Un Guarded
S-4690,South III,30.222974,66.997752,Non DG,Un Guarded
S-4612,South II,28.290063,68.424308,Non DG,Un Guarded
S-4431,South II,25.5098,69.02016,Non DG,Un Guarded
S-4751,South III,29.70776,66.80701,Non DG,Un Guarded
S-4659,South III,30.16515,66.98405,Non DG,Un Guarded
S-4320,South I,25.028702,66.90754,Non DG,Un Guarded
S-4333,South I,25.025557,66.8966,Non DG,Un Guarded
S-4552,South I,25.040534,66.88804,Non DG,Un Guarded
S-4768,South III,30.62045,67.35875,Non DG,Un Guarded
S-4406,South I,25.05017,66.91231,Non DG,Un Guarded
S-4746,South III,26.20805,66.3752,Non DG,Un Guarded
S-4657,South III,30.116331,66.968423,Non DG,Un Guarded
N-4281,North II,34.00474,72.12783,Non DG,Un Guarded
CII-2054,Central II,31.40663,70.48501,Non DG,Un Guarded
N-4940,North I,33.686641,72.817254,Non DG,Un Guarded
6108,South II,25.38877,68.37235,Non DG,Un Guarded
1790,South II,24.25051,68.09512,DG,Guarded
N-3585,North II,34.376151,72.082709,Non DG,Un Guarded
1744,South II,25.025693,68.014283,DG,Un Guarded
CII-2195,Central III,30.31656,70.6809,Non DG,Un Guarded
N-3394,North II,34.203347,71.487477,Non DG,Un Guarded
N-3048,North II,33.53975,71.45168,Non DG,Un Guarded
S-3604,South III,30.13255,67.94728,DG,Guarded
1428,South III,30.16392,66.98718,DG,Guarded
3G-CII-3547,Central II,31.80997,70.89393,Non DG,Un Guarded
8585,North II,32.90493,70.5996,DG,Guarded
8150,North I,33.70939,73.24513,DG,Guarded
5730,Central III,30.21712,71.43629,Non DG,Un Guarded
5395,Central II,31.78019,72.59959,DG,Guarded
CII-2271,Central II,31.27268,72.31217,Non DG,Un Guarded
N-4597,North II,34.09696,71.84856,DG,Guarded
6097,South I,24.89764,67.18602,Non DG,Un Guarded
CI-1667,Central I,31.71428,73.99604,Non DG,Guarded
5056,Central III,30.5899,71.96751,DG,Guarded
CII-2415,Central II,31.81064,70.91525,Non DG,Un Guarded
8678,North II,33.98785,71.49538,Non DG,Un Guarded
CII-2232,Central II,31.832,70.898,Non DG,Un Guarded
4449,Central II,30.84387,71.84288,DG,Guarded
6220,South I,24.92542,67.15038,DG,Guarded
6988,Central III,29.48134,70.86629,DG,Guarded
S-4071,South III,25.93776,62.83024,Non DG,Guarded
4504,Central II,30.81166,73.44907,DG,Guarded
CI-1564,Central I,31.52861,74.43873,Non DG,Un Guarded
PTCL Mandian Exchange,North I,34.201277,73.23098,Non DG,Un Guarded
S-4070,South III,25.86693,62.72872,DG,Guarded
PTCL Mankera,Central II,31.392308,71.429381,Non DG,Un Guarded
PTCL Abbotabad Cant Exchange,North I,34.14034,73.21245,Non DG,Un Guarded
3707,Central I,32.7447,74.072286,Non DG,Un Guarded
S-4091,South III,27.7328,66.72008,Non DG,Guarded
PTCL Chak Jumra,Central II,31.569419,73.184792,Non DG,Un Guarded
PTCL Havelian Exchange,North I,34.0544084,73.154187,Non DG,Un Guarded
1446,South III,30.91173,66.42726,Non DG,Un Guarded
PTCL Mohri batman Exchnge,North I,34.006518,73.262345,Non DG,Un Guarded
PTCL chanab nagar,Central II,31.757292,72.916321,Non DG,Un Guarded
6221,South I,24.92836,67.14171,Non DG,Un Guarded
S-3153,South I,24.95843,67.14809,Non DG,Guarded
3G-CII-3375,Central III,28.41532,70.32594,Non DG,Un Guarded
PTCL chiniot,Central II,31.7208,72.98693,Non DG,Un Guarded
7224,Central I,31.60535,74.30397,DG,Guarded
S-4597,South III,29.56692437,66.01188342,Non DG,Un Guarded
PTCL Baganotar Exchange,North I,34.1181521,73.3357921,Non DG,Un Guarded
8446,North II,32.99972,70.57022,DG,Guarded
PTCL Harno Exchange,North I,34.1492205,73.308415,Non DG,Un Guarded
3809,Central I,32.13385,73.06033,DG,Guarded
1097,South I,24.816805556,67.010083333,Non DG,Guarded
PTCL Qalandar Abad Exchange,North I,34.2691689,73.2239525,Non DG,Un Guarded
2583,North I,33.06849,72.79189,DG,Guarded
6855,Central II,30.66476,73.11011,Non DG,Un Guarded
PTCL Summandri,Central II,31.060797,72.96146,Non DG,Un Guarded
PTCL Lawrance Pur Exchange,North I,33.83106,72.50687,Non DG,Un Guarded
3177,Central I,31.59123,74.35869,Non DG,Un Guarded
PTCL Bisal Exchange,North I,33.552577,72.242512,Non DG,Un Guarded
PTCL Khurrian wala,Central II,31.498606,73.272906,Non DG,Un Guarded
4981,Central III,30.06185,70.69074,DG,Guarded
PTCL Fateh Ghng,North I,33.56571,72.64248,Non DG,Un Guarded
PTCL Chab,North I,33.23406,71.88359,Non DG,Un Guarded
MLTRNC03,Central III,30.2239579,71.477732,Non DG,Un Guarded
PTCL Bahawana,Central II,31.57331,72.653214,Non DG,Un Guarded
PTCL Kundian,Central II,32.443429,71.471044,Non DG,Un Guarded
PTCL Dhodyal Exchange,North I,33.0636292,72.9686916,Non DG,Un Guarded
UCHR15,South III,28.755038,63.679384,DG,Guarded
PTCL Mianwali,Central II,32.585984,71.541171,Non DG,Un Guarded
PTCL harnoli,Central II,32.287633,71.551808,Non DG,Un Guarded
9652,South I,24.837341,67.060165,Non DG,Un Guarded
PTCL Chakwal Exchange,North I,32.9343494,72.8578405,Non DG,Un Guarded
PTCL  Okara cantt,Central II,30.754603,73.346319,Non DG,Un Guarded
PTCL Talagang Exchange,North I,32.932587,72.414043,Non DG,Un Guarded
N-4826,North I,33.03304,73.79429,Non DG,Un Guarded
PTCL Pakpattan,Central II,30.352632,73.391773,Non DG,Un Guarded
N-4476,North I,33.52976,73.96385,DG,Guarded
5079,Central III,29.24792,70.47652,DG,Guarded
1465,South III,29.54199,67.8721,Non DG,Un Guarded
PTCL Chitral Exchange,North I,35.84918,71.78366,Non DG,Un Guarded
PTCL kameer,Central II,30.43603,73.03921,Non DG,Un Guarded
PTCL Margalla Exchange,North I,33.68007,73.11555,Non DG,Un Guarded
5716,Central II,31.30347,72.33128,Non DG,Un Guarded
PTCL Shah pur saddar,Central II,32.27497,72.477139,Non DG,Un Guarded
8574,North II,32.86843,70.66797,DG,Guarded
PTCL Tarnol Echange,North I,33.638391,72.894976,Non DG,Un Guarded
PTCL bhalwal,Central II,32.272553,72.900429,Non DG,Un Guarded
2332,North II,32.75782,70.78067,DG,Guarded
PTCL surikki,Central II,32.50534,72.14218,Non DG,Un Guarded
7232,Central I,31.4554,74.2107,DG,Un Guarded
PTCL Batgram Exchange,North I,34.67608,73.00909,Non DG,Un Guarded
CII-2296,Central III,28.43372,70.31225,DG,Un Guarded
PTCL khurra,Central II,32.53865,72.22275,Non DG,Un Guarded
PTCL lassan nawab Exchnage,North I,34.325021,73.058485,Non DG,Un Guarded
PTCL pherna Exchange,North I,34.335729,73.119442,Non DG,Un Guarded
7746,Central I,31.39186,74.32706,Non DG,Un Guarded
PTCL Basham Exchange,North I,34.9141581186063,72.8697836221318,Non DG,Un Guarded
PTCL Mansehra Exchange,North I,34.336111,73.20363,Non DG,Un Guarded
1224,South II,27.95594,68.64353,DG,Guarded
9874,South I,24.30124,67.60548,DG,Guarded
2147,North II,34.01577,71.60256,DG,Guarded
3107,Central I,31.63589,74.27891,Non DG,Un Guarded
8209,North I,33.65103,73.0633,Non DG,Un Guarded
5322,Central III,29.39527,71.68695,Non DG,Un Guarded
PTCL Bahria Town Exchange,North I,33.55204,73.12336,Non DG,Un Guarded
PTCL Matoor Exchange,North I,33.51682,73.45732,Non DG,Un Guarded
6779,South II,25.39339,68.33815,DG,Un Guarded
3233,Central I,31.56429,74.3212,Non DG,Un Guarded
PTCL Lehri Exhange,North I,33.54265,73.53568,Non DG,Un Guarded
N-4701,North I,32.95095,72.89231,Non DG,Guarded
6006,South I,24.87022,66.98263,Non DG,Un Guarded
PTCL Kalar Sydan Exchange,North I,33.41318,73.37761,Non DG,Un Guarded
1538,South II,28.28429,68.4419,Non DG,Un Guarded
8674,North II,34.01801,71.6119,Non DG,Un Guarded
PTCL Chak Belly Khan Exchange,North I,33.2276297,72.9119122,Non DG,Un Guarded
PTCL Mandra Exchange,North I,33.376204,73.251572,Non DG,Un Guarded
DTE Attock,North I,33.7739,72.36066,Non DG,Un Guarded
DTE Taxila,North I,33.74071,72.79198,Non DG,Un Guarded
4064,Central II,31.41423,73.10021,DG,Guarded
2162,North II,33.92303,71.80861,DG,Guarded
N-4019,North II,33.11785,71.11442,Non DG,Un Guarded
CI-1494,Central I,32.15745,74.18302,Non DG,Un Guarded
N-4798,North II,34.48371,71.82233,Non DG,Un Guarded
9197,South I,24.95302,67.14743,DG,Guarded
S-7349,South III,30.15735,68.58245,Non DG,Un Guarded
5964,Central II,31.3787,73.06884,Non DG,Un Guarded
6464,South I,24.85275,67.27448,DG,Guarded
2706,North I,34.17935,73.22855,DG,Guarded
6325,South I,24.93519,67.15491,Non DG,Un Guarded
2073,North I,33.61916,73.05589,DG,Un Guarded
5638,Central III,29.54953,70.12636,Non DG,Un Guarded
8109,North I,33.7148,73.09538,DG,Guarded
9334,South I,24.8483,67.11659,DG,Guarded
1299,South II,27.05659,68.21086,Non DG,Un Guarded
2051,North I,33.69017,72.97452,DG,Un Guarded
6760,South I,24.91079,66.98614,Non DG,Un Guarded
9840,South I,24.918657,67.019835,Non DG,Un Guarded
3098,Central I,31.56527,74.3045,DG,Un Guarded
8097,North I,33.54065,73.17701,DG,Guarded
2667,North I,33.75694,72.36061,Non DG,Un Guarded
8572,North II,33.02238,70.61135,DG,Guarded
2617,North I,32.71898,72.74527,Non DG,Un Guarded
4418,Central III,30.42521,72.69755,Non DG,Un Guarded
8553,North II,33.22189,71.49988,DG,Guarded
8236,North I,33.71996,73.17036,Non DG,Un Guarded
S-3655,South III,28.3142,65.9946,DG,Guarded
3429,Central I,32.47959,74.51784,DG,Un Guarded
8591,North II,32.69167,70.78376,DG,Guarded
5239,Central III,30.3394,72.70029,DG,Guarded
6484,South I,24.81237,67.06823,Non DG,Un Guarded
1902,South III,25.07008,61.76672,DG,Guarded
4360,Central II,32.29292,72.34963,DG,Un Guarded
8634,North II,34.45076,72.05472,Non DG,Un Guarded
8120,North I,33.72808,73.14554,Non DG,Un Guarded
1486,South III,25.046397,61.748307,DG,Guarded
8074,North I,33.56319,73.10617,DG,Guarded
2126,North II,34.00842,71.52047,DG,Guarded
7458,Central I,31.55197,74.33865,Non DG,Un Guarded
1784,South II,24.35958,68.26682,DG,Un Guarded
2816,North I,33.7665,72.7529,DG,Guarded
4323,Central II,31.84011,70.90922,DG,Guarded
8899,North I,32.86942,74.24629,DG,Guarded
2379,North II,34.2402,71.72456,DG,Guarded
6530,South II,28.2771,68.44884,DG,Guarded
2824,North I,33.7631,72.76998,Non DG,Un Guarded
8522,North II,34.01284,71.52273,Non DG,Guarded
1740,South II,24.49551,68.79129,DG,Guarded
3678,Central I,32.68842,73.76012,DG,Guarded
CI-1581,Central I,31.45802,74.39435,Non DG,Un Guarded
8280,North I,33.64037,73.16672,Non DG,Un Guarded
4505,Central II,30.84112,73.52026,DG,Guarded
9432,South I,24.86452,66.99991,Non DG,Un Guarded
3100,Central I,31.58915,74.39551,Non DG,Un Guarded
WH.S3.Gawadar,South III,25.137519,62.324096,Non DG,Un Guarded
9418,South I,24.86037,67.00597,DG,Guarded
9489,South I,24.8731,66.99097,DG,Guarded
N-3374,North II,34.02526,71.97653,Non DG,Un Guarded
S-4561,South I,24.96381,67.04384,Non DG,Un Guarded
S-4600,South II,27.53079,68.76441,Non DG,Un Guarded
N-3185,North II,33.48149,71.61776,Non DG,Un Guarded
CII-2268,Central III,29.62511,70.58395,DG,Un Guarded
1824,South III,27.34517,66.36684,DG,Guarded
S-4604,South II,27.56417,68.20486,Non DG,Un Guarded
7865,Central I,32.66888,74.08249,Non DG,Un Guarded
9270,South I,24.91644,67.04083,Non DG,Un Guarded
S-7014,South II,27.832295,67.919658,Non DG,Un Guarded
1547,South II,27.57889,68.12062,DG,Guarded
5774,Central II,32.57124,71.52921,DG,Un Guarded
CII-2429,Central III,29.70149,72.8285,Non DG,Un Guarded
3993,Central I,32.1953,73.26605,DG,Guarded
4968,Central III,30.0591,70.62699,DG,Guarded
S-3896,South III,25.2291,67.0343,DG,Guarded
7193,Central I,31.52485,74.33543,Non DG,Un Guarded
1631,South II,28.0024,69.31746,Non DG,Guarded
9823,South II,25.41802,68.37506,DG,Guarded
8849,North I,33.52753,73.12268,Non DG,Un Guarded
8331,North I,33.70467,73.05542,Non DG,Un Guarded
7484,Central I,32.1595,74.18441,Non DG,Un Guarded
1319,South II,25.52334,68.61675,DG,Guarded
5306,Central II,30.5945,73.58778,DG,Guarded
N-4276,North II,34.51231,72.48996,DG,Un Guarded
3645,Central I,32.6638,73.60898,DG,Guarded
8890,North I,33.3435,73.95809,DG,Guarded
CII-2666,Central II,32.56645,71.53373,Non DG,Guarded
3371,Central I,31.98407,74.2329,DG,Guarded
4772,Central II,31.31429,73.73354,DG,Guarded
1166,South II,25.95496,68.37719,Non DG,Guarded
CII-2191,Central II,31.3217,72.9997,Non DG,Un Guarded
1543,South II,26.66164,68.00044,Non DG,Un Guarded
S-3666,South III,28.7215,66.0761,DG,Guarded
N-5400,North II,32.9542,69.8797,Non DG,Un Guarded
N-5298,North II,34.0249,71.5085,Non DG,Guarded
2941,North II,34.05718,72.0068,DG,Un Guarded
4965,Central III,30.07696,70.54447,DG,Guarded
4202,Central II,30.97438,72.48958,DG,Guarded
3582,Central I,31.10916,74.44691,Non DG,Un Guarded
3461,Central I,32.38239,74.95914,DG,Guarded
3403,Central I,32.4771,74.34546,Non DG,Un Guarded
2615,North I,32.65798,72.95777,Non DG,Un Guarded
4756,Central II,31.27079,73.3016,DG,Guarded
7163,Central I,31.49408,74.40937,DG,Guarded
7173,Central I,30.95056,73.74424,Non DG,Un Guarded
6669,North I,33.14807,73.75399,DG,Guarded
9019,South I,24.84933,66.99663,DG,Guarded
8295,North I,33.62876,72.88293,DG,Guarded
N-5452,North II,33.797,71.71,DG,Guarded
N-5442,North II,33.19559,71.138279,Non DG,Un Guarded
S-3802,South III,30.10139,66.9689,DG,Guarded
8142,North I,33.63186,73.12271,DG,Un Guarded
8658,North II,33.90554,71.8916,Non DG,Un Guarded
6024,South I,24.9514,67.0732,Non DG,Un Guarded
3519,Central I,31.71689,73.99129,Non DG,Un Guarded
8640,North II,34.10058,72.53605,DG,Guarded
5411,Central II,32.08196,72.57017,DG,Guarded
9554,South I,24.81978,67.07191,Non DG,Un Guarded
8429,North II,33.52155,71.061,DG,Guarded
8149,North I,33.70404,72.97932,DG,Un Guarded
N-4174,North II,33.545605,71.087838,DG,Guarded
1303,South II,25.156666667,67.672,DG,Guarded
OLD MSC,Central I,31.56608,74.31602,DG,Un Guarded
S-3735,South III,28.16007,66.88731,DG,Guarded
S-3684,South III,25.99702,67.10632,DG,Guarded
8442,North I,33.67547,73.06654,Non DG,Un Guarded
CII-8056,Central II,31.820985,70.910262,DG,Un Guarded
CI-1359,Central I,31.01412,74.49322,DG,Guarded
CI-1504,Central I,31.33081,74.20435,Non DG,Un Guarded
3600,Central I,32.57636,74.06552,DG,Guarded
7166,Central I,31.3972,74.3627,DG,Guarded
9318,South I,24.9064,67.1931,DG,Guarded
3664,Central I,32.59311,74.21419,DG,Guarded
9336,South I,24.82095,67.1556,DG,Guarded
9806,South II,25.40678004,68.36427001,DG,Un Guarded
CII-2563,Central II,30.83827,72.07553,Non DG,Un Guarded
8705,North I,33.834935,73.781297,Non DG,Un Guarded
CI-1155,Central I,31.72429,73.97419,Non DG,Un Guarded
2722,North I,33.89361,73.38038,DG,Guarded
9366,South I,24.89491,67.05174,DG,Un Guarded
CI-1407,Central I,31.41241,74.39695,Non DG,Un Guarded
CII-2651,Central III,29.87091,70.64021,Non DG,Un Guarded
CI-1471,Central I,31.4483,74.3426,Non DG,Un Guarded
1900,South III,25.20541,64.63182,Non DG,Guarded
5433,Central III,28.90813,70.68295,Non DG,Un Guarded
6355,South I,24.83346,67.12258,Non DG,Un Guarded
N-4846,North I,33.59173,73.17585,Non DG,Un Guarded
4602,Central III,29.38617,71.67605,DG,Guarded
3434,Central I,32.52893,74.55182,DG,Guarded
5307,Central II,30.43122,73.46322,Non DG,Un Guarded
5315,Central III,29.39809,71.69853,DG,Guarded
6272,South I,24.980687,67.053133,Non DG,Un Guarded
3132,Central I,31.55138,74.29974,Non DG,Un Guarded
3474,Central I,32.18514,74.19146,Non DG,Un Guarded
6560,South I,24.81725,66.99851,Non DG,Un Guarded
7492,Central I,31.58058,74.31662,Non DG,Un Guarded
4809,Central II,31.45914,73.17029,Non DG,Un Guarded
6423,South I,24.952,67.0343,Non DG,Un Guarded
6065,South I,24.86263,67.04282,DG,Guarded
7520,Central I,31.56388,74.31802,Non DG,Un Guarded
N-4451,North I,34.36151,73.4755,Non DG,Un Guarded
9056,South I,24.88392,67.14048,DG,Un Guarded
2268,North I,33.79899,73.52637,DG,Guarded
9472,South I,24.8882,67.11546,DG,Guarded
5547,Central II,30.53398,73.65478,DG,Un Guarded
CII-2517,Central II,32.08828,72.666279,Non DG,Un Guarded
1318,South II,25.5381,69.01018,Non DG,Un Guarded
2008,North I,33.57752,73.09332,DG,Guarded
FSBAR46-20,Central II,31.40995,73.10939,Non DG,Un Guarded
5335,Central II,31.00772,72.91028,DG,Guarded
FSB-GB-NE40E-X3-B1,Central II,31.40995,73.10939,Non DG,Un Guarded
2160,North II,34.00645,71.64598,DG,Guarded
FSB-GB-NE40E-X3-B2,Central II,31.40995,73.10939,Non DG,Un Guarded
FSB-IUB-S9303-A1,Central II,31.40995,73.10939,Non DG,Un Guarded
4675,Central II,30.72258,72.64415,Non DG,Un Guarded
1300,South I,24.972027778,67.259277778,DG,Un Guarded
FSB-IUB-S9303-A2,Central II,31.40995,73.10939,Non DG,Un Guarded
FSB-MAC-Switch,Central II,31.40995,73.10939,Non DG,Un Guarded
FSB-PE-NE40E-X8-A1,Central II,31.40995,73.10939,Non DG,Un Guarded
FSB-PE-NE40E-X8-A2,Central II,31.40995,73.10939,Non DG,Un Guarded
CI-1405,Central I,31.60431,74.45683,DG,Guarded
2717,North I,34.20069,73.24549,DG,Guarded
2179,North II,33.98492,71.63437,DG,Guarded
CI-1710,Central I,31.6001,74.2335,Non DG,Un Guarded
FSB-PE-NE40E-X8-B1,Central II,31.40995,73.10939,Non DG,Un Guarded
3484,Central I,32.43849,74.27118,DG,Guarded
N-4847,North II,34.13102,71.97772,Non DG,Un Guarded
5371,Central II,31.20176,72.89222,DG,Guarded
FSB-PE-NE40E-X8-B2,Central II,31.40995,73.10939,Non DG,Un Guarded
S-3413,South II,28.24326,69.1794,DG,Un Guarded
FSB-P-NE40E-X16-A1,Central II,31.40995,73.10939,Non DG,Un Guarded
KHIRNC02,South I,24.8652797269,67.0646306679,Non DG,Un Guarded
FSB-P-NE40E-X16-A2,Central II,31.40995,73.10939,Non DG,Un Guarded
3520,Central I,31.02457,73.85133,DG,Guarded
2027,North I,33.70145,73.15512,DG,Guarded
FSB-S9312-A1,Central II,31.40995,73.10939,Non DG,Un Guarded
FSB-S9312-A2,Central II,31.40995,73.10939,Non DG,Un Guarded
3G-CI-4126,Central I,31.4555,74.3577,Non DG,Un Guarded
N-5381,North II,33.852709,71.564851,DG,Guarded
FSB-S9312-B1,Central II,31.40995,73.10939,Non DG,Un Guarded
5539,Central III,28.95581,70.36659,Non DG,Un Guarded
FSB-S9312-B2,Central II,31.40995,73.10939,Non DG,Un Guarded
N-4267,North II,32.98356,70.60869,DG,Guarded
FSD-S9303-A1,Central II,31.410204,73.109233,Non DG,Un Guarded
2568,North I,33.02253,73.91491,DG,Guarded
1156,South I,24.74995,67.92724,Non DG,Guarded
FSD-S9303-A2,Central II,31.410204,73.109233,Non DG,Un Guarded
4838,Central III,29.54717,70.5404,DG,Guarded
4413,Central III,30.22153945,72.49747212,DG,Guarded
5007,Central III,30.13693,71.4429,DG,Guarded
6081,South I,24.88984,67.22684,DG,Guarded
7807,Central I,32.5767,74.07383,Non DG,Un Guarded
CI-1097,Central I,31.13486,74.44547,Non DG,Guarded
2209,North I,32.93541,73.72607,DG,Un Guarded
9156,South I,24.85919,67.2081,DG,Guarded
8718,North I,33.55355,73.92739,Non DG,Un Guarded
S-3937,South II,25.38914,68.36998,DG,Un Guarded
8011,North I,33.65961,72.99435,DG,Guarded
9817,South II,25.36591,68.38772,Non DG,Un Guarded
2244,North I,32.99928,73.53226,Non DG,Guarded
7588,Central I,31.48576,74.28579,Non DG,Un Guarded
7872,Central I,32.6503,74.5836,Non DG,Un Guarded
6313,South I,24.82712,67.02464,Non DG,Un Guarded
HSGDBSC02,Central II,32.09638333,72.674038333,DG,Un Guarded
USLK02,South III,30.48754,67.46449,DG,Guarded
UKNBA01,South III,28.18652,65.919,DG,Guarded
1354,South II,26.20004,68.5555,DG,Guarded
9089,South I,24.9013,67.20063,Non DG,Guarded
S-3664,South III,28.25626,66.41454,DG,Guarded
S-3804,South III,30.22225,66.99323,Non DG,Un Guarded
S-3665,South III,28.63348,66.15082,DG,Guarded
1144,South II,25.53446,69.0237,DG,Guarded
1730,South II,25.44499,68.58736,DG,Guarded
2371,North II,34.5069,71.89463,Non DG,Un Guarded
HBWPBSC01,Central III,29.397502,71.661858,DG,Un Guarded
ULRR23,South III,30.20444,68.25149,DG,Guarded
1561,South II,27.84217,67.91441,DG,Guarded
1280,South II,27.20514,68.48018,DG,Guarded
2992,North I,33.92127,72.41163,Non DG,Un Guarded
3159,Central I,31.53066,74.34297,Non DG,Un Guarded
1554,South II,26.04734,68.94238,DG,Guarded
S-3683,South III,26.1629,67.12798,DG,Guarded
9818,South II,25.37174,68.38247,DG,Guarded
8638,North I,34.13021,73.19939,Non DG,Un Guarded
5684,Central III,29.35454,70.32975,DG,Guarded
4262,Central III,30.0017,71.8166,DG,Guarded
S-7256,South I,25.09897,67.25726,Non DG,Un Guarded
7020,Central I,31.52944,74.28973,DG,Guarded
4853,Central III,28.77196,70.81395,Non DG,Un Guarded
S-7373,South III,30.18824,67.01298,Non DG,Un Guarded
4118,Central III,30.25385,71.48646,DG,Guarded
3451,Central I,32.47751,74.40533,DG,Guarded
S-7204,South III,25.29507,62.59672,Non DG,Un Guarded
1077,South I,24.966361111,66.989277778,DG,Guarded
S-7222,South III,28.5962,65.4211,Non DG,Un Guarded
1904,South III,25.10342,62.33517,DG,Guarded
8623,North I,33.95454,73.24934,DG,Un Guarded
S-7223,South III,28.5851,65.4183,Non DG,Un Guarded
S-7402,South III,30.2196,66.9805,Non DG,Un Guarded
S-7401,South III,30.2629,66.9686,Non DG,Un Guarded
N-4601,North II,33.13588,71.14758,DG,Guarded
S-7238,South III,28.82954,62.75548,Non DG,Un Guarded
S-7370,South III,30.21278,66.9997,Non DG,Un Guarded
3260,Central I,31.28529,74.0836,Non DG,Un Guarded
S-7359,South III,30.18732,67.00392,Non DG,Un Guarded
S-7290,South III,26.041,63.05262,Non DG,Un Guarded
S-7357,South III,30.18719,66.9765,Non DG,Un Guarded
S-7292,South III,26.95709,64.09115,Non DG,Un Guarded
3321,Central I,32.1786,74.17419,DG,Un Guarded
S-7296,South III,30.09695,66.99665,Non DG,Un Guarded
S-7297,South III,30.1137,66.96282,Non DG,Un Guarded
S-7298,South III,30.1457,66.99358,Non DG,Un Guarded
S-7300,South III,30.93009,66.43663,Non DG,Un Guarded
N-5228,North I,33.6069,73.22088,Non DG,Un Guarded
3356,Central I,32.24331,74.1492,Non DG,Un Guarded
6304,South I,24.911849,67.124,Non DG,Un Guarded
N-5253,North I,33.5606,72.62766,Non DG,Un Guarded
3749,Central I,32.30926,74.19386,DG,Guarded
6038,South I,24.88836,67.20618,Non DG,Un Guarded
CII-2721,Central II,31.88139,70.57439,Non DG,Un Guarded
9344,South I,24.85238,67.18609,DG,Un Guarded
8677,North II,33.9789,71.53287,Non DG,Un Guarded
1141,South II,25.526244,68.997125,DG,Un Guarded
2735,North I,33.58984,73.38974,DG,Guarded
S-3851,South III,26.0459,66.2531,DG,Guarded
CI-1077,Central I,31.59382,73.81839,Non DG,Un Guarded
CI-1588,Central I,31.46666,74.38308,Non DG,Un Guarded
CI-1499,Central I,32.1598,74.1882,Non DG,Un Guarded
1107,South II,25.386641,68.33463,DG,Guarded
7770,Central I,32.51391,74.55975,DG,Un Guarded
9923,South II,25.82703,69.37577,Non DG,Un Guarded
S-3104,South II,28.410368,67.904765,Non DG,Un Guarded
N-4625,North I,34.036548,72.939449,Non DG,Un Guarded
9920,South II,28.36805,68.34923,Non DG,Guarded
8912,North I,33.79414,73.76736,DG,Guarded
4903,Central III,30.963,71.20775,DG,Un Guarded
7411,Central I,31.47279,74.39749,Non DG,Un Guarded
2018,North I,33.63233,73.08546,DG,Un Guarded
5330,Central II,30.94754,73.00727,Non DG,Un Guarded
8448,North II,32.96206,70.59633,DG,Guarded
1484,South III,30.37061,68.60174,Non DG,Un Guarded
9311,South I,24.98488,67.05638,Non DG,Un Guarded
N-4206,North I,33.75428,73.18176,Non DG,Un Guarded
2090,North I,33.69032,72.99882,DG,Guarded
S-3043,South II,28.21456,68.36842,Non DG,Un Guarded
CII-2681,Central III,30.05661,70.62419,DG,Guarded
4752,Central II,31.33858,73.41839,Non DG,Un Guarded
N-4703,North I,33.52246,73.17355,Non DG,Un Guarded
N-4190,North II,34.22551,72.16067,Non DG,Un Guarded
3351,Central I,32.32867,74.34815,DG,Un Guarded
S-3107,South II,28.532918,68.223462,Non DG,Un Guarded
3769,Central I,32.08879,74.94135,Non DG,Un Guarded
CI-1626,Central I,31.52981,74.30354,Non DG,Un Guarded
1765,South II,25.0269,67.9265,DG,Guarded
4885,Central III,29.63271,70.57493,DG,Guarded
8390,North I,33.61456,73.05641,Non DG,Un Guarded
N-3304,North II,33.493597,70.37894,Non DG,Un Guarded
S-3675,South III,31.37489,68.81693,DG,Guarded
S-3668,South III,30.9669,69.27963,DG,Guarded
S-3838,South III,30.64575,68.07022,DG,Guarded
N-5003,North II,33.718527,70.328781,Non DG,Un Guarded
S-3679,South III,31.40109,68.74625,DG,Guarded
S-3677,South III,31.41892,68.9223,DG,Guarded
N-5708,North II,33.71065,70.36357,Non DG,Un Guarded
CI-1238,Central I,31.57568,74.46344,Non DG,Un Guarded
N-5709,North II,33.703077,70.330732,Non DG,Un Guarded
CII-2340,Central III,30.718447,70.660366,Non DG,Un Guarded
8059,North I,33.72121,73.10583,Non DG,Un Guarded
CII-2008,Central III,31.00695,70.6778,Non DG,Un Guarded
3348,Central I,32.073,73.68775,DG,Un Guarded
2712,North I,34.13681,73.27307,DG,Guarded
7175,Central I,31.48789,74.23698,DG,Guarded
6251,South I,24.96527,67.10609,DG,Un Guarded
4757,Central II,31.14734,73.49357,Non DG,Un Guarded
N-4962,North II,34.01587,71.5871,Non DG,Un Guarded
1835,South III,28.88715,64.4073,DG,Guarded
S-4341,South I,24.9427,67.1551,Non DG,Un Guarded
N-3176,North I,33.62142,73.00843,Non DG,Un Guarded
S-4562,South I,24.959568,67.042439,Non DG,Un Guarded
7909,Central I,32.7783,73.9919,Non DG,Un Guarded
3654,Central I,31.71034,73.98292,Non DG,Un Guarded
7095,Central I,31.54497,74.39588,Non DG,Un Guarded
S-4608,South II,27.96166,68.63422,Non DG,Un Guarded
N-3140,North II,33.51949,71.50541,Non DG,Un Guarded
N-3134,North II,34.004993,72.086942,Non DG,Un Guarded
N-3317,North II,33.001,71.01,Non DG,Un Guarded
N-3477,North I,32.9334,72.86303,Non DG,Un Guarded
CII-2318,Central III,29.632922,70.587168,Non DG,Un Guarded
2758,North I,34.437476,73.076951,Non DG,Un Guarded
CI-1203,Central I,32.56689,74.54145,Non DG,Un Guarded
CI-1212,Central I,31.26408,74.221653,Non DG,Un Guarded
2260,North I,32.63036,73.0137,DG,Un Guarded
N-3294,North II,33.23927,71.52484,Non DG,Un Guarded
CII-2291,Central III,30.064595,70.655208,Non DG,Un Guarded
N-3287,North I,32.92616,72.43044,Non DG,Un Guarded
CI-1235,Central I,31.45375,74.24076,Non DG,Un Guarded
S-7777,South III,26.4273,65.20698,DG,Guarded
CI-1242,Central I,31.37211,74.17795,Non DG,Un Guarded
3G-N-2727,North I,32.7685,72.7281,Non DG,Un Guarded
CII-2287,Central III,30.048977,70.664162,Non DG,Un Guarded
CII-2245,Central III,30.066861,70.639464,Non DG,Un Guarded
CI-1226,Central I,31.63705,74.28558,Non DG,Un Guarded
CII-2280,Central III,30.03374,70.638361,Non DG,Un Guarded
CII-2263,Central III,30.033485,70.651408,Non DG,Un Guarded
S-4621,South I,25.007173,67.115103,Non DG,Un Guarded
1369,South III,30.18023,67.03344,Non DG,Un Guarded
S-4616,South II,28.04817,69.71316,Non DG,Un Guarded
2424,North I,33.88147,73.337303,DG,Guarded
S-4282,South I,24.969811,67.060856,Non DG,Un Guarded
S-4573,South III,30.208738,66.958355,Non DG,Un Guarded
S-4576,South III,30.215718,66.967441,Non DG,Un Guarded
4515,Central II,30.79344,73.52052,Non DG,Un Guarded
CII-2266,Central III,30.021876,70.624773,Non DG,Un Guarded
N-3418,North II,33.85622,71.5188,Non DG,Un Guarded
5551,Central II,30.65053,74.03164,DG,Guarded
S-4613,South II,28.26964,68.41568,Non DG,Un Guarded
N-3128,North II,33.782,71.497,Non DG,Un Guarded
S-4319,South II,28.171872,68.048631,Non DG,Un Guarded
N-3402,North II,33.808,71.517,Non DG,Un Guarded
S-3697,South III,27.04188,66.23059,DG,Guarded
N-3393,North II,33.8506,71.585311,Non DG,Un Guarded
CII-2302,Central III,29.658992,70.589267,Non DG,Un Guarded
S-4599,South II,28.434489,69.570626,Non DG,Un Guarded
7000,Central I,31.57069,74.30477,Non DG,Un Guarded
9685,South II,25.38892,68.36318,Non DG,Un Guarded
8212,North I,33.64298,72.98925,Non DG,Un Guarded
CII-2303,Central III,29.647023,70.589207,Non DG,Un Guarded
CII-2300,Central III,30.068218,70.623699,Non DG,Un Guarded
S-4615,South II,28.050189,69.697605,Non DG,Un Guarded
2404,North II,33.99736,72.13619,DG,Guarded
S-4607,South II,27.953344,68.622368,Non DG,Un Guarded
S-4205,South III,30.27087,67.03379,Non DG,Un Guarded
S-4412,South II,24.74265,69.793519,Non DG,Un Guarded
N-3412,North II,33.802,71.595,Non DG,Un Guarded
N-3383,North II,33.829,71.564,Non DG,Un Guarded
S-3451,South III,30.20888,67.05653,Non DG,Un Guarded
CII-2526,Central II,30.90848,72.57998,Non DG,Un Guarded
S-7818,South III,29.85706,67.3198,Non DG,Un Guarded
N-3124,North II,33.752694,71.49749,Non DG,Un Guarded
9246,South I,24.93546,67.02548,DG,Guarded
S-4363,South III,30.173451,66.981841,Non DG,Un Guarded
S-4476,South I,24.82396,67.20847,Non DG,Un Guarded
1270,South II,27.54949,68.21443,Non DG,Un Guarded
S-4214,South III,30.1347,67.01493,Non DG,Un Guarded
N-3507,North II,34.0049,72.03344,DG,Un Guarded
S-4446,South II,26.04557,68.958685,Non DG,Un Guarded
9481,South I,24.84465,67.19828,DG,Guarded
1120,South II,25.41278,68.36405,DG,Guarded
S-7166,South I,24.87461,67.03043,Non DG,Un Guarded
S-3062,South III,29.022776,66.584794,Non DG,Un Guarded
4442,Central III,30.39355,71.86625,DG,Guarded
8956,North I,33.51556,73.75684,DG,Guarded
2273,North I,33.06225,72.96498,DG,Guarded
1514,South III,30.208993,66.965926,Non DG,Un Guarded
S-7164,South III,30.16992,67.00292,Non DG,Un Guarded
6656,North I,34.19287,73.26669,DG,Un Guarded
S-7153,South III,30.0835,66.94688,Non DG,Un Guarded
N-4346,North I,33.71345,73.15518,Non DG,Un Guarded
6076,South II,25.39718,68.36513,Non DG,Un Guarded
7479,Central I,32.49573,74.53901,Non DG,Un Guarded
N-5538,North I,33.651291,72.953068,Non DG,Un Guarded
7310,Central I,31.5246,74.34135,Non DG,Un Guarded
6253,South I,24.82865,67.1092,DG,Guarded
N-5584,North II,33.78141,71.74466,DG,Guarded
1312,South I,24.8733,66.91592,Non DG,Guarded
S-7045,South III,26.9677,64.08454,DG,Guarded
1591,South II,28.24649,69.17718,DG,Guarded
8546,North II,34.2145,71.55457,Non DG,Un Guarded
S-7144,South III,26.9915,64.09367,DG,Un Guarded
S-3674,South I,25.00701,67.30902,Non DG,Un Guarded
S-7026,South III,30.85171,66.80454,DG,Guarded
9718,South II,26.67463,68.2857,DG,Un Guarded
S-7030,South III,31.07924,66.87615,DG,Guarded
8278,North I,33.64393,73.03212,Non DG,Un Guarded
6010,South I,24.87123,67.37163,Non DG,Un Guarded
N-5324,North I,33.569,73.1394,Non DG,Un Guarded
7513,Central I,31.56556,74.30957,Non DG,Un Guarded
N-5371,North I,33.6166,72.9138,Non DG,Guarded
CI-1701,Central I,31.49129,74.36039,Non DG,Un Guarded
N-5396,North I,33.6595,72.8557,Non DG,Un Guarded
9516,South I,24.88238,67.16834,DG,Un Guarded
N-5399,North I,33.4861,73.0871,Non DG,Un Guarded
CII-2515,Central II,32.06656,72.69809,Non DG,Un Guarded
CI-1622,Central I,31.56237,74.31185,Non DG,Un Guarded
7651,Central I,31.09929,74.46989,DG,Guarded
3G-CII-4454,Central II,31.632921,73.016674,Non DG,Un Guarded
8119,North I,33.6844,73.11795,DG,Guarded
3G-N-2771,North I,33.72289,73.079618,Non DG,Un Guarded
6109,South II,25.39018,68.37304,Non DG,Un Guarded
8144,North I,33.64634,73.06479,DG,Guarded
1974,South III,30.62154,67.30539,DG,Guarded
9333,South I,24.95835,66.98554,DG,Guarded
9343,South I,24.9285,66.98076,Non DG,Un Guarded
7103,Central I,31.50841,74.31126,DG,Un Guarded
SKT-S9306-A1,Central I,32.521903,74.54066,Non DG,Un Guarded
SKT-S9306-A2,Central I,32.519016,74.540329,Non DG,Un Guarded
1569,South II,28.049352,67.735685,DG,Guarded
3872,Central I,32.47769,72.91272,DG,Guarded
8568,North II,34.21425,72.34051,Non DG,Un Guarded
3333,Central I,32.13168,74.19759,DG,Un Guarded
9757,South II,27.58607,68.61552,Non DG,Un Guarded
S-7037,South II,27.3505,67.5316,DG,Guarded
4301,Central II,32.58261,71.53973,DG,Guarded
2653,North I,32.68029,72.63658,Non DG,Un Guarded
ULRR09,South III,30.27699,68.86627,DG,Guarded
CI-1282,Central I,32.1584,74.18871,Non DG,Un Guarded
N-4120,North I,33.2646,72.29383,DG,Un Guarded
CII-2032,Central III,28.4121,70.30034,Non DG,Un Guarded
6981,South III,30.18112,67.02007,Non DG,Guarded
4076,Central II,31.37749,73.08602,DG,Guarded
2475,North II,34.01428,71.72412,DG,Guarded
6675,North II,32.99221,70.59328,DG,Guarded
5662,Central III,30.18329,70.73516,DG,Guarded
8881,North I,32.92414,72.86469,Non DG,Un Guarded
8870,North I,34.20552,73.24792,DG,Guarded
2726,North I,33.8974,73.43381,DG,Guarded
1747,South II,24.38705,67.99439,DG,Guarded
N-4312,North II,33.99042,71.57089,Non DG,Un Guarded
8962,North I,33.50231,73.90285,DG,Guarded
4526,Central II,30.67127,73.09396,DG,Un Guarded
3525,Central I,31.21047,73.94759,DG,Guarded
1405,South III,30.18006,67.01205,Non DG,Un Guarded
4541,Central II,30.88224,73.60862,DG,Guarded
3G-S-1163,South I,24.80508,67.12841,Non DG,Un Guarded
7485,Central I,31.71098,73.98627,Non DG,Un Guarded
3G-S-4476,South I,24.80129,67.0311,Non DG,Un Guarded
2831,North I,34.03956,73.12477,DG,Guarded
CI-1344,Central I,32.49169,74.60128,Non DG,Un Guarded
1361,South III,30.56831,66.59956,DG,Guarded
7923,Central I,32.70559,73.94871,DG,Guarded
5018,Central III,30.18588,71.45033,Non DG,Guarded
1889,South I,24.8116,67.0551,Non DG,Un Guarded
5584,Central III,30.95579,70.93764,Non DG,Un Guarded
7280,Central I,31.52488,74.32837,Non DG,Un Guarded
7877,Central I,32.65428,74.48756,DG,Guarded
8046,North I,33.61891,73.04591,DG,Un Guarded
4035,Central II,31.41625,73.12148,DG,Guarded
8860,North I,33.53272,73.12056,Non DG,Un Guarded
4268,Central III,30.37107,72.14131,DG,Guarded
1308,South I,24.88452,66.9976,Non DG,Un Guarded
6211,South I,24.85874,67.00253,Non DG,Un Guarded
9759,South II,27.63817,68.75831,DG,Guarded
N-4774,North I,33.83996,72.42347,Non DG,Un Guarded
CI-1362,Central I,32.59711,73.97678,DG,Guarded
CI-1404,Central I,31.53874,74.26907,Non DG,Un Guarded
2773,North I,34.62966,72.98798,DG,Guarded
6999,Central III,30.27169,71.62869,DG,Guarded
6364,South II,26.33034,67.44084,Non DG,Un Guarded
5097,Central III,31.3199,71.08217,DG,Guarded
1316,South II,25.41598,69.571553,DG,Guarded
4238,Central II,31.28123,72.37109,Non DG,Un Guarded
CII-2310,Central III,30.25494,73.76471,DG,Guarded
2299,North I,33.13104,73.61478,Non DG,Un Guarded
6873,Central III,30.19226,71.47028,Non DG,Un Guarded
6740,North II,34.20031,71.60426,DG,Guarded
2830,North I,34.06725,73.15418,DG,Guarded
8358,North II,34.00932,71.57006,Non DG,Un Guarded
1031,South I,24.9295,66.953277778,DG,Un Guarded
N-4738,North II,34.66348,71.29441,DG,Guarded
9990,South II,25.4641,68.71155,Non DG,Un Guarded
CI-1389,Central I,32.14848,74.19579,Non DG,Un Guarded
S-3189,South II,25.38052,68.39212,Non DG,Un Guarded
N-4134,North II,32.93867,70.6222,DG,Guarded
1184,South II,24.651499,68.83953,Non DG,Un Guarded
9535,South I,24.92287,67.01524,DG,Guarded
2751,North I,34.56202,72.9938,DG,Guarded
8238,North I,33.786,73.28112,Non DG,Un Guarded
S-3356,South I,24.79972,67.06012,Non DG,Un Guarded
9822,South II,25.432011,68.382508,DG,Guarded
7192,Central I,31.49476,74.35738,Non DG,Un Guarded
4960,Central III,29.97476,70.3092,DG,Un Guarded
6996,Central III,30.3449,71.7724,Non DG,Un Guarded
3148,Central I,31.47102,74.27201,Non DG,Un Guarded
7444,Central I,31.5791,74.3191,Non DG,Un Guarded
1148,South II,25.51515,68.62097,Non DG,Un Guarded
9104,South I,24.83219,67.02253,DG,Un Guarded
9465,South I,24.86221,66.83733,Non DG,Un Guarded
6495,South I,24.83469,67.07888,Non DG,Un Guarded
2848,North II,34.06714,72.64142,DG,Guarded
5520,Central III,28.83053,70.14918,DG,Guarded
4180,Central III,29.84701,70.49205,DG,Guarded
8099,North I,33.35146,72.83501,DG,Guarded
7169,Central I,31.36238,74.23354,DG,Guarded
7070,Central I,31.57424,74.33481,DG,Guarded
N-4578,North II,34.36077,72.28084,Non DG,Un Guarded
CII-2193,Central II,30.73063,72.65126,Non DG,Un Guarded
4715,Central II,32.07752,72.69307,DG,Un Guarded
7495,Central I,31.579,74.3144,Non DG,Un Guarded
2074,North I,33.74326,73.10831,DG,Guarded
8473,North I,32.94074,72.84629,Non DG,Guarded
4246,Central II,30.77265,72.10183,DG,Un Guarded
4570,Central III,30.1597,72.6704,Non DG,Un Guarded
2520,North I,33.03631,72.40522,DG,Guarded
1189,South II,25.7649,68.6631,Non DG,Un Guarded
1528,Central III,28.3149,70.0542,Non DG,Guarded
6826,Central III,30.19002,71.46917,Non DG,Un Guarded
6496,South I,24.94473,66.99739,Non DG,Un Guarded
2625,North I,34.00623,73.47917,DG,Guarded
9393,South I,24.92807,67.13669,DG,Guarded
2248,North I,33.47404,73.48171,Non DG,Un Guarded
CII-2677,Central III,30.03856,70.64893,DG,Guarded
1015,South I,24.900833333,67.094638889,Non DG,Un Guarded
9445,South I,24.82143,67.082,DG,Guarded
3669,Central I,31.6212,74.25879,DG,Guarded
9007,South I,24.85886,67.02398,DG,Guarded
9765,South II,27.693,68.8392,Non DG,Un Guarded
7075,Central I,31.55043,74.3114,Non DG,Un Guarded
9907,South II,25.19548,68.56625,DG,Guarded
7060,Central I,31.60018,74.40184,Non DG,Un Guarded
4574,Central III,30.1674,72.68632,DG,Guarded
5012,Central III,30.13859,71.36839,DG,Guarded
8041,North I,33.61176,73.07469,DG,Un Guarded
8468,North I,33.5907,73.05526,Non DG,Un Guarded
8064,North I,33.72284,73.07191,Non DG,Guarded
6702,North II,34.20889,72.02616,DG,Guarded
N-4925,North II,34.27796,71.93192,DG,Guarded
8086,North I,33.74095,73.19809,DG,Un Guarded
2418,North I,33.87409,72.76079,DG,Un Guarded
S-3801,South III,30.21054,66.99967,Non DG,Un Guarded
5171,Central II,32.5672,72.15176,DG,Guarded
3698,Central I,32.41022,74.07414,Non DG,Un Guarded
N-4457,North II,34.49099,72.25538,DG,Guarded
2394,North II,34.74536,72.35053,DG,Un Guarded
2578,North I,32.92109,73.86702,DG,Guarded
N-4428,North II,33.98427,71.76215,Non DG,Un Guarded
CI-1643,Central I,31.57606,74.44571,Non DG,Un Guarded
9122,South I,24.92241,67.10359,DG,Guarded
5992,Central III,29.63899,70.58666,DG,Guarded
S-3223,South II,28.23708,68.77606,DG,Guarded
4828,Central III,29.11251,70.33154,DG,Guarded
5509,Central II,30.65749,73.31069,DG,Un Guarded
N-4525,North II,32.56945,70.90789,DG,Guarded
2352,North II,33.16745,71.31486,DG,Guarded
1358,South III,29.91208,66.49539,DG,Guarded
N-5794,North II,33.59248,71.43459,Non DG,Un Guarded
4108,Central III,30.20158,71.49839,DG,Guarded
7982,Central I,31.558,74.35469,Non DG,Un Guarded
2926,North I,33.6916,72.45239,DG,Un Guarded
S-3893,South III,26.065,67.2847,DG,Guarded
4953,Central III,29.98522,70.30629,DG,Guarded
1672,Central III,28.5431,70.270219,Non DG,Un Guarded
4831,Central III,29.5519,70.60509,DG,Un Guarded
8562,North II,33.42014,71.53427,Non DG,Un Guarded
2599,North I,33.053021,72.534416,Non DG,Guarded
N-4662,North II,32.5992,70.91361,DG,Un Guarded
N-4197,North II,34.35256,72.19509,DG,Un Guarded
N-5137,North II,33.23863,70.48998,Non DG,Un Guarded
1214,South II,27.69821,68.859942,Non DG,Un Guarded
2195,North II,34.02951,71.58645,Non DG,Un Guarded
HYD-NE08E-A1,South II,25.357661,68.380564,Non DG,Un Guarded
UKSZ03,South III,31.62166,69.21378,DG,Guarded
3965,Central I,32.2218,74.09166,Non DG,Un Guarded
S-3858,South III,27.04008,65.54266,DG,Guarded
1997,South III,30.41965,67.01137,DG,Guarded
S-3218,South III,29.55263,67.86725,DG,Un Guarded
4627,Central III,30.01253,73.25706,Non DG,Un Guarded
HYD-NE08E-A2,South II,25.357661,68.380564,Non DG,Un Guarded
8921,North II,34.09734,71.14293,DG,Guarded
1761,South II,26.05475,69.08231,DG,Guarded
1655,South II,27.78801,69.07597,Non DG,Un Guarded
4198,Central III,29.99728,70.96825,Non DG,Un Guarded
S-3859,South III,27.17548,65.62132,DG,Guarded
9327,South I,24.8469,67.07413,DG,Guarded
S-3531,South III,30.17074,69.76589,DG,Guarded
N-4250,North II,34.22196,72.27031,DG,Guarded
S-7032,South III,30.61811,67.51721,DG,Guarded
6420,South I,24.9525,67.1387,Non DG,Un Guarded
SKR-NE08E-A1,South II,27.7116453,68.8533509,Non DG,Un Guarded
3252,Central I,31.5679,74.31335,Non DG,Un Guarded
4356,Central II,31.78725,71.1073,DG,Un Guarded
9440,South I,24.88651,67.07924,Non DG,Un Guarded
SKR-NE08E-A2,South II,27.7116453,68.8533509,Non DG,Un Guarded
3907,Central I,31.90325,73.26724,DG,Guarded
SKR-S6502-A1,South II,27.7116453,68.8533509,Non DG,Un Guarded
S-7034,South III,30.59757,67.57475,DG,Guarded
6036,South I,24.948139,67.195667,DG,Guarded
PTCL Daryala Jalib,North I,32.644926,73.225678,Non DG,Un Guarded
PTCl Dina,North I,33.0285676,73.6014804,Non DG,Un Guarded
SKR-S6502-A2,South II,27.7116453,68.8533509,Non DG,Un Guarded
S-3658,South III,28.11978,66.01293,DG,Guarded
2351,North II,33.04118,71.0197,DG,Guarded
S-7033,South III,30.57572,67.2389,DG,Guarded
7741,Central I,32.1781,74.47193,DG,Guarded
4739,Central II,30.89568,72.7193,Non DG,Un Guarded
2880,North II,34.01863,71.9856,DG,Un Guarded
5525,Central III,28.51474,70.3247,DG,Guarded
N-5590,North II,33.658652,71.973349,DG,Guarded
SKR-GB-NE40E-X3-A1,South II,27.7116453,68.8533509,Non DG,Un Guarded
S-3084,South II,28.60308,68.41189,DG,Guarded
SKR-GB-NE40E-X3-A2,South II,27.7116453,68.8533509,Non DG,Un Guarded
2322,North II,33.46227,70.9558,DG,Guarded
N-5591,North II,33.55602,71.93906,DG,Guarded
10-SU-HYD-651,South II,25.357661,68.380564,Non DG,Un Guarded
10-SU-HYD-652,South II,25.357661,68.380564,Non DG,Un Guarded
4269,Central III,30.36366,72.16088,DG,Guarded
7980,Central I,31.40821,74.1402,Non DG,Un Guarded
N-5598,North II,33.16403,71.63359,DG,Guarded
15-SU-HYD-633-1108,South II,25.357661,68.380564,Non DG,Un Guarded
6212,South I,24.86493,67.03531,Non DG,Un Guarded
15-SU-HYD-634-1103,South II,25.357661,68.380564,Non DG,Un Guarded
N-5557,North II,33.30391,71.00101,DG,Guarded
15-SU-HYD-635-1124,South II,25.357661,68.380564,Non DG,Un Guarded
4313,Central II,32.67817,71.27868,Non DG,Un Guarded
6588,South I,24.92964,66.97199,Non DG,Guarded
9254,South I,24.84075,67.17569,Non DG,Guarded
35-SU-HYD-Indus680,South II,25.357661,68.380564,Non DG,Un Guarded
CI-1727,Central I,31.39966,74.229262,Non DG,Un Guarded
35-SU-HYD-Tower679,South II,25.357661,68.380564,Non DG,Un Guarded
CI-1670,Central I,31.70427,74.01131,Non DG,Un Guarded
1201-PTCL Transit Exchange Sukker,South II,27.7116453,68.8533509,Non DG,Un Guarded
3G-CII-3379,Central III,28.4055,70.3003,Non DG,Un Guarded
3713,North I,32.86599,73.80125,DG,Guarded
N-5540,North I,33.684117,73.020136,Non DG,Un Guarded
35-SU-SUK-9-1410,South II,27.7116453,68.8533509,Non DG,Un Guarded
5445,Central III,28.38093,70.39449,DG,Guarded
35-SU-SUK-9-1411,South II,27.7116453,68.8533509,Non DG,Un Guarded
35-SU-SUK-9-1412,South II,27.7116453,68.8533509,Non DG,Un Guarded
35-SU-SUK-9-1413,South II,27.7116453,68.8533509,Non DG,Un Guarded
N-5594,North II,33.42489,71.84934,DG,Guarded
1274,South II,27.10239,68.41698,DG,Un Guarded
5174,Central II,32.60477,72.2163,DG,Guarded
1221,South II,27.96121,68.63925,DG,Guarded
S-7024,South III,30.47605,66.5128,DG,Guarded
5290,Central III,30.18361,73.06659,DG,Guarded
N-4463,North II,34.97584,71.66884,Non DG,Un Guarded
S-7025,South III,30.71835,66.50502,DG,Guarded
1383,South III,30.23251,67.02069,Non DG,Un Guarded
9105,South I,24.8541,67.07474,Non DG,Un Guarded
S-7029,South III,31.03202,66.844,DG,Guarded
CI-1094,Central I,32.63758,74.2065,Non DG,Un Guarded
6143,South I,24.8637,67.07361,Non DG,Un Guarded
4647,Central III,29.51796,71.63351,Non DG,Un Guarded
S-7031,South III,30.96356,66.81891,DG,Guarded
1415,South III,30.16024,67.01445,DG,Guarded
7445,Central I,31.57545,74.31062,Non DG,Un Guarded
CI-1042,Central I,32.02474,74.78457,Non DG,Un Guarded
DTE Saidu Sharif,North II,34.767414,72.359657,Non DG,Un Guarded
1522,Central III,28.31288,70.11759,DG,Guarded
6505,South I,25.04375,66.86512,DG,Guarded
PTCL Topi,North II,34.0666238,72.615547,Non DG,Un Guarded
N-5595,North II,33.38331,71.60944,DG,Guarded
1606,South II,26.23683,68.40742,DG,Un Guarded
CI-1635,Central I,31.52867,74.32122,Non DG,Un Guarded
PTCL Swabi,North II,34.127655,72.469474,Non DG,Un Guarded
2182,North II,34.0214,71.56709,DG,Guarded
CI-1748,Central I,31.50404,74.35266,Non DG,Un Guarded
1403,South III,30.22053,67.00258,DG,Guarded
PTCL Khar Bajaour,North II,34.72689,71.50943,Non DG,Un Guarded
4300,Central II,32.57744,71.53145,DG,Un Guarded
1420,South III,30.202,67.01464,DG,Un Guarded
N-5585,North II,33.55163,71.26053,DG,Guarded
3816,Central I,31.91404,73.45393,DG,Guarded
CI-1063,Central I,31.68256,74.33131,Non DG,Un Guarded
5128,Central II,31.82393,70.87739,DG,Guarded
N-5057,North I,33.60326,72.87434,Non DG,Un Guarded
CI-1742,Central I,32.48978,74.32883,Non DG,Un Guarded
N-4427,North I,34.47325,73.27287,DG,Guarded
WH.Mandi,Central I,32.570579,73.48025,Non DG,Un Guarded
WH.MardanKPK,North II,34.1921865,72.0163406,Non DG,Un Guarded
WH.RahimYar Khan,Central III,28.429763,70.311886,Non DG,Un Guarded
S-3711,South III,26.94898,66.33498,DG,Guarded
WH.S3.Quatta,South III,30.215098,66.9870413,Non DG,Un Guarded
3G-CI-4147,Central I,31.4745,74.3451,Non DG,Un Guarded
1374,South II,27.58318,68.86366,DG,Un Guarded
WH.Toba tek singh,Central II,30.964849,72.484666,Non DG,Un Guarded
7201,Central I,31.58437,74.34901,DG,Un Guarded
2894,North II,34.73795,72.68222,Non DG,Un Guarded
5863,Central III,30.29929,71.93974,Non DG,Un Guarded
5623,Central II,32.06938,72.7048,Non DG,Un Guarded
6885,Central II,31.41809,73.07599,Non DG,Un Guarded
N-5582,North II,33.73616,71.68142,DG,Guarded
N-5624,North II,33.27979,71.17978,DG,Guarded
4974,Central III,30.02539,70.61338,DG,Guarded
3G-CI-4484,Central I,32.5283,74.373,Non DG,Un Guarded
2505,North I,33.0595,73.48005,DG,Guarded
N-5633,North II,33.31146,70.90396,DG,Guarded
S-3852,South III,26.65289,65.69839,DG,Guarded
S-3904,South III,26.5901,67.0638,DG,Guarded
4178,Central III,29.255083,71.730861,Non DG,Un Guarded
1204,South II,27.689166667,68.856111111,Non DG,Guarded
S-3855,South III,26.75841,65.70889,DG,Guarded
CI-1027,Central I,31.53267,74.54041,Non DG,Un Guarded
S-3934,South III,30.6636,67.8914,DG,Guarded
9099,South I,24.91709,67.03339,Non DG,Un Guarded
1696,South II,25.7381,68.95917,Non DG,Un Guarded
9237,South I,24.96847,67.04932,DG,Un Guarded
N-4266,North II,33.55335,71.39329,DG,Guarded
1607,South II,27.2981,68.99239,DG,Guarded
6862,Central III,30.32233,70.54268,Non DG,Un Guarded
8121,North I,33.76952,73.06056,DG,Guarded
CII-2133,Central III,30.05626,71.16442,DG,Un Guarded
1597,South II,26.84544,68.12626,DG,Guarded
5145,Central II,32.10589,70.97059,DG,Guarded
8263,North I,33.55691,73.09931,Non DG,Guarded
4248,Central II,30.75487,72.257,Non DG,Un Guarded
5612,Central II,32.09973,72.66795,Non DG,Un Guarded
7610,Central I,31.306109,74.05208,Non DG,Un Guarded
2225,North I,32.92646,72.84261,DG,Guarded
9444,South I,24.85597,67.13673,Non DG,Guarded
7027,Central I,31.4886,74.3276,DG,Guarded
S-4538,South I,25.01164,67.06757,Non DG,Un Guarded
CI-1078,Central I,32.16486,74.16786,Non DG,Un Guarded
1864,South III,26.460083,65.23496,DG,Guarded
N-4126,North I,33.58708,72.71472,Non DG,Un Guarded
2978,North I,33.46223,72.50934,DG,Guarded
6850,Central II,30.66356,73.10773,Non DG,Un Guarded
USLZ07,South III,29.3021,66.89185,DG,Guarded
USLZ06,South III,28.90755,66.94664,DG,Guarded
1954,South II,26.96074,67.690713,Non DG,Un Guarded
CI-1600,Central I,31.46162,74.43295,Non DG,Un Guarded
1907,South III,25.30787,63.33231,DG,Guarded
S-7576,South III,28.8397,67.4332,Non DG,Un Guarded
2004,North I,33.72714,73.12114,Non DG,Un Guarded
9140,South I,24.9018,66.97442,DG,Guarded
1919,South I,24.88537,67.05173,DG,Un Guarded
9208,South I,24.95606,66.92985,DG,Guarded
8641,North II,34.08848,72.48115,Non DG,Un Guarded
4493,Central II,31.38604,71.44414,DG,Guarded
S-7830,South III,30.1544,66.94688,Non DG,Un Guarded
3G-CI-1005,Central I,32.10848,74.183853,Non DG,Un Guarded
S-3522,South III,31.20985,69.13802,DG,Guarded
2184,North II,33.99338,71.411,DG,Guarded
2918,North II,34.16698,71.75089,Non DG,Un Guarded
4250,Central II,30.83419,71.90425,DG,Guarded
1636,South II,27.9233,69.19602,Non DG,Guarded
3507,Central I,31.7344,73.89929,DG,Guarded
CII-2654,Central III,28.45373,70.32783,DG,Un Guarded
S-4157,South I,24.86705,67.19442,Non DG,Un Guarded
7016,Central I,31.50218,74.28167,Non DG,Un Guarded
7516,Central I,31.56377,74.31914,Non DG,Un Guarded
3764,Central I,32.40026,74.8374,Non DG,Un Guarded
2730,North I,33.93961,73.31231,Non DG,Un Guarded
CII-2565,Central II,30.82505,72.8106,Non DG,Guarded
3446,Central I,32.26632,74.66383,DG,Guarded
1587,South II,28.43758,69.58695,DG,Guarded
1054,South I,24.874277778,67.061638889,DG,Guarded
N-4219,North I,33.75612,73.86836,DG,Guarded
7866,Central I,32.60918,74.14589,DG,Guarded
CI-1969,Central I,32.18989,74.14478,Non DG,Un Guarded
CI-1913,Central I,31.31354,74.21907,Non DG,Un Guarded
CI-1929,Central I,32.6262,74.08159,Non DG,Un Guarded
CI-1953,Central I,32.46762,74.49953,Non DG,Un Guarded
CI-1928,Central I,32.61549,74.05138,Non DG,Un Guarded
CII-2874,Central II,32.04936,72.6353,Non DG,Un Guarded
CI-1970,Central I,32.19997,74.19543,Non DG,Un Guarded
CI-1851,Central I,31.44184,74.43053,Non DG,Un Guarded
CI-1952,Central I,32.43276,74.55617,Non DG,Un Guarded
CI-1960,Central I,32.47471,74.53778,Non DG,Un Guarded
CI-1848,Central I,31.36689,74.16422,Non DG,Un Guarded
CI-1908,Central I,31.42045,74.15858,Non DG,Un Guarded
4686,Central II,30.73115,72.6372,DG,Un Guarded
1272,South II,27.80146,68.40399,DG,Guarded
2948,North II,34.98808,72.74979,DG,Guarded
2958,North II,34.24971,72.03606,DG,Guarded
5858,Central III,30.17857,71.49868,Non DG,Un Guarded
N-4397,North I,32.7271,72.92351,Non DG,Un Guarded
N-4862,North I,33.48577,73.2238,Non DG,Un Guarded
N-5293,North I,33.68143,72.81901,Non DG,Un Guarded
CII-2889,Central III,30.19988,71.55401,Non DG,Un Guarded
N-4503,North I,33.03852,73.60485,Non DG,Un Guarded
N-4596,North I,33.63576,73.1421,Non DG,Un Guarded
N-4566,North I,33.06137,73.65669,Non DG,Un Guarded
CII-2252,Central III,30.02863,70.62299,DG,Un Guarded
N-4509,North I,33.04095,73.65722,Non DG,Un Guarded
1186,South II,25.92547,68.62538,DG,Guarded
S-3508,South III,30.20367,67.00921,Non DG,Un Guarded
URGR46,South III,27.67941,66.8934,DG,Guarded
S-7426,South III,30.413055,68.958965,DG,Guarded
N-4092,North I,33.64923,73.09629,Non DG,Un Guarded
N-5433,North I,33.60374,73.01273,Non DG,Un Guarded
N-4231,North I,33.5025,73.1634,Non DG,Un Guarded
N-4902,North I,33.911141,72.844324,Non DG,Un Guarded
N-4704,North II,33.5678,71.3224,DG,Guarded
S-3791,South III,27.94345,63.41722,DG,Guarded
N-4533,North I,33.12839,72.96779,Non DG,Un Guarded
N-4859,North I,33.29934,72.90283,Non DG,Un Guarded
N-4855,North I,33.47283,73.07051,Non DG,Un Guarded
CII-2329,Central II,31.690107216,73.198114416,Non DG,Un Guarded
S-3307,South I,24.8569,67.29066,Non DG,Un Guarded
S-3031,South I,25.00185,67.13199,Non DG,Un Guarded
S-7464,South I,24.815585,67.268813,Non DG,Un Guarded
S-3303,South I,24.9781,67.21265,Non DG,Un Guarded
6934,Central II,31.165714,72.097365,Non DG,Un Guarded
S-7474,South I,24.9779,67.11069,Non DG,Un Guarded
6936,Central III,30.26828,70.69518,DG,Un Guarded
2522,North I,33.2141,72.42696,DG,Un Guarded
S-3273,South I,24.85931,66.97742,Non DG,Un Guarded
4564,Central III,30.24941,72.92247,DG,Guarded
S-3289,South I,24.84804,67.31272,Non DG,Un Guarded
S-3304,South I,24.8529,67.3315,Non DG,Un Guarded
S-3312,South I,24.85359,67.3613,Non DG,Un Guarded
9972,South II,26.83821,68.11797,DG,Guarded
S-3057,South II,28.3733,68.35452,Non DG,Un Guarded
6708,North II,34.15098,71.75711,DG,Guarded
NO-MNS-15-PSTN,North I,34.333346,73.20507,Non DG,Un Guarded
NO-MNS-15-BSC,North I,34.333346,73.20507,Non DG,Un Guarded
S-3012,South I,24.99179,66.9015,Non DG,Un Guarded
9321,South I,24.85822,67.01378,DG,Un Guarded
CI-1353,Central I,32.58082,74.51014,Non DG,Un Guarded
S-7440,South III,27.80559,66.61375,Non DG,Un Guarded
S-7484,South III,30.25618,67.02386,Non DG,Un Guarded
S-3252,South III,30.0934,66.98788,Non DG,Un Guarded
8963,North I,33.2433,73.62869,DG,Guarded
CII-2137,Central III,30.05253,71.41246,Non DG,Un Guarded
N-4693,North I,34.3952,72.94589,Non DG,Un Guarded
CI-1673,Central I,31.70502,73.99921,Non DG,Un Guarded
NO-PSH-35-2000-1(Kohat BSC04 aters),North II,34.012026,71.56674,Non DG,Un Guarded
2458,North II,34.07487,71.5951,DG,Guarded
NO-PSH-35-700,North II,34.012026,71.56674,Non DG,Un Guarded
N-4435,North II,34.47054,72.47518,DG,Guarded
4257,Central III,28.86277,70.75292,Non DG,Un Guarded
CI-1609,Central I,31.54083,74.37682,Non DG,Un Guarded
7225,Central I,31.58162,74.39006,DG,Guarded
2231,North I,32.94416,72.84012,DG,Guarded
N-4678,North II,33.87169,71.53504,Non DG,Un Guarded
N-4580,North II,33.18166,71.23345,Non DG,Un Guarded
6539,South II,27.5463,68.19614,Non DG,Un Guarded
N-4385,North II,34.04291,71.6835,Non DG,Un Guarded
UKTR19,South III,28.78761,66.73867,DG,Guarded
N-4571,North II,32.94693,70.78162,Non DG,Un Guarded
N-4620,North II,34.24899,71.58845,Non DG,Un Guarded
N-5814,North II,34.050922,71.858453,Non DG,Un Guarded
N-4317,North II,34.02859,71.33656,Non DG,Un Guarded
5245,Central III,30.04646,72.19745,Non DG,Un Guarded
S-3238,South III,27.81961,66.59476,DG,Guarded
6997,Central III,30.29118,71.78591,Non DG,Guarded
5091,Central III,31.10952,70.65073,DG,Guarded
9729,South II,28.55431,68.21618,DG,Guarded
8936,North I,34.01719,73.77192,DG,Guarded
4331,Central II,31.74189,70.33221,DG,Un Guarded
2689,North I,33.53421,72.19434,DG,Guarded
KHI-S9303-A2,South I,24.865232,67.064769,Non DG,Un Guarded
KHI-NE40-X3,South I,24.865232,67.064769,Non DG,Un Guarded
3786,Central I,32.66767,73.55171,DG,Guarded
4115,Central III,30.18572,71.48377,DG,Un Guarded
KHI-S9303-A1,South I,24.865232,67.064769,Non DG,Un Guarded
CI-1345,Central I,32.59904,74.54589,DG,Un Guarded
KHI-NE40E-X8-A2,South I,24.865232,67.064769,Non DG,Un Guarded
KHI-NE40E-X8-A1,South I,24.865232,67.064769,Non DG,Un Guarded
9474,South I,24.82268,67.17873,DG,Guarded
KHI-S6502-B2,South I,24.885559,67.167701,Non DG,Un Guarded
RR02,South III,28.91232,61.69139,DG,Un Guarded
4677,Central II,30.77029,72.43059,Non DG,Un Guarded
KHI-NE40-X3-A2,South I,24.865232,67.064769,Non DG,Un Guarded
KHI-NE40-X3-A1,South I,24.865232,67.064769,Non DG,Un Guarded
KHI-S6502-A4,South I,24.865232,67.064769,Non DG,Un Guarded
KHI-S6502-A3,South I,24.865232,67.064769,Non DG,Un Guarded
2441,North I,33.7692,72.84389,DG,Guarded
CII-2210,Central III,30.232611,71.521016,Non DG,Un Guarded
1347,South II,24.73539,69.79297,Non DG,Un Guarded
KHI-S6502-B1,South I,24.885559,67.167701,Non DG,Un Guarded
CII-2299,Central III,29.10852,70.32705,Non DG,Un Guarded
CI-1388,Central I,31.36093,74.20957,Non DG,Un Guarded
KHI-NE08E-A2,South I,24.865232,67.064769,Non DG,Un Guarded
KHI-NE08E-A1,South I,24.865232,67.064769,Non DG,Un Guarded
4580,Central III,29.61182,73.14,DG,Un Guarded
1264,South II,27.56819,68.2105,DG,Guarded
KHI RNC01,South I,24.865518,67.064446,Non DG,Un Guarded
9435,South I,24.90946,67.0427,DG,Guarded
8100,North I,33.35504,72.92989,DG,Guarded
6889,Central III,29.89725,72.55782,DG,Un Guarded
9780,South II,28.30745,69.42257,DG,Guarded
1049,South I,24.883666667,67.083416667,DG,Guarded
2783,North I,34.30258,73.21742,DG,Guarded
7105,Central I,31.52095,74.34175,DG,Guarded
2807,North I,33.99232,72.95336,DG,Un Guarded
9014,South I,24.93515,67.09986,DG,Un Guarded
8691,North II,34.33815,71.84961,Non DG,Un Guarded
S-3212,South III,30.23162,66.94093,Non DG,Un Guarded
1434,South III,30.2029,66.9791,DG,Guarded
6045,South I,24.85297,67.00169,Non DG,Un Guarded
N-4198,North II,34.398665,72.064666,Non DG,Un Guarded
CII-2129,Central III,29.86233,71.75907,DG,Guarded
2177,North II,33.98708,71.56289,DG,Guarded
9044,South I,24.82997,67.0692,Non DG,Un Guarded
8147,North I,33.61533,73.05523,DG,Guarded
CII-2249,Central III,30.02966,70.63595,Non DG,Guarded
5160,Central II,32.4087,71.53659,DG,Guarded
N-3406,North II,34.45081,71.30428,DG,Guarded
5820,Central II,30.80959,73.4438,Non DG,Un Guarded
2171,North II,34.04978,71.45974,DG,Guarded
N-4687,North II,34.075212,71.480702,DG,Guarded
4817,Central II,31.34656,72.82823,DG,Guarded
9523,South I,24.88458,66.98316,Non DG,Un Guarded
9095,South I,24.89954,67.05533,DG,Un Guarded
9215,South I,24.90352,67.05433,DG,Un Guarded
N-4337,North I,33.55811,73.01421,Non DG,Un Guarded
4214,Central II,31.20535,72.5112,Non DG,Un Guarded
3022,Central I,31.30141,74.22342,DG,Guarded
3198,Central I,31.54461,74.27258,Non DG,Un Guarded
4699,Central II,30.45306,73.69463,DG,Un Guarded
5408,Central II,31.71688,72.71519,DG,Guarded
8101,North I,33.47699,73.03391,DG,Guarded
1033,South I,24.937472222,67.15,DG,Guarded
8851,North I,33.90785,72.49286,Non DG,Un Guarded
7250,Central I,31.55537,74.36271,DG,Un Guarded
CII-2118,Central III,30.00151,72.2819,Non DG,Un Guarded
CII-2842,Central II,31.815,70.8624,DG,Un Guarded
1663,South III,29.56007,67.87741,Non DG,Un Guarded
CII-2625,Central II,31.45433,73.07659,DG,Guarded
4872,Central III,29.10839,70.91116,DG,Guarded
2230,North I,32.92812,72.85442,Non DG,Un Guarded
CII-2322,Central II,31.50264,72.9175,Non DG,Un Guarded
2634,North II,33.01049,70.62896,Non DG,Un Guarded
8795,North I,34.34687,73.48323,Non DG,Un Guarded
7772,Central I,32.4885,74.5357,Non DG,Un Guarded
N-5502,North I,32.65254,72.651949,DG,Guarded
2607,North I,33.39582,72.82226,DG,Guarded
5714,Central III,30.9651,70.96178,Non DG,Un Guarded
2164,North II,33.97293,71.44906,DG,Un Guarded
1080,South I,24.800694444,67.07375,DG,Guarded
4270,Central III,28.80202,70.53175,DG,Guarded
2139,North II,33.99111,71.50401,Non DG,Guarded
9066,South I,24.84183,67.15236,Non DG,Guarded
2582,North I,33.02098,72.76247,DG,Guarded
4514,Central II,30.80229,73.46529,DG,Un Guarded
6250,South I,24.83276,67.21917,DG,Guarded
1732,South II,25.28811,69.25442,DG,Guarded
5462,Central II,31.78428,73.43832,DG,Guarded
4373,Central II,32.17783,72.80701,DG,Guarded
3487,Central I,32.107051,74.871257,Non DG,Un Guarded
6674,North II,32.98422,70.59071,DG,Guarded
3873,Central I,32.53226,73.15309,Non DG,Un Guarded
4904,Central III,30.94785,71.29928,Non DG,Guarded
S-3597,South III,30.09188,69.08169,DG,Guarded
3080,Central I,31.50163,74.26588,DG,Guarded
CI-1013,Central I,31.62813,74.30039,Non DG,Un Guarded
4847,Central III,29.56063,70.37412,Non DG,Un Guarded
2638,North I,34.5974,73.05643,DG,Guarded
3129,Central I,31.42634,74.26712,Non DG,Un Guarded
4010,Central II,31.38402,73.06588,DG,Guarded
CII-2055,Central III,29.683505,70.604043,Non DG,Un Guarded
9681,South I,24.8699,67.1022,Non DG,Un Guarded
1962,South II,27.96514,68.63007,DG,Guarded
8895,North I,33.16754,73.87634,DG,Guarded
N-4765,North II,32.97437,70.62309,DG,Guarded
1137,South II,25.369621,68.341421,DG,Guarded
6612,North II,33.01044,70.68668,Non DG,Un Guarded
7155,Central I,31.46571,74.40639,Non DG,Un Guarded
5030,Central III,29.85819,71.53482,Non DG,Un Guarded
4304,Central II,32.87001,71.56829,DG,Guarded
4046,Central II,31.39724,73.07417,DG,Guarded
1837,South III,28.74351,63.84721,DG,Guarded
4236,Central II,31.30396,72.325,Non DG,Un Guarded
S-3192,South II,25.42645,68.28127,Non DG,Un Guarded
3017,Central I,31.55174,74.33738,DG,Guarded
S-7412,South I,24.840568,67.236911,Non DG,Un Guarded
9486,South I,24.83756,67.21751,Non DG,Guarded
6571,South I,24.91007,67.11965,Non DG,Un Guarded
N-4099,North II,34.17189,71.76608,Non DG,Un Guarded
1936,South II,28.293871,68.200905,DG,Guarded
2721,North I,33.90786,73.40027,Non DG,Un Guarded
5178,Central II,32.74593,71.50939,Non DG,Un Guarded
4366,Central II,32.44979,71.4739,DG,Un Guarded
2749,North I,34.45494,73.13924,DG,Guarded
3190,Central I,31.471,74.2603,Non DG,Un Guarded
HSS Rack 1-2 and 3,North I,33.6612451,73.0493425,Non DG,Un Guarded
S9303(RNC)-A1-A2 & S9303 (IUB)-A1-A2 and Test A1,North I,33.6612451,73.0493425,Non DG,Un Guarded
HSS Rack 4-6 and 7,North I,33.6612451,73.0493425,Non DG,Un Guarded
2963,North II,34.11044,71.91405,DG,Guarded
S9306 A3-A4 and A1-A2,North I,33.584472,71.45211,Non DG,Un Guarded
5628,Central III,28.91775,70.26833,DG,Guarded
4840,Central III,29.10535,70.33714,DG,Guarded
1865,South III,26.96354,64.10129,DG,Guarded
6687,North I,33.78036,72.36412,DG,Guarded
N-4182,North II,34.61258,71.90546,Non DG,Un Guarded
9264,South I,24.92197,67.00133,DG,Guarded
7067,Central I,31.5702,74.31152,Non DG,Un Guarded
7034,Central I,31.57645,74.31023,DG,Guarded
9399,South I,24.81859,67.16736,DG,Guarded
5344,Central II,30.86863,72.35078,DG,Guarded
4343,Central II,31.61542,71.05901,DG,Un Guarded
4748,Central II,31.57753,72.66701,DG,Guarded
6676,North I,34.01779,72.91683,DG,Un Guarded
S-3181,South II,27.9999,69.30765,Non DG,Un Guarded
5232,Central III,29.73849,72.72491,Non DG,Guarded
CII-2224,Central II,31.57359,73.47809,Non DG,Un Guarded
N-5151,North II,33.98133,71.48822,DG,Un Guarded
S-3703,South III,26.32136,67.0307,DG,Guarded
5440,Central III,29.47388,70.50724,DG,Guarded
CI-1008,Central I,32.16367,74.23142,Non DG,Un Guarded
USBR29,South III,29.99096,68.07211,DG,Guarded
8759,North I,34.066425,73.617486,Non DG,Un Guarded
1215,South II,27.7062,68.85756,DG,Guarded
5739,Central III,30.20447,71.46285,Non DG,Un Guarded
4694,Central II,30.66442,73.59628,DG,Guarded
3106,Central I,31.5672,74.3229,Non DG,Un Guarded
9905,South II,25.62575,69.42166,DG,Guarded
S-7825,South III,25.976855,63.060748,Non DG,Un Guarded
4589,Central III,29.68987,72.53816,Non DG,Guarded
S-7309,South I,24.78453,67.0501,Non DG,Un Guarded
4209,Central II,31.22975,72.43441,Non DG,Un Guarded
9368,South I,24.91866,67.07054,DG,Guarded
3471,Central I,32.26006,74.396,DG,Guarded
N-4145,North II,33.35404,70.76602,DG,Guarded
9065,South I,24.91961,67.13444,Non DG,Guarded
1289,South II,26.82827,67.47484,Non DG,Guarded
9463,South I,24.82149,66.98335,DG,Guarded
S-3645,South III,28.95649,66.72625,DG,Guarded
2276,North I,32.94037,72.68514,DG,Guarded
4742,Central II,31.03726,73.14012,DG,Guarded
9218,South I,24.85936,67.33477,DG,Guarded
4125,Central III,30.1965,71.50929,DG,Guarded
CI-1648,Central I,31.52377,74.30701,Non DG,Un Guarded
6691,North I,32.71348,72.61502,DG,Guarded
CI-1024,Central I,32.1437,74.15703,Non DG,Un Guarded
8525,North II,34.02915,71.61048,Non DG,Un Guarded
5860,Central III,28.63882,70.64404,Non DG,Un Guarded
8151,North I,33.68077,73.27997,DG,Guarded
3025,Central I,31.57966,74.30107,DG,Guarded
N-5912,North II,33.9707,71.5627,Non DG,Un Guarded
4199,Central III,29.91404,71.16078,Non DG,Un Guarded
1664,South II,26.7259,67.7844,Non DG,Un Guarded
9332,South I,24.86832,67.0394,Non DG,Un Guarded
4079,Central II,31.37415,73.12896,Non DG,Un Guarded
7304,Central I,31.42836,74.34829,DG,Guarded
6383,South I,24.85213,67.11353,Non DG,Guarded
8541,North II,32.98426,70.59644,DG,Guarded
1728,South II,25.14653,68.94869,Non DG,Un Guarded
3762,Central I,30.90462,74.14082,DG,Guarded
CI-1711,Central I,31.454548,74.25972,Non DG,Un Guarded
CI-1316,Central I,31.35712,74.06235,DG,Guarded
3180,Central I,31.58369,74.41119,Non DG,Un Guarded
2513,North I,33.49634,73.19298,DG,Un Guarded
